뉴스 식별자,일자,언론사,기고자,제목,통합 분류1,통합 분류2,통합 분류3,사건/사고 분류1,사건/사고 분류2,사건/사고 분류3,인물,위치,기관,키워드,특성추출(가중치순 상위 50개),본문,URL,분석제외 여부
01101001.20250314182008001,20250314,한겨레,한겨레,"[사설] ‘명태균 특검법’ 거부한 최상목, 자신의 위헌행위는 안 보고 위헌 핑계대나",사회>사건_사고, 정치>행정_자치, 정치>청와대,,,,"명태균씨,명태균 특검법,윤석열,김건희,마은혁,최,박주민,최상목,명태균",,"정부,조사위원회,검찰,헌법재판소,더불어민주당,창원지검,국회,국민의힘","명태균,특검법,거부,최상목,자신,위헌행위,위헌,핑계,대나,권한대행,최상목,대통령,권한,대행,명태균씨,정치,브로커,명태균,선거,국정,개입,의혹,규명,명태균,특검법,위헌,요소,재의요구권,거부권,행사,헌법,수호,책임,운운,임명,마은혁,헌법,재판관,정면,헌법,위반,대행,이날,거부,행사,명태균,특검법,지난달,주도,국회,통과,명씨,대선,포함,각종,선거,불법,허위,여론조사,선거,개입,여론조사,정치인,무상,제공,공천,개입,의혹,부부,윤석열,대통령,친분,이용,정부,지방자치단체,인사,정책,결정,개입,혐의,제기,상태,대통령,공천,개입,민간인,김건희,여사,국정,농단,의혹,수사,대상,대행,이날,거부,행사,사유,특검법,위헌,소지,언급,특검법,국민,대선,경선,총선,제기,각종,의혹,수사,사건,수사,규정,수사,대상,범위,헌법상,원칙,비례,원칙,훼손,기간,규정,특검,수사,기간,공소,시효,정지,진행,재판,권한,공소,유지,헌법,적법,절차,주의,위배,대통령,2명,1명,특검,후보자,임명,임명,연장자,자동,임명,규정,대통령,임명권,침해,소지,헌법,권력,분립,원칙,위반,수사,사건,수사,특검,최순실,국정,농단,과거,특검,시행,공소,시효,정지,공소,유지,권한,위헌,지적,의원,더불어민주당,세월,참사,기간,공소시효,조사,위원회,활동,기간,공소,시효,정지,수사,지연,처벌,회피,조치,반박,대행,주장,대통령,임명,침해,주장,대통령,임명,대비,보완,조항,헌법,재판관,임명,본인,행태,자초,명태균,특검법,추진,명씨,부부,대통령,검찰,수사,대행,검찰,수사,진행,특검,중복,수사,주장,창원지검,수사보고서,명태균,수사,보고서,작성,김건희,여사,정치인들,연루,의혹,연일,공개,검찰,외면,검찰,고의,수사,회피,논란,독립적,중립적,특검,제기,수사,검찰,주장,헌법재판소,지난달,헌법,재판소,대행,마은혁,재판관,임명,헌법,위반,결정,재판관,임명,헌법,위반,특검법,위헌성,언급,자체,가소,대행,자신,위헌,행위,수사,국민,의혹,방해,죗값","특검법,명태균,헌법상,마은혁,최상목,재판관,명씨,정치인,공소시효,최순실","최상목 대통령 권한대행이 14일 정치브로커 명태균씨의 선거 국정 개입 의혹을 규명할 ‘명태균 특검법’에 위헌적 요소가 있다며 재의요구권(거부권)을 행사했다. 헌법 수호의 책임을 운운하고 있지만, 마은혁 헌법재판관 임명을 뭉개며 정면으로 헌법을 위반하고 있는 그가 입에 올릴 말이 아니다.
최 대행이 이날 거부권을 행사한 ‘명태균 특검법’은 지난달 27일 ..",http://www.hani.co.kr/arti/opinion/editorial/1187082.html,
01100901.20250314003538001,20250314,중앙일보,,[사설] 탄핵소추 8전8패 민주당 정치적 책임 져야,정치>행정_자치, 정치>청와대, 정치>국회_정당,,,,"이창수,최재훈,이,진영,윤석열,최재해","서해 공무원 피살사건,월성,한국,비상계엄,수권,이태원","감사원장,민주당,정부,헌법재판소,조상원,시시비비,헌재,국회,감사원,중앙지검,서울중앙지검","탄핵,소추,민주당,져야,정치,책임,법리,뒷전,정략,의도,횡포,다수,의석,정부,핵심,조직,마비,사과,반성,민주당,최재해,감사원장,이창수,서울,중앙지검장,4차장,조상원,중앙,지검,최재훈,부패,부장,탄핵소추,헌법재판소,기각,4건,만장일치,헌법,재판관,기각,지난달,헌재,원장,변론,차례,종결,지검장,검사,변론,차례,결과,예상,가능,탄핵,공직자,중대,헌법,법률,위반,확인,가능,민주당,자신들,정치,요구,억지,혐의,무더기,탄핵,애초,헌법재판관들,차례,변론,법리상,헌재,대통령실,관저,부실,감사,전현희,피살사건,국민,권익,위원장,표적,감사,서해,공무원,피살,사건,이태원,참사,위법행위,월성원전,감사,위법,행위,민주당,탄핵소추안,원장,탄핵,소추,기재,수사,김건희,여사,주가,조작,의혹,지검장,유포,수사,재량,남용,허위,사실,혐의,배척,민주당,출범,윤석열,정부,29건,탄핵소추안,발의,그중,국회,강행,처리,8건,탄핵안,기각,해석,뒷전,정략,의도,의석,국회,다수,횡포,비판,최재해,원장,이창수,지검장,탄핵안,국회,본회의,보고,윤석열,대통령,비상계엄,선포,단초,제공,사건,비상계엄,옹호,한국,정치,지경,탄핵,자행,민주당,책임,민주당,감사원,서울중앙지검,조직,정부,핵심,마비,사과,유감,표명,후안무치,태도,민주당,수권,정당,입증,반성,성찰,필수적,민주당,줄탄핵,탄핵안,국회,통과,직무,정지,허점,헌법,당장,개헌,부작용,최소화,탄핵심판,최대,진행,보완책,마련,헌재,판결,만장일치,재판관들,성향,차이,시시비비,사안,진영,논리,법리,결과,판결,탄핵,대통령,연결,무리,헌재,대통령,탄핵,선고,국민,승복,법리,충실,판결","민주당,지검장,이창수,재판관,만장일치,윤석열,조상원,전현희,비상계엄,탄핵안,최재해,탄핵소추안,최재훈,공무원,그중,월성원전,서해,김건희,뒷전,탄핵소추","━
 법리는 뒷전, 정략적 의도로 다수 의석 횡포 
 
 ━
 정부 핵심 조직 마비시키고 사과 반성 없어 
 지난해 12월 5일 민주당이 밀어붙인 최재해 감사원장과 이창수 서울중앙지검장, 조상원 중앙지검 4차장, 최재훈 반부패2부장에 대한 탄핵소추가 어제 헌법재판소에서 모조리 기각됐다. 그것도 4건 모두 헌법재판관 8명 만장일치의 기각이었다. 지난달 헌..",https://www.joongang.co.kr/article/25320558,
01100801.20250314003140001,20250314,조선일보,조선일보,"[사설] 정략 탄핵 전부 기각, 이 대표 국민에게 사과하라",정치>행정_자치, 정치>청와대, 정치>국회_정당,,,,"이창수,이재명,김건희,최재해","서해,장악,대장동","감사원장,민주당,정부,헌법재판소,국민권익위,감사원,헌재,국회,서울중앙지검,선관위","정략,탄핵,기각,대표,국민,사과,헌법재판소,감사원장,최재해,이창수,서울,중앙지검장,검사,탄핵안,의견,전원,일치,기각,민주당,4명,탄핵,소추,발의,비상계엄,사태,빌미,원장,98일,직무,복귀,민주당,감사원,사드,배치,피살,서해,공무원,국민,권익,위원장,감사,위법,시절,민주당,정권,부정,비리,감사,감사원장,헌정,사상,탄핵,소추,직무,정지,헌재,위법,근거,민주당,선관위,채용,비리,감사,감사원,적발,선관위,비리,878건,자녀,선관위,간부,친인척들,특혜,채용,사실,감사,탄핵,보복,서울중앙지검,검사,탄핵,소추,김건희,여사,수사,수사,비판,탄핵,소추,중대,위법,행위,정략,탄핵,소추,서울중앙지검,선고,항소심,예정,이재명,대표,사건,선거법,위반,대장동,사건,수사,검사,탄핵,진짜,목적,대표,방탄,민주당,윤석열,정부,발의,탄핵,소추,29건,역사,전무후무,세계,심우정,검찰,총장,탄핵,29건,13건,국회,일방,처리,이날,선고,전원,공직자,기각,결정,국회,탄핵,소추,통과,공직자,직무,정지,이틀,근무,탄핵,소추,이진숙,방통위원장,174일,직무,배제,야당,정부,견제,수준,국회,장악,정부,무시,국정,방해,국헌,문란,이재명,대표,줄탄핵,내란,지적,생각,테두리,헌법,질서,허용,권력,행사,정도,헌법,기본,질서,거짓,고소,고발,무고죄,거짓,업무,방해,업무방해죄,세금,낭비,국고손실죄,적용,범죄,민주당,탄핵,정략,무더기,실질적,범죄,공직자들,장기간,업무,탄핵,소추,변호사,비용,국민,세금,낭비,민주당,상응,대가,대표,국민,사과","민주당,공직자,선관위,서울중앙지검,감사원장,29건,감사원,심우정,이창수,서해,공무원,이재명,최재해,항소심,선거법","헌법재판소가 13일 최재해 감사원장과 이창수 서울중앙지검장 등 검사 3명에 대한 탄핵안을 전원 일치 의견으로 기각했다. 민주당이 이 4명에 대한 탄핵 소추를 발의한 것이 작년 12월 2일인데 다음 날 비상계엄 사태의 한 빌미가 됐다. 최 원장 등은 98일 만에 직무에 복귀했다. 
 
민주당은 감사원의 사드 배치, 서해 공무원 피살, 국민권익위원장 감사 ..",https://www.chosun.com/opinion/editorial/2025/03/14/IY5WMP6QFFADDH5U7T27BCF3XU/?utm_source=bigkinds&utm_medium=original&utm_campaign=news,
01101101.20250314001026001,20250314,한국일보,,[사설] 탄핵 줄기각 민주당은 '정치 탄핵' 멈춰야,정치>행정_자치, 정치>청와대, 정치>국회_정당,,,,"이창수,이,심우정,검찰총장,김건희,마은혁,최상목,최재해",,"감사원장,민주당,정부,헌법재판소,방송통신위,국민권익위,더불어민주당,국회,헌재,도이치모터스,서울중앙지검,국민의힘","탄핵,줄기각,민주당,정치,탄핵,헌법재판소,감사원장,최재해,이창수,서울,중앙지검장,검사,국회,탄핵소추,기각,결정,재판관,전원,일치,더불어민주당,주도,탄핵소추,인용,예상,결과,헌재,원장,탄핵심판,부실,감사,대통령실,관저,사정도,표적,감사,전현희,국민권익위원장,단정,근거,판단,주심,위원,열람,감사보고서,시행,공표,행위,위반,파면,정도,중대,지검장,검사,도이치모터스,주가,조작,의혹,수사,여사,김건희,제3,장소,조사,경호,어려움,감안,남용,재량,여사,문자,메신저,증거,수집,수사,의문,지적,감사,부실,수사,의혹,해소,탄핵,소추,요건,스스로,민주당,민주당,출범,윤석열,정부,발의,탄핵소추안,29건,국회,본회의,가결,직무,정지,효력,발생,13건,8건,탄핵심판,기각,이진숙,방송통신,위원장,취임,상태,탄핵소추,민주당,마은혁,헌법,재판관,후보자,임명,권한대행,최상목,대통령,권한,대행,구속취소,대통령,구속,취소,즉시항고,포기,심우정,검찰,총장,탄핵소추,기각,탄핵,정치적,이용,연쇄탄핵병,비아냥,지지자들,대통령,지지자,기화,탄핵소추,대통령,탄핵,소추,기각,목청,경중,사안,억지,대통령,국민,자중,밑밥,민주당","민주당,탄핵소추,재판관,위원장,도이치모터스,마은혁,심우정,이창수,최재해,김건희,이진숙,탄핵심판,윤석열,후보자,최상목,즉시항고,연쇄탄,핵병,연쇄탄핵병,13건","헌법재판소가 어제 최재해 감사원장과 이창수 서울중앙지검장 등 검사 3명에 대한 국회의 탄핵소추를 모두 기각했다. 재판관 전원일치 결정이다. 지금까지 더불어민주당 주도로 이뤄진 탄핵소추 중 인용된 건 단 한 건도 없다. 충분히 예상된 결과다.
헌재는 최 원장에 대한 탄핵심판에서 부실 감사(대통령실 관저 이전)가 있었다고 볼 사정도, 표적 감사(전현희 전 ..",https://www.hankookilbo.com/News/Read/A2025031314580005905,
01100401.20250314233105001,20250314,동아일보,,[사설]감사원장-검사 3명 기각 그래도 ‘줄탄핵’ 사과조차 없는 野,사회>미디어, 정치>행정_자치, 정치>청와대,,,,"김,이창수,유감,이정섭,김건희,최재해,이재명",수원지검,"민주당,국회 법제사법위,더불어민주당,감사원,도이치모터스,방송통신위원회,서울중앙지검,쌍방울,감사원장,정부,헌법재판소,국민권익위,헌재,타깃","감사원장,검사,기각,줄탄핵,사과,헌법재판소,감사원장,최재해,이창수,서울,중앙지검장,검사,탄핵안,의견,전원,일치,기각,헌재,대통령실,관저,부실,감사,위반,정치,중립,탄핵,소추,원장,파면,사유,김건희,여사,연루,의혹,제기,사건,도이치모터스,주가,조작,수사,지휘,검사,재량,남용,헌법,법률,위반,판단,주도,더불어민주당,원장,검사들,탄핵,추진,요건,지적,본회의,탄핵소추안,처리,98일,직무,정지,무리,탄핵,감사원,서울중앙지검,업무,공백,초래,출범,윤석열,정부,민주당,주도,29건,탄핵소추안,발의,13건,가결,헌재,결정,8건,기각,일치,전원,법적,탄핵,사유,입맛,야당,공직자들,직무,배제,수단,탄핵,이용,야당,타깃,방송통신위원회,3명,위원장,직무대행,탄핵,대상,정도,보복,탄핵,논란,사례,수원지검,민주당,이재명,대표,연루,의혹,제기,수사,쌍방울,대북,송금,총괄,이정섭,검사,개인,비리,탄핵,소추,헌재,기각,탄핵안,국회,법제,사법,위원회,계류,검사,대표,민주당,수사,민주당,이력,방탄,탄핵,헌재,원장,파면,만큼,국민,권익,위원장,감사,위법,검사,의혹,여사,주가,조작,관여,증거,수집,수사,의문,제기,탄핵안,기각,원장,검사들,면책,얘기,무더기,탄핵,정부,방해,야당,책임,민주당,줄탄핵,유감,대표,방송,출연,생각,정도,과반,의석,원내,탄핵,남발,국정,혼란,가중,공식,사과,도리","민주당,위원장,쌍방울,도이치모터스,수원지검,줄탄핵,3명,탄핵안,이창수,본회의,최재해,윤석열,탄핵소추안,감사원장,더불어민주당,김건희,이재명","헌법재판소가 13일 최재해 감사원장 및 이창수 서울중앙지검장 등 검사 3명에 대한 탄핵안을 전원 일치 의견으로 기각했다. 헌재는 대통령실 관저 이전 부실 감사, 정치적 중립 위반 등으로 탄핵 소추된 최 원장에 대해 “파면을 정당화할 사유가 없다”고 밝혔다. 김건희 여사 연루 의혹이 제기된 도이치모터스 주가조작 사건을 수사하거나 지휘한 검사 3명에 대해서..",https://www.donga.com/news/Opinion/article/all/20250313/131205019/2,
01101001.20250313184003001,20250313,한겨레,한겨레,"[사설] 최재해 이창수 탄핵 기각, 윤석열 면죄부 전혀 아니다",정치>청와대, 정치>행정_자치, 사회>사회일반,,,,"보아,윤석열,이창수,김건희,최",,"감사원장,헌법재판소,12·3 비상계엄,헌재,국회,감사원,서울중앙지검,회의록","최재해,이창수,탄핵,기각,윤석열,면죄부,헌법재판소,감사원장,최재해,이창수,서울,중앙지검장,탄핵,심판,청구,기각,헌재,헌법,법률,위반,인정,의심,정황,파면,정도,중대,판단,만큼,국회,탄핵소추권,남용,윤석열,대통령,포함,연속,탄핵,소추,12,명분,국회,헌법,규정,공직자,탄핵소추,비상계엄,헌재,결정,탄핵,소추,자체,사실,재확인,헌재,검사,탄핵,검사들,헌법,법률,위반,행위,일정,수준,소명,수준,탄핵,소추,목적,책임,추궁,재발,예방,헌법,수호,탄핵소추권,남용,단정,탄핵소추,비상계엄,주장,대통령,법률대리인단,대통령,법률,대리인단,이날,입장문,근거,법률,위반,확인,헌재,결정,막무가내식,주장,탄핵,기각,강조,감사원장,훈령,주심위원,권한,침해,국회,현장,검증,회의록,열람,거부,사실,위반,인정,감사원장,감사기구,국가,최고,감사,기구,자격,김건희,여사,압수수색,처분,이창수,지검장,증거,수집,수사,수사,지휘,감독,의문,지적,여사,무혐의,뒷받침,근거,강조,수사,국민,혼동,발언,인정,헌재,결정,대목,감사원장,감사원,대통령,국정,운영,지원,기관,발언,감사원,독립,훼손,헌재,국가,의미,여지,지검장,판단,자료,고의성,입증,탄핵,기각,검사,국민,위법,판단,헌재,결정,별도,파면,대통령,선고,국가,혼란","감사원장,탄핵소추,감사원,이창수,비상계엄,무혐의,지검장,윤석열,최재해,탄핵소추권,회의록,주심위원,고의성,김건희,압수수색,중앙지검장,입장문,서울,대리인단",헌법재판소가 13일 최재해 감사원장과 이창수 서울중앙지검장 등에 대한 탄핵심판 청구를 기각했다. 헌재는 이들의 헌법 법률 위반이 일부 인정되거나 의심할 정황은 있지만 파면을 해야 할 정도로 중대하거나 명확하지 않다고 판단했다. 그런 만큼 국회의 탄핵소추권이 남용된 게 아님을 분명히 했다. 윤석열 대통령은 이들을 포함한 연속 탄핵소추를 12 3 비상계엄의..,http://www.hani.co.kr/arti/opinion/editorial/1186898.html,
01100101.20250313181537001,20250313,경향신문,,"[사설] 최재해 이창수 탄핵 기각, 숱한 ‘편향 특혜’ 면죄부 삼지 말라",사회>사건_사고, 정치>행정_자치, 정치>청와대,,,,"김,이창수,김건희,전현희,최재해","비상계엄,비상계엄의","감사원장,헌법재판소,검찰,국민권익위,여사,헌재,국회,도이치모터스,서울중앙지검","최재해,이창수,탄핵,기각,편향,특혜,면죄부,헌법재판소,감사원장,최재해,이창수,서울,중앙지검장,검사,탄핵소추,의견,재판관,전원,일치,기각,위법,부당,행위,공직,파면,정도,헌재,판단,결정,존중,원장,검찰,반성,사정,기관,책임자,정치,중립,국회,12월,원장,대통령,집무실,관저,감사,부실,전현희,감사,국민,권익,위원장,표적,사유,탄핵소추,헌재,부실,감사,사정,위원장,표적,감사,의혹,제보,근거,특정사안감사,감사,목적,부실,김건희,여사,도이치모터스,주가,조작,연루,의혹,특혜,수사,탄핵소추,지검장,헌재,수사,재량,남용,여사,부당,편의,제공,판단,헌재,행위,면죄부,원장,주심,위원,열람,감사,보고서,시행,가능,전자문서,변경,행위,국회,관저,의혹,현장검증,기록,열람,거부,행위,법률,위반,검찰,수사,여사,헌재,주범들,도이치모터스,사건,주범,시세,조종,범행,여사,증권계좌,활용,사실,확인,여사,공동가공,의사,여럿,공동,범죄,실행,의사,판단,검사들,수사,의문,지적,여권,헌재,야당,남발,정치,탄핵,철퇴,평가,헌재,국회,탄핵소추권,남용,탄핵,소추,사유,구체적,특정,국회,공직자,탄핵,소추,비판,12,윤석열,주장,헌재,결정,12,헌법,위반,내란,증거,윤석열,탄핵,심판,절차,별개,헌재,선고기일,윤석열,탄핵,심판,선고,기일,헌재,의견,재판관,전원,일치,수괴,대통령직,파면,헌정질서,위험,국가,시민","윤석열,도이치모터스,탄핵소추,재판관,비상계엄,이창수,책임자,위원장,면죄부,전자문서,최재해,김건희,공직자","헌법재판소가 13일 최재해 감사원장과 이창수 서울중앙지검장 등 검사 3명에 대한 탄핵소추를 재판관 전원일치 의견으로 기각했다. 이들이 위법 부당한 행위를 했지만 공직에서 파면할 정도는 아니라고 봤다. 헌재 판단과 결정을 존중한다. 최 원장과 검찰은 지금이라도 깊이 반성하고, 사정기관 책임자로서 정치적 중립을 철저히 지켜야 한다.

국회는 지난해 12월5..",https://www.khan.co.kr/article/202503131815001,
01101001.20250313181003002,20250313,한겨레,한겨레,"[사설] 국회 통과한 상법 개정안, 최 대행 거부권 행사 말아야",경제>경제일반, 정치>행정_자치,,,,,"이,윤석열,최,최상목","공평,한국,선진","경제팀,금융감독원장,정부,대우,더불어민주당,국회,대법원,국민의힘","국회,통과,상법,개정안,대행,거부,행사,소액,주주,이익,보호,상법,개정안,본회의,국회,통과,코리아,디스카운트,해소,걸음,국민,권한대행,최상목,대통령,권한,대행,거부,행사,건의,방침,권한,수용,이날,더불어민주당,야당,주도,본회의,통과,상법,개정안,이사,충실,대상,회사,회사,주주,이사,직무,수행,주주,이익,보호,주주,이익,공평,대우,규정,현행,상법,충실,의무,대상,회사,언급,주주,충실,의무,대법원,공식,입장,이사,지배주주,이익,주주,나머지,일반,이익,희생,책임,결과,지배,주주,노골적,행위,사익,편취,회사,일방적,인수합병,분할,일반,주주,이익,침해,상황,발생,상황,상법,개정안,취지,그동안,자본,시장,전문가,단체,소액,주주,증시,고질적,현상,코리아,디스카운트,해소,후진적,기업,지배,구조,개선,주주,이익,보호,상법,개정,지적,재계,입장,대변,상법,개정,반대,국민,상법,개정안,권한,재의요구권,거부권,행사,건의,방침,상법,개정,정부,애초,윤석열,추진,권한,찬성,윤석열,대통령,방침,상법,개정,추진,권한,윤석열,정부,임기,자본,시장,선진,중점,상법,개정,추진,금융감독원장,이날,이복현,금융,감독원장,한국,경제,일관,시금석,주주,가치,의지,사람,경제팀,원점,형태,의사결정,수용,거부,행사,반대,원장,주주,가치,경제팀,윤석열,정부,경제,강조,정책,상법,개정,주주,가치,장치,경제,일원,권한,상법,개정안,국민,요구,거부,행사,거부","윤석열,경제팀,개정안,거부권,본회의,전문가,이복현,코리아,한국,지배주주,최상목","소액 주주의 이익을 보호하는 내용의 상법 개정안이 13일 국회 본회의를 통과했다. ‘코리아 디스카운트’ 해소를 향해 한 걸음을 내디딘 것이다. 국민의힘이 최상목 대통령 권한대행에게 거부권 행사를 건의할 방침이지만, 최 권한대행은 이를 수용해서는 안 될 것이다.
이날 더불어민주당 등 야당 주도로 본회의를 통과한 상법 개정안은 이사가 충실해야 하는 대상을 ..",http://www.hani.co.kr/arti/opinion/editorial/1186887.html,
01100901.20250313003447001,20250313,중앙일보,,"[사설] 검찰이 포기한 즉시항고, 법원은 “상급심 판단 구해야”",사회>사건_사고, 정치>행정_자치, 국제>미국_북미,,,,"윤석열,천,천대엽",계산,"법원행정처,대검찰청,검찰,국회 법제사법위,법원,고위공직자범죄,대법원,형사합의25부,법원행정처장(,서울중앙지법,공수처,재판부,검찰청","검찰,포기,즉시항고,법원,상급심,판단,검찰,일선,구속기간,계산,지시,법원,행정처장,항고,혼란,해소를,윤석열,대통령,법원,구속,취소,결정,즉시항고,포기,대검찰청,검찰청,일선,구속기간,종전,계산,지시,혼란,가중,대통령,재판부,서울중앙지법,형사,합의,구속기간,산정,제외,영장,실질,심사,기간,검찰,구속기한,9시간,대통령,기소,판단,재판부,고위공직자범죄수사처,내란죄,수사,의문,대법원,해석,판단,절차,수사,적법성,의문,여지,해소,형사,소송법,법원,구속취소,결정,검찰,즉시항고,검찰,법원,보석,허가,구속,집행,정지,결정,무력화,즉시항고,위헌,선례,즉시항고,포기,대통령,석방,기준,피의자,적용,형평,논란,검찰,재판부,판단,존중,구속기간,보수적,산정,날수,계산,지시,하달,즉시항고,포기,처사,앞뒤,대통령,일반인,검찰,판단,검찰,즉시,항고,포기,최선,의문,긴급현안질의,국회,법제,사법,위원회,긴급,현안,질의,출석,천대엽,법원,행정처장,대법관,의원들,질문,검찰,즉시항고,상급심,판단,생각,처장,금요일,항고,기간,구속,상태,즉시항고,상급심,판단,특별,장애,설명,대통령,여부,신병,처리,판단,검찰,포기,즉시항고,법원,이례,상황,즉시항고,사안,보통항고,통설,검찰,보통항고,처장,석방,대통령,즉시항고,진행,재판부,지적,공수처,유무,내란죄,수사,혐의,재판,변수,대통령,구속취소,검찰,항고,포기,법원,검찰,내부,의문,만큼,상급,법원,판단,검찰,앞뒤,지시,논란,자초,형사,절차,혼란,정리,방법","즉시항고,재판부,내란죄,구속기간,앞뒤,상급심,구속취소,서울중앙지법,천대엽,보통항고,행정처장,위원회,공직자,피의자,의원들,수사처,긴급현안질의,대법관,공수처,고위공직자범죄수사처,적법성","━
 검찰, 일선에 구속기간 계속 ‘날’로 계산 지시 
 
 ━
 법원행정처장 “항고 필요” 혼란 조속 해소를 
 윤석열 대통령에 대한 법원의 구속취소 결정에 즉시항고를 포기한 대검찰청이 지난 11일 일선 검찰청에 “구속기간은 ‘시간’이 아닌 종전처럼 ‘날’로 계산하라”는 지시를 내려 혼란이 가중되고 있다. 이에 앞서 윤 대통령 담당 재판부인 서울중앙지..",https://www.joongang.co.kr/article/25320260,
01100801.20250313003034001,20250313,조선일보,조선일보,[사설] 헌재 주변 풍경이 보여주는 한국 정치 저질 수준,정치>청와대, 정치>국회_정당, 정치>행정_자치,사회>사회갈등>시위,,,"윤석열,이재명","광화문,종로구,중구,서울,러시아제 권총,한국,인근","민주당,광화문 광장,헌법재판소,더불어민주당,민주노총,헌재,국회,한국,아침,국민의힘","풍경,헌재,주변,한국,정치,저질,수준,윤석열,대통령,선고,탄핵,심판,여야,거리,정치,더불어민주당,의원,국회,광화문,마련,천막,농성장,8.7,대통령,파면,요구,시위,시위,대통령,탄핵,심판,선고,예정,의원들,민주당,재선,의원,주변,헌법,재판소,여럿,인간,시위,예고,의원들,삭발,천막,단식,농성,사람,민주노총,밤샘,집회,11일,광화문,광장,텐트,침낭,국민,투쟁,장외,단식,행동,시간,헌재,기각,대통령,탄핵,요구,릴레이,시위,동참,국힘,의원,60명,108명,소속,의원,절반,거리,지도부,동참,말장난,대통령,탄핵,심판,선고,사회,헌재,판결,국민,동의,감정,거리,분출,혼란,충돌,발생,한국,국격,이미지,타격,풍경,헌재,주변,나라,자신,패거리,이익,추구,한국,정치,저질,수준,경찰,헌재,선고,당일,서울,종로구,일대,인근,중구,특별범죄예방강화구역,지정,100m,헌재,반경,100m,차벽,진공상태,흥분,집회,참가자,접근,위험,물품,주유소,공사장,폐쇄,방안,종로구,상가,헌재,인근,입간판,권고,헌재,인근,고교들,휴교,선고,당일,예정,걱정,한편,와중,민주당,러시아제,권총,밀수,이재명,대표,암살,제보,문자,경찰,신변,보호,요청,대통령,암살,인터넷,경찰,내사,착수,여야,거리,헌재,판결,승복,선언","한국,민주당,의원들,광화문,100m,종로구,중구,더불어민주당",윤석열 대통령의 탄핵 심판 선고를 앞두고 여야가 모두 ‘거리 정치’에 나서고 있다. 더불어민주당 의원들은 12일 국회에서 광화문에 마련된 천막 농성장까지 8.7㎞를 걸어가며 대통령 파면을 요구하는 시위를 했다. 이런 시위를 대통령 탄핵 심판 선고가 날 때까지 매일 할 예정이라고 했다. 민주당 재선 의원들은 매일 아침 헌법재판소 주변에서 여럿이 줄지어 늘..,https://www.chosun.com/opinion/editorial/2025/03/13/ZQI2ZAQZQFCHVEAVRMVF32OB3I/?utm_source=bigkinds&utm_medium=original&utm_campaign=news,
01101101.20250313001017002,20250313,한국일보,,"[사설] 윤 대통령만 혜택 '구속 기간 산정'...검찰, 즉시항고로 혼란 해소해야",사회>사건_사고, 정치>행정_자치, 정치>청와대,,,,"윤,윤석열,천,천대엽","계산,개진","대검찰청,이대,검찰,법원행정처장,대검,헌재,국회,검찰청,법원","대통령,혜택,구속,기간,산정,검찰,즉시항고,혼란,해소,대검찰청,구속기간,피의자,구속,기간,산정,전국,검찰청,지침,법원,전례,구속기간,윤석열,대통령,구속,기간,단위,계산,구속취소,결정,검찰,즉시,항고,포기,대통령,석방,일선,혼란,예상,수습,결국,대통령,결국,단위,계산,특혜,대검,법원,판단,동의,개별,지검,지시,법원,구속취소,대통령,구속,취소,즉시,항고,절차,포기,기간,형성,법원,검찰,실무례,부합,이율배반,대검,헌재,구속집행정지,사례,즉시,항고,결정,위헌,소지,감안,강조,현직,천대엽,법원,행정처장,국회,검찰,구속,기간,일수,계산,지시,혼란,지속,즉시항고,상급심,판단,검찰,즉시항고,14일,가능,특별,장애,대목,처장,절차,상급심,판단,논란,해소,검찰,주문,현행,법률,위헌성,자의적,판단,헌법학자들,검찰,내부,반론,제기,헌재,결정문,구속집행정지,구속,효력,영향,구속취소,대검,즉시항고권,체제,유신,헌법,산물,주장,헌재,즉시항고권,도망,증거,인멸,예방,입법,목적,인정,판단,검찰,구속,기간,산정,대통령,본안,재판,의견,개진,혼란,상태,국가,직무유기,일관성,조치,대통령,뒷말,검찰,신뢰","구속기간,즉시항고,구속취소,상급심,천대엽,구속집행정지,윤석열,즉시항고권,피의자,직무유기,일관성,위헌성,검찰청,이율배반","대검찰청이 지난 11일 피의자 구속기간을 기존과 같이 ‘날’로 산정하라고 전국 검찰청에 지침을 내렸다. 법원이 전례 없이 윤석열 대통령 구속기간을 ‘날’이 아닌 ‘시간’ 단위로 계산해 구속취소를 결정하고, 검찰의 즉시항고 포기로 윤 대통령을 석방하면서 일선 혼란이 예상되자 수습에 나선 것이다. 결국 윤 대통령만 시간 단위 계산으로 특혜를 누리게 된 셈이..",https://www.hankookilbo.com/News/Read/A2025031216390005057,
01101101.20250313001017001,20250313,한국일보,,"[사설] 대통령 탄핵심판 역대 최장 평의...헌재, 좌고우면 안 된다",정치>청와대,,,범죄>범죄일반>절도,,,"진영,박근혜,윤석열,노무현 14일","평의,12·3 비상계엄","감사원장,헌법재판소,헌재,법원","대통령,탄핵,심판,역대,최장,헌재,윤석열,대통령,탄핵,심판,선고,헌법재판소,장고,예상,선고일,가늠,상황,전개,정국,찬탄,반탄,여론,싸움,강도,헌재,신속,도출,선고,정황,감지,헌재,대통령,탄핵,심판,선고,기일,공지,탄핵,심판,사건,며칠,선고,날짜,전례,감안,금주,14일,선고,가능성,헌재,감사원장,검사들,탄핵,심판,사건,선고,헌재,선고기일,이틀,연속,선고,기일,1995년,마지막,기준,변론종결,지난달,25일,16일,사건,기간,탄핵심판,역대,대통령,탄핵,심판,노무현,14일,박근혜,헌재,고민,법원,결정,대통령,구속,취소,영향,가능성,재판부,논란,내란죄,수사,수사,적법,의문,지적,헌재,검토,상황,헌재,강조,탄핵심판,대통령,탄핵,심판,위헌,여부,고민,헌재,정치,갈등,여론,지형,정치,일정,선고,관측,제기,헌재,사건,속도,자세,불필요,의구심,변수,헌법,이외,좌고우면,상황,진영,논리,강요,정치,압박,증거,법리,재판관,양심,판단,시점,12,중대,헌법,법률,위반,여부,국민,대다수,수긍,논거,판단,국론,통합,기여,역사,책임,헌재","탄핵심판,내란죄,비상계엄,선고기일,박근혜,가능성,윤석열,변론종결,재판관,대다수,선고일,불필요,좌고우면,재판소,검사들,의구심,우면,진영,감사원장,노무현","윤석열 대통령 탄핵심판 선고를 앞둔 헌법재판소의 장고가 이어지고 있다. 예상보다 결론이 늦어지고 선고일조차 가늠할 수 없는 상황이 전개되는 동안, 정국 불확실성과 찬탄 반탄 여론이 벌이는 싸움의 강도는 날이 갈수록 거세지는 중이다. 헌재의 신속하고 엄정한 결론 도출이 절실한 이유이기도 하다. 
선고가 늦어질 것으로 보이는 정황은 곳곳에서 감지된다. 헌재..",https://www.hankookilbo.com/News/Read/A2025031215250004675,
01100401.20250313232435001,20250313,동아일보,,"[사설]‘공공기관 알박기 방지법’, 필요하지만 野 사과부터",정치>행정_자치, 정치>국회_정당, 정치>청와대,,,,문재인,"12·3 비상계엄,보은성,적도,무산,물갈이","민주당,정부,청와대,한국고용정보원,더불어민주당,사과,국민의힘","방지법,공공,기관,알박기,사과,더불어민주당,공공기관장,인사,대통령,공공기관장,임기,일치,개정,추진,11일,민주당,12,지난달,정부,공공,기관,임원,인사,공고,53건,윤석열,정부,인사,공공,기관장,임기,5년,대통령,임기,정권,알박기,물갈,시도,신구,권력,충돌,계엄,한국고용정보원장,국민,인사,대변인,출신,낙점,공공,기관장,임명,공고,공공,기관장,모집,지난달,대통령,직무,정지,총선,검증,공공,기관장,임명,공백,논란,탄핵,정국,인선,속도,가능성,조기,대선,가능,대비,정권,사람,지적,민주당,논란,공공,기관장,알박기,문재인,정부,임기,공공기관장,임원,59명,무더기,임명,전문성,분야,전문,거리,청와대,민주당,출신,인사,포함,논란,대선,공공기관장,임명,사례,집권,공공,기관,임원,무리,물갈이,유죄,판결,환경부,블랙리스트,사건,강요,공공,기관장,사직,불가능,알박기,의심,일언반구,지적,내로남불,비판,정권,임기,인사,보은성,낙하산,기관장,자리,부조리,임기,일치,해결,정치권,학계,공감대,여야,정부,첫해,민주당,추진,임기,일치,논의,범위,대상,기관장,무산,민주당,법안,추진,시절,문재인,정부,인사,사과,순서,국민,민주당,논리,검토,외면","공공기관장,알박기,기관장,민주당,비상계엄,문재인,사직,첫해,대변인,보은성,방지법,한국고용정보원장,한국,신구,환경부",더불어민주당이 공공기관장 ‘알박기’ 인사를 막기 위해 대통령과 공공기관장의 임기를 일치시키는 법 개정을 추진한다고 11일 밝혔다. 민주당은 12 3 비상계엄 다음 날부터 지난달까지 정부가 낸 공공기관 임원 인사 공고만 53건에 달한다며 “윤석열 정부의 알박기 인사가 심각하다”고 했다. 대부분 3년인 공공기관장 임기는 대통령 임기 5년과 달라 정권이 바뀔..,https://www.donga.com/news/Opinion/article/all/20250312/131196905/2,
01101001.20250312183003001,20250312,한겨레,한겨레,"[사설] ‘내란 세력’ 옹호 국민의힘, 그들과 운명 같이할 건가",정치>국회_정당, 정치>청와대, 정치>행정_자치,사회>사회갈등>시위,,,"전한길씨,나경원,윤,윤석열,윤상현,강승규",해산,"민주당,헌법재판소,대우,헌재,국회,비상계엄,학원,국민의힘","내란,세력,옹호,국민,운명,윤석열,대통령,졸속,석방,기화,국민,내란,옹호,공세,탄핵,반대,대통령,탄핵,심판,선고,극우,세력,헌법재판소,시도,노골화,지체,파면,대통령,국정,정상,대다수,민심,행위,나경원,의원,82명,국민의힘,의원,헌재,대통령,탄핵,심판,각하,촉구,탄원서,의원,계엄,헌법,법률,위반,독재,민주당,의회,기각,결정,청구,궤변,스스로,비상계엄,중대,헌법,법률,위반,부정,도리,야당,책임,탄핵심판,대상,대통령,민주당,탄핵,소추,사유,내란죄,철회,탄핵소추,동일성,상실,각하,탄핵,심판,초반,헌재,헌법재판,형사재판,계엄,위헌,위법성,정리,주장,반복,자체,탄원서,헌법재판관,대통령,극렬,지지,이날,헌재,탄핵,심판,각하,기각,촉구,릴레이,시위,국민의힘,의원,60명,헌재,헌재,극렬,시위대,정도,아부,메시지,주목적,명색,집권,여당,극단,세력,헌재,결정,승복,설득,정반대,릴레이,시위,주자,강승규,의원,이날,국회,세미나,국민,저항,반대파,극단,탄핵,전한길씨,학원,강사,전한길,국민,저항,행사,여부,결정,헌재,심리,파면,결정,불복,헌재,공격,사실상,협박,윤상현,의원,민주당,입법독재,국회,해산,의원,총사퇴,주장,국회,해산,혼란,망발,국민,지도부,의원들,개별,행위,의원,절대다수,헌정,파괴범,사병,자처,극우,민주,헌정,일원,대우,자격,의문","민주당,탄핵심판,탄원서,탄핵소추,국민의힘,윤석열,시위대","윤석열 대통령 졸속 석방을 기화로 국민의힘의 내란 옹호와 탄핵 반대 공세가 더욱 거칠어지고 있다. 윤 대통령 탄핵심판 선고를 앞두고 극우 세력과 나란히 헌법재판소를 흔들려는 시도를 노골화하고 있다. 지체 없는 윤 대통령 파면과 국정 정상화를 바라는 대다수 민심을 거스르는 행위다.
나경원 의원 등 국민의힘 의원 82명은 12일 헌재에 윤 대통령 탄핵심판 ..",http://www.hani.co.kr/arti/opinion/editorial/1186674.html,
01100901.20250312003454002,20250312,중앙일보,,[사설] 국민통합 과제는 팽개쳐버린 정치권의 헌재 협박,정치>청와대, 정치>행정_자치, 정치>국회_정당,사회>사회갈등>시위,,,"오동운,권영세,박지원,전,진영,윤,김문수,심우정,윤석열,전진숙,문형배,권성동,서천호,이미선,검찰총장,박흥배,김용현","안중,서울,도심","공수처장,대검찰청,민주당,고위공직자범죄수사처,국민연,검찰,국방부,경찰,서울중앙지검,공산,국민통합,감사원장,서울중앙지법,공수처,헌법재판소,헌재,대한민국,국민의힘","국민통합,정치권,헌재,협박,경쟁,극단,언행,고발,여야,지지,결집,대통령,윤석열,대통령,탄핵심판,헌법재판소,여야,압력,점입가경,서울중앙지법,구속,취소,결정,검찰,즉시,항고,포기,대통령,석방,정치권,압박,야당,의원,헌재,신속,결정,촉구,단식농성,돌입,박흥배,민주당,김문수,전진숙,의원,삭발식,의원,머리카락,짚신,재판관,금요일,14일,선고,주말,대한민국,찬반,박지원,의원,발언,여당,의원,헌재,탄핵,각하,시위,돌입,3,국민,서천호,의원,헌재,겨냥,협박,집회,재판,불법,탄핵,주도,문형배,이미선,정계선,재판관,즉시,처단,김용현,국방부,장관,옥중,서신,공개,12,경제,외교,안보,총체,위기,상황,나라,안정,정치권,갈등,국민의힘,의원,오동운,고위,공직자,범죄,수사처장,대통령,불법,체포,혐의,대검찰청,고발,민주당,심우정,검찰,총장,내란공범,직권,남용,혐의,공수처,고발,국민연금,추가경정예산,상속세,현안,뒷전,정쟁,몰두,여야,모습,국민,절망감,파국,원인,제공,대통령,석방,관저,노력,국민,화합,외면,석방,지지자들,주먹,90도,모습,국민,대표자,특정,진영,지도자,인상,석방,대통령실,석방,겸허,헌재,선고,석방,석방,관저,권영세,비상,대책,위원장,권성동,원내,대표,여당,지도부,관저,정치,모습,공수처장,고발,여당,강경,대응,대통령,강경,지지,눈치,상황,헌재,감사원장,최재해,이창수,서울,중앙지검장,탄핵심판,선고,예상,대통령,탄핵,선고,공산,갈등,탄핵,찬반,국민,통합,안중,정치권,행보,광장,혼란,위험수위,경찰,대통령,탄핵,심판,선고,당일,헌재,100m,구역,진공,상태,정치권,탄핵심판,국민,통합,생각,자중","정치권,탄핵심판,민주당,서울,재판관,권성동,비상계엄,권영세,오동운,이창수,최재해,심우정,국민의힘","━
 경쟁하듯 극단적 언행과 고발 쏟아내는 여야 
 
 ━
 지지층 결집에만 매달리는 윤 대통령도 문제 
 윤석열 대통령에 대한 탄핵심판을 둘러싸고 헌법재판소를 향한 여야의 압력이 점입가경이다. 서울중앙지법의 구속취소 결정과 검찰의 즉시항고 포기로 윤 대통령이 8일 석방된 이후 정치권의 압박은 더욱 거칠어지고 있다. 
 
 어제 야당 의원들이 헌재의 신..",https://www.joongang.co.kr/article/25319982,
01100801.20250312002623001,20250312,조선일보,조선일보,"[사설] 3년간 30회 연쇄 탄핵, 이것은 내란 아닌가",정치>행정_자치, 정치>청와대, 정치>선거,범죄>범죄일반>폭행,,,"이,이상민,윤석열,한덕수,이재명,심,최상목",,"방통위원장,감사원장,민주당,정부,방통위,더불어민주당,지도부,국회,행안부,국무위","3년,탄핵,연쇄,더불어민주당,심우정,검찰,총장,탄핵,압박,탄핵안,지도부,가능,민주당,발의,총장,탄핵,윤석열,정부,30번,수립,정부,발의,탄핵안,21건,3년,세계,기록,탄핵,국회,일방,처리,13건,대통령,권한,대행,감사원장,탄핵소추,장관,이상민,행안부,2번,발의,사상,초유,탄핵안,한덕수,권한,대행,탄핵,정족수,상태,일방적,의결,대행,계엄,반대,동조,혐의,보류,헌법,재판관,임명,이재명,대표,조기,대선,걸림돌,민주당,권한,대행,헌법,재판관,임명,요구,겁박,수차례,탄핵,국무위원들,탄핵,대상,탄핵,비상,상황,내각,상대,위협,방통위,위원장,직무,대리,발의,연속,탄핵,174일,업무,마비,탄핵,중대,위헌,위법,민주당,탄핵,요건,이동관,방통위원장,탄핵,구체적,위반,구체,위반,검사,탄핵,복사,이진숙,방통위원장,취임,이틀,상태,탄핵소추,검사들,대표,수사,검사,소문,일방,주장,무혐의,사건,소추,피고인,수사,무력화,검사,탄핵,검사,거짓말,주장,사실,탄핵,사유,변경,헌법재판관들,각하,민주당,헌재,증거,결국,탄핵,4건,기각,탄핵소추지,이용,정치,폭력,타인,처벌,징계,거짓,고소,고발,무고죄,민주당,남발,정략,탄핵,당사자,피해,국정,마비,사법,방해,최악,무고,행위,30번,반복,민주당,윤석열,대통령,혐의,탄핵소추,자신들,연쇄,탄핵,행위,국헌,문란,대표,방탄,요건,탄핵안,폭주,각종,입법,국정,발목,국회,다수,합법,가장,행위,세계,나라","민주당,탄핵안,방통위원장,30번,탄핵소추,한덕수,윤석열,심우정,행안부,이상민,재판관,수차례,국헌","더불어민주당이 심우정 검찰총장에 대한 탄핵 압박을 이어가고 있다. 탄핵안 발의 시기는 당 지도부에 맡긴다고 했지만 언제든 가능해 보인다. 민주당이 심 총장 탄핵 발의에 나서면 윤석열 정부 들어 30번째가 된다. 1948년 정부 수립 이후 발의된 탄핵안(21건)보다 지난 3년간이 더 많다. 세계 기록일 것이다. 
 
탄핵 발의 중 국회에서 일방 처리된 것..",https://www.chosun.com/opinion/editorial/2025/03/12/BRY2MAF2MJAQ7NSF7LG2WSAIZY/?utm_source=bigkinds&utm_medium=original&utm_campaign=news,
01101101.20250312001129002,20250312,한국일보,,"[사설] 광장에 진 친 여야, 윤 탄핵 선고 승복부터 약속해야",정치>청와대, 정치>행정_자치, 정치>선거,사회>사회갈등>시위,,,"윤석열,최상목","광화문,원천,서울","헌법재판소,더불어민주당,헌재,국회,대한민국,국민의힘","광장,탄핵,선고,승복,약속,대한민국,사실,심리,내전,상태,우두머리,혐의자,윤석열,대통령,탄핵,찬반,주말,대통령,주말,석방,헌법재판소,탄핵,심판,선고,갈등,수위,극단,경찰,폭동,대비책,경찰,선고,당일,헌재,주변,100m,구역,차벽,시위대,접근,원천,차단,방화,대비,인근,주유소,폐쇄,권한대행,최상목,대통령,권한,대행,불법,폭력,집회,시위,공권력,도전,행위,관용,엄단,경고,사회,걱정,지경,분열,조장,정치,책임,여야,사회통합,신뢰회복,유불리,조기,대선,지지,결집,각종,음모,기름,지지층,자극,대통령,두말,탄핵,선고,중대,분수령,여야,자중,갈등,서울,광화문,헌재,인근,헌재,압박,세력,탄핵,찬반,집회,종일,더불어민주당,야당들,광장,합류,광화문,천막,장외,투쟁,의원들,단식,농성,국민,차원,맞불,국회,질서,대처,다행,헌재,시작,강경파,의원,지도부,석방,대통령,돌발,변수,예상,선고일,헌재,탄핵,심판,전망,갈등,분열,연장,과열,여론,선고,후폭풍,최소화,대통령,여야,헌재,결정,승복,약속,공개적,대통령,책임,처신,요구,사회,최후,보루,헌재,결정,폭력,공멸,자초","지지층,광화문,의원들,강경파,최상목,맞불,시위대,신뢰회복,야당들,더불어민주당,혐의자,차벽,주유소,최소화,유불리,공권력",대한민국이 사실상 심리적 내전 상태로 치닫고 있다. 내란 우두머리 혐의자인 윤석열 대통령에 대한 탄핵 찬반을 놓고 두 쪽으로 갈린 지 3개월째다. 지난 주말 윤 대통령이 석방되고 헌법재판소의 탄핵심판 선고가 임박하며 갈등 수위는 극단으로 치솟았다. 오죽하면 경찰이 폭동 대비책까지 세우겠나. 경찰은 선고 당일 헌재 주변 100m 구역을 차벽으로 둘러싸 시..,https://www.hankookilbo.com/News/Read/A2025031116050001057,
01100401.20250312233052001,20250312,동아일보,,[사설]12 3사태 100일 불안과 갈등 가중시키는 ‘거리의 정치’,정치>행정_자치, 정치>청와대, 정치>국회_정당,사회>사회갈등>시위,,,윤석열,"광화문,서울,여의도,서울광장,도심,증오","민주당,공수처,헌법재판소,국가정보원,더불어민주당,헌재,국회,국민의힘","12,불안,갈등,가중,거리,정치,12,혼란,12일,100일,사회,분열,수렁,탄핵,윤석열,대통령,광장,찬반,대립,여야,거리,정치,본격적,국민의힘,의원,친윤계,중심,헌법재판소,탄핵,각하,주장,시간,릴레이,시위,시작,더불어민주당,의원,광화문,천막,농성,심야,단식,시작,삭발,서울,도심,집회,탄핵,찬반,몸살,상황,여야,광장,정치,본격적,가세,지지,결집,여론전,헌재,압박,의도,국민,차원,집회,의원들,개별,시위,의원들,그간,소속,의원,집회,헌재,극단,발언,방치,개혁,국가,정보원,요구,서울광장,천막당사,설치,농성,광화문,천막,돌입,민주당,활동,거점,여의도,국회,광화문,얘기,의정,활동,의문,100일,대통령,지지자들,선동,국민,논리,헌재,비난,심리,탄핵,불복,자극,민주당,조기,대선,마음,공수처,수사기관,헌재,압박,골몰,안정,국정,뒷전,탄핵,심판,선고,여야,사생결단,심리,내전,따름,그사이,증폭,갈등,일상,잠식,친구,탄핵,모습,목격,장면,현실,자체,우울,서로,찬반,진영,증오,심리,상대,악마화,비화,물리,폭력,충돌,상황,여야,정치인,사실,대통령,탄핵심판,민주주의,일상,지속,민생,수습,정치,분열,치유,갈등,조정,회복,상처,혼란,가중,무책임,행태","광화문,의원들,민주당,서울,탄핵심판,진영,그간,윤석열,국민의힘,더불어민주당,공수처,수사기관,정보원,헌법재판소",12 3 계엄 발동으로 인한 혼란이 12일로 꼭 100일을 맞았지만 우리 사회는 점점 더 분열의 수렁에 빠져들고 있다. 윤석열 대통령 탄핵을 둘러싼 광장의 찬반 대립이 갈수록 격렬해지는 가운데 여야도 ‘거리의 정치’에 본격적으로 뛰어들고 있다. 국민의힘 의원들은 어제부터 친윤계를 중심으로 헌법재판소 앞에서 탄핵 각하를 주장하는 ‘24시간 릴레이’ 시위를..,https://www.donga.com/news/Opinion/article/all/20250311/131188750/2,
01100401.20250312232446001,20250312,동아일보,,[사설]“침입 아닌 진입” “저항권” 법원 난동자들 뭘 믿고 이런 궤변을,사회>사건_사고, 정치>청와대, 국제>아시아,범죄>범죄일반>폭행,,,윤석열,,"서부지법,공수처,유튜브,헌법재판소,국방부,서울서부지법,법원","침입,진입,저항권,법원,난동자,궤변을,침입,진입,불법,행사,국민,저항,검찰,소설,혐의,서울,서부,지법,난입,기소,시위대,10일,재판,주장들,피고인,자신,유리,진술,마련,법치,보루,법원,습격,초유,중대,범죄,법정,궤변들,고개,사태,서부지법,난입,윤석열,대통령,구속,영장,발부,반발,시위대,법원,청사,침입,난동,사건,이날,피고인,법원,후문,개방,침입,경내,주장,시위대,법원,담장,외벽,유리창,장면,유튜브,생중계,침입,차량,공수처,공수처,대통령,구속,불법,공무,집행,방해,논리,억지,주장,공수처,구속,불법,법원,판단,사실,자체,시위대,법원,건물,난입,경찰,취재진,폭력,영장,발부,판사,사무실,피고인,저항권,헌법,국민,저항,행사,국민,저항,부당,공권력,저항,방법,최후,수단,구속,대통령,이의,제기,합법,절차,얼마,폭력,저항,행사,반성,궤변,구석,사태,서부지법,폭력,여당,최고,위원,정치인,전사들,아스팔트,십자군,전사,경의,장관,전직,국방부,애국,전사,서부지법,난동자,영치금,운운,국민,저항,폭력,선동,법치주의,민주주의,유린,폭력,시위대,애국,시민,헌법재판소,탄핵,결정,제2,서부,지법,사태,재연,지경","서부지법,시위대,저항권,피고인,공수처,난동자,윤석열,국방부,십자군,전사들,유리창,유튜브,민주주의,법치주의,정치인","“침입한 것이 아니라 진입한 것”, “불법에 대한 국민 저항권 행사”, “검찰의 소설”. 서울서부지법 난입 혐의로 기소된 시위대 일부가 10일 첫 재판에서 내놓은 주장들이다. 피고인은 자신에게 유리하게 진술하기 마련이지만 법치의 보루인 법원 습격이라는 초유의 중대 범죄를 저질러 놓고 이를 정당화하기 위해 법정에서 늘어놓는 궤변들엔 고개를 젓게 된다. 
..",https://www.donga.com/news/Opinion/article/all/20250311/131188751/2,
01101001.20250311182007002,20250311,한겨레,한겨레,"[사설] 윤석열 석방에 온 나라 혼란, 헌재 파면 선고 서둘러야",정치>청와대, 정치>행정_자치, 정치>국회_정당,범죄>범죄일반>폭행, 사회>사회갈등>시위,,"노무현,윤,박수현,박근혜,오로지,윤석열,윤상현","광화문,구치소,서울,계산","검찰,헌법재판소,더불어민주당,헌재,고위공무원,비상계엄,법원,국민의힘","윤석열,석방,나라,혼란,선고,헌재,파면,윤석열,대통령,법원,검찰,결정,구치소,석방,국가,혼란,대통령,상태,행사,정치,영향력,석방,헌법,재판소,탄핵,심판,영향,불안감,반대,지지층,대통령,지지,석방,고무,탄핵,기각,목소리,헌재,탄핵심판,대통령,탄핵,심판,마무리,파면,선고,헌재,지난달,대통령,탄핵,심판,변론,나흘째,11일,선고기일,노무현,대통령,14일,변론,종결,박근혜,대통령,11일,선고,최장,숙고,기간,선고,긴장,사이,사회,불안,탄핵,찬성,반대,헌재,주변,철야,집회,지지자들,대통령,지지자,매크로,프로그램,활용,게시판,헌재,누리집,탄핵,반대,정치권,초긴장,더불어민주당,박수현,의원,11일,대통령,구속,촉구,인근,서울,광화문,단식농성,돌입,국민의힘,이날,차원,이날,장외,집회,윤상현,의원,탄핵,기각,요구,헌재,시작,헌재,선고,대결,혼란,광장,혐오,폭력,정서,사회,전반,확산,탄핵,저항,대통령,지지자들,응집력,갈등,수위,8년,대통령,구속,기간,계산,오류,수사,논란,구속,취소,형사재판,별개,탄핵심판,영향,대통령,검찰,조서,증거,채택,시비,탄핵심판,형사재판,성격,탄핵심판,헌법,법률,위배,고위공무원,파면,형사,절차,별개,헌법,특별,마련,헌법재판,탄핵심판,정립,박근혜,탄핵,심판,원칙,진행,헌재,재판부,판단,반박,논리,만큼,헌재,대통령,12,중대,헌법,법률,위반,관점,판단,지체,선고","탄핵심판,박근혜,지지자,영향력,광화문,서울,비상계엄,형사재판,노무현,지지자들,누리집,윤석열","윤석열 대통령이 법원과 검찰의 결정으로 구치소에서 석방된 뒤 국가적 혼란이 커지고 있다. 윤 대통령이 불구속 상태에서 정치적 영향력 행사에 나설 우려와, 그의 석방이 헌법재판소 탄핵심판에도 영향을 미치지 않을까 불안감이 번지고 있다. 반대로, 윤 대통령 지지층은 석방에 고무돼 ‘탄핵 기각’ 목소리를 높이고 있다. 이럴 때일수록 헌재는 흔들림 없이 윤 대..",http://www.hani.co.kr/arti/opinion/editorial/1186470.html,
01100801.20250311002611001,20250311,조선일보,조선일보,[사설] 여야의 헌재 압박은 ‘불복’ 예고와 다를 게 없다,정치>국회_정당, 정치>행정_자치, 정치>청와대,사회>사회갈등>시위,,,"김기현,박찬대,윤석열,한덕수,검찰총장",,"공수처장,민주당,공수처,헌법재판소,검찰,민노총,더불어민주당,헌재,국회,법원,국힘,국민의힘","여야,헌재,압박,불복,예고,법원,결정,윤석열,대통령,구속,취소,여야,정치,헌법,재판소,압박,더불어민주당,헌재,대통령,파면,결정,요구,원내대표,박찬대,민주당,원내,대표,대통령,파면,근거,헌재,신속,결정,정치인,단체,헌재,주변,파면,요구,시위,단식,농성,시작,민노총,집회,주말,예고,국민,친윤계,중심,헌재,탄핵,심판,변론,재개,요구,각하,기각,목소리,김기현,의원,대통령,수사,불법,확인,탄핵,각하,국힘,민주당,고발전,시작,국민,불법적,수사,공수처장,검찰,고발,민주당,대통령,석방,지휘,동조,검찰총장,공수처,고발,정치권,헌재,선고,탄핵,심판,승복,선언,헌재,압박,갈등,조장,세력,시위,탄핵,찬반,세력,헌재,시위대,탄핵,찬반,욕설,몸싸움,양측,갈등,수위,헌재,결정,통합,분열,갈등,격화,전직,국무총리,국회의장,원로들,여야,정치,원로,결정,탄핵,심판,승복,채택,국회,결의안,촉구,위험성,대통령,국힘,민주당,헌재,결정,승복,표시,공개,의사,지지층,호소,여야,행동,헌재,결정,불복,예고,세력,탄핵,찬반,정면충돌,나라,사태,정치권,감당,사태,헌재,자초,측면,헌재,헌법,법률,근거,중심,평가,헌재,심리,대통령,탄핵,결정,한덕수,권한,대행,탄핵,심판,민주당,인상,사실,법원,취소,대통령,구속,결정,검찰,공수처,적법,절차,헌재,절차,오류,증거,법리,판단","민주당,공수처,한덕수,정치권,결의안,박찬대,국힘,윤석열,국무총리,김기현,몸싸움,위험성,지지층,국회의장",법원의 윤석열 대통령 구속 취소 결정 이후 여야 정치권의 헌법재판소 압박이 더 심해지고 있다. 더불어민주당은 헌재가 즉각 윤 대통령에 대한 파면 결정을 내리라고 요구했다. 박찬대 민주당 원내대표는 “대통령을 파면해야 할 근거와 이유가 차고 넘친다. 헌재의 신속한 결정이 필요하다”고 말했다. 일부 야권 정치인과 야권 단체들은 헌재 주변에서 파면을 요구하는..,https://www.chosun.com/opinion/editorial/2025/03/11/53S3AK65TFGLDLSB6T2AN3HB5M/?utm_source=bigkinds&utm_medium=original&utm_campaign=news,
01100801.20250311002044001,20250311,조선일보,조선일보,[사설] 계속되는 李 대표의 황당 음모론,사회>사건_사고, 정치>국회_정당, 정치>청와대,범죄>범죄일반>폭행, 범죄>범죄일반>살인,,"윤,윤석열,李,이재명",한국,"민주당,공수처,검찰,국방장관,국회,법원,공군","대표,음모론,정치인,사람,윤석열,대통령,구속,취소,검찰,대통령,한패,내란,혐의,검찰,핵심적,동조,임무,종사,일정,의도,기획,검찰,사태,공범,검찰,대통령,석방,계획,구속,시한,근거,한국,정치,과장,주장,사람,여론조사,지지율,기록,대선,주자,얘기,검찰,계엄,사태,수사,내란죄,수사,계엄,김용현,국방장관,긴급,체포,수사,주도,경찰,공수처,앞뒤,장성,계엄,연루,구속,검찰,장관,혐의,구속,기소,대통령,계엄,선포,실행,주도,검찰,공소장,대통령,내란,우두머리,명시,공소장,대통령,무기징역,중형,대표,이재명,민주당,검찰,대통령,검찰,대통령,구속,기소,민주당,의원,기분,밤잠,대표,대통령,법원,검찰,비난,26일,예정,자신,선거법,위반,항소심,선고,법원,심기,대표,2년,국회,자신,체포,동의,가결,민주당,검찰,이재명계,폭력,집단,암거래,집단,민주당,비명,검수완박,검찰,대립,검찰,주장,상식,자신,불리,적들,대표,공군,사고,오폭,민가,상대,사격,군인들,살인,기도,대표,대통령,생각,국정,운영","민주당,이재명,지지율,선거법,공소장,군인들,오폭,한국,내란죄,국방장관,공수처,여론조사,항소심,정치인,김용현,앞뒤,음모론,적들,무기징역,검수완박,윤석열,장성,이재명계",주요 정치인 한 사람이 윤석열 대통령의 구속 취소에 대해 “(검찰과 윤 대통령이) 한패라서 그런 것”이라며 “내란 혐의에 검찰이 핵심적으로 동조할 뿐 아니라 주요 임무에 종사했던 게 아닌가”라고 했다. 전날엔 “일정한 의도에 따른 기획” “검찰이 내란 사태의 공범”이라고도 했다. 검찰이 윤 대통령과 석방 계획을 미리 짜고 구속 시한 등을 일부러 어겼다는..,https://www.chosun.com/opinion/editorial/2025/03/11/QOYCWN4R7RCC3MDJXVR3K3D5I4/?utm_source=bigkinds&utm_medium=original&utm_campaign=news,
01101101.20250311001104001,20250311,한국일보,,"[사설] 누구 하나 사과 않고, 책임 안 지는 내란수괴 혐의자 석방",사회>사건_사고, 정치>행정_자치, 국제>중남미,,,,윤석열,계산,"고위공직자범죄수사처,공수처,검찰,헌법재판소,자원,국회,법원","책임,석방,내란,수괴,혐의자,우두머리,혐의,구속,현직,대통령,52일,허망,내란,혐의,실체,판단,절차,하자,정작,지휘,내란,종사자,상태,구속,재판,법원,대통령,윤석열,구속,취소,가지,구속기간,만료,상태,공소,제기,절차,고위공직자범죄수사처,공수처,내란죄,수사,법령,규정,권한,혐의,본질,것들,공수처,수사권,초기,제기,공수처,현행법,내란죄,수사,범죄,직권,남용,연관,수사,가능,검경,이첩요구권,행사,수사,자원,능력,부족,공수처,만용,결국,공수처,성과,구속기한,기소권,검찰,사건,공수처법,법령,구멍,영향,검찰,책임,열흘,구속기간,날짜,계산,관행,사안,중요성,감안,신중,법원,구속,기간,연장,불허,기소,즉시,검사장,회의,허비,형사소송법,명시,즉시항고,헌법재판소,위헌,결정,포기,자기부정,법원,방식,날짜,단위,구속,기간,계산,단위,계산,보호,피의자,인권,최고,권력자,형법상,사건,적용,증거인멸,판단,구속,납득,결국,우두머리,혐의자,재판,불공평,공수처,검찰,법원,국회,합작품,책임,반성,사과,심우정,검찰,총장,적법,절차,원칙,결정,변명,대통령,개선장군,기고만장","공수처,구속기간,혐의자,내란죄,심우정,피의자,시간date,윤석열,수사권,소송법,이첩,이첩요구권,중요성,권력자,재판소,헌법재판소,형사소송법,형법상,자기부정,증거인멸","내란 우두머리 혐의로 구속된 현직 대통령이 52일 만에 풀려난 건 허망하기 짝이 없다. 내란 혐의에 대한 실체적 판단이 아니라 절차적 하자에서 비롯됐다는 점에서 그렇다. 정작 그의 지휘에 따라 움직인 내란 종사자들은 대부분 구속 상태에서 재판을 받는다.
법원이 지난 7일 윤석열 대통령의 구속을 취소하면서 문제 삼은 건 크게 두 가지다. 구속기간이 만료된..",https://www.hankookilbo.com/News/Read/A2025031014210002848,
01101101.20250311001103001,20250311,한국일보,,[사설] 대통령 곁에 경호 차장...증거인멸 방치 안된다,사회>사건_사고, 정치>정치일반,,,,,"김,김성훈,이광우,노상원,윤석열,김용현,이진동","한남동,비상계엄","검찰,영장심의위,대통령경호처,경찰,정보사령관,국방장관,영장심의위원회,서부지검,이대,대검,서울고검,경찰청,국가수사본부,경호처","대통령,경호,차장,증거인멸,방치,서울고검,영장,심의,위원회,차장,김성훈,대통령,경호처,이광우,경호,본부장,경찰,구속,영장,신청,적정,의결,정작,경찰,나흘,감감무소식,사건,경찰청,국가,수사본부,회의,지휘부,신청,구속,영장,조율,얘기,그간,검찰,윤석열,대통령,구속기소,추가,체포,방해,위험,논리,영장,신청,사이,대통령,사이,구속,취소,석방,한남동,관저,증거,인멸,차장,만큼,경호처,본부장,신속,신병확보,요구,상황,경찰청,국가,수사본부,비상계엄,특별,수사단,차장,대통령,체포영장,집행,저지,부당,인사,조처,비화폰,비화폰,문서,삭제,특수,공무,집행,방해,직권남용,혐의,구속,영장,신청,검찰,구속,사이,차장,사이,계엄,불법,핵심,단서,비화폰,서버,이틀,지시,단말기,데이터,삭제,시도,정황,포착,비화폰,노상원,정보사령관,민간인,지급,대통령,김용현,국방장관,관련자들,비화폰,계엄,모의,검찰,수사,확인,상황,차장,경찰,압수수색,거부,비화폰,검찰,검찰,차장,의혹,차장,이진동,대검,검찰,조사,장관,비화폰,통화,사실,검찰,계엄,연루,의도,추측,영장심의위,서부지검,차례,반려,구속,영장,신청,적정,만큼,경찰,영장,신청,검찰,지체,법원,판단,혐의,특수,공무,집행,방해,경호처,불법,행위,지시자,사실상,대통령,사실,사정,감안,증거,인멸,가능,방치,검찰,반려,결정,해명","비화폰,경호처,경찰청,만큼,비상계엄,증거인멸,김성훈,본부장,수사본부,서울고검,지휘부,이광우,지시자,이진동","서울고검 영장심의위원회가 김성훈 대통령경호처 차장과 이광우 경호본부장에 대한 경찰의 구속영장 신청이 ‘적정’하다고 의결했는데도 정작 경찰은 나흘이 지나도록 감감무소식이다. 사건을 맡고 있는 경찰청 국가수사본부는 어제 지휘부 회의를 가졌는데 구속 영장 신청 시기를 조율 중이라는 얘기만 나온다. 
그간 검찰이 ‘윤석열 대통령은 이미 구속기소돼 추가적 체포 ..",https://www.hankookilbo.com/News/Read/A2025030910220000400,
01100401.20250311233042001,20250311,동아일보,,"[사설]전쟁터 된 헌재 게시판, 주유소 폐쇄 극단적 분열의 단면",정치>청와대, 정치>선거,,,,,"심우정,윤석열,검찰총장","저주,개진","민주당,헌법재판소,검찰,12·3 비상계엄,헌재,비상계엄","전쟁터,헌재,게시판,주유소,폐쇄,극단,분열,단면,윤석열,대통령,석방,헌법,탄핵심판,찬반,대립,위험,수위,단체들,탄핵,찬반,단체,헌재,탄핵,선고일,집회,공언,헌재,압박,진영,헌재,탄핵,기각,한칼,대통령,잔꾀,검찰,공범,발언들,헌재,인터넷,게시판,찬반,여론,전쟁터,탄핵,의견,게시,10일,등록,대기,메시지,정도,국민,불안,탄핵,내란죄,소추,각하,찬반,의견,비율,경쟁적,지지자들,탄핵,반대,지지자,매크로,자동,댓글,주장,제기,논란,단순,의견,개진,헌재,판결,불복,폭력,사태,가능성,경찰,당일,헌재,주변,100m,일반인,접근,차단,인근,주유소,폐쇄,아파트,공사장,발파,작업,불허,조치,시위대,유류,폭발물,접근,예기,참사,조치,12,신속,해제,민주주,복원력,사회,탄핵,결정,기로,시위대,탄핵,찬반,상대방,적의,저주,헌재,재판관,위협,언사,횡행,대통령,석방,승복,통합,메시지,여당,지도부,회동,관저,정치,의지,민주당,대통령,심우정,검찰,총장,30번,탄핵,카드,기세,비상계엄,위헌,불법성,헌재,탄핵,선포,정치,사회,혼란,최소화,세계,생중계,헌재,결정,마무리,여야,정치인,그동안,국민,그동안,대표자들,한쪽,세력,대리인,행동,탄핵,선고,1,,안정,상황,관리,중요,여야,자신들,통합,정치,적임자,입증,유권자들","비상계엄,그동안,시위대,게시판,심우정,100m,주유소,전쟁터,유권자들,가능성",윤석열 대통령이 석방된 가운데 헌법재판소의 탄핵심판을 둘러싼 찬반 대립이 점점 위험 수위를 넘어서고 있다. 탄핵 찬반 단체들은 각각 헌재의 탄핵 선고일까지 매일 집회를 열겠다고 공언하며 헌재를 압박하고 나섰다. 양 진영에선 “헌재가 (탄핵 기각 말고) 딴짓하면 한칼에 날려버린다” “(대통령을 풀어주는) 해괴한 잔꾀를 부린 검찰도 내란 공범” 등 격한 발..,https://www.donga.com/news/Opinion/article/all/20250310/131180539/2,
01100101.20250310185942001,20250310,경향신문,,"[사설] 윤석열 관저정치 판 깔아준 국민의힘, ‘내란 본당’ 자처하나",정치>국회_정당, 정치>청와대, 국제>중남미,범죄>범죄일반>폭행, 범죄>범죄일반>유괴/납치,,"권영세,윤석열,권성동","의왕출장소,한국","공수처장,대검찰청,쿠데타,공수처,서울서부지법,한국,법원,국민의힘,애국청년 불법구속 규탄대회","윤석열,관저,정치,국민,내란,본당,자처,대통령,윤석열,9일,관저,국민,권영세,비상,대책,위원장,권성동,원내,대표,회동,법치,부정,국론,분열,선동,우두머리,손절,공당,투톱,석방,하루,어이,윤석열,관저정치,국민,내란,본당,자처,윤석열,30여분,차담회,여당,지도부,운영,감사인사,위원장,지도부,당부,그간,극우,윤석열,접견,의왕출장소,역할,여당,치하,부탁,윤석열,내란죄,면죄부,개선장군,관저,회동,주범,윤석열,영웅시,극우,여당,발목,정치,패착,사정,국민의힘,공수처장,이날,오동운,대통령,불법,체포,감금죄,대검찰청,고발,법원,차례,적법,윤석열,체포,구속영장,발부,불법체포,감금,수사,역공,자체,내란,정당,윤석열,체포,1,극우,망동,기관,공권력,행사,법적,조직폭력배,위원장,공수처,비판,윤석열,내란,세력,국민,윤석열,대선,내란,수괴,친윤들,아부,언동,극우,세력,기승,당장,서울,서부,지법,폭력,사태,재판,지지자들,이날,극우,지지자,형사범들,옹호,규탄대회,애국,청년,불법,구속,규탄,대회,외신들,탄핵심판,한국,분열상,심화,한마디,나라,국정도,국민,윤석열,극우,인질,국가,혼란,국민,윤석열,석방,세력,절연,계기,보수정치,경로,마지막,기회,보수정치,공백,한국,정치,국가,위험,국민,비상,위기감,결단","윤석열,위원장,지도부,친윤,한국,권성동,규탄대회,보수정치,공권력,권영세,불법체포,오동운,관저정치,외신들,탄핵심판,조직폭력배,의왕,형사범","대통령 윤석열이 지난 9일 밤 관저에서 국민의힘 권영세 비상대책위원장, 권성동 원내대표와 회동했다. 법치를 부정하고 국론 분열을 선동하는 내란 우두머리를 손절해도 시원찮을 판에 공당 투톱이 석방 하루 만에 찾아갔다니 어이가 없다. 윤석열의 ‘관저정치’에 판이라도 깔아주겠다는 것인가. 국민의힘이 ‘내란 본당’을 자처하고 있다고 볼 수밖에 없다.

윤석열은..",https://www.khan.co.kr/article/202503101859001,
01101001.20250310183012001,20250310,한겨레,한겨레,"[사설] 국민 분열 부추기는 윤석열, 죄송함은 전혀 없나",정치>청와대, 정치>국회_정당, 정치>행정_자치,,,,"권영세,신동욱,나경원,추경호,윤석열,권성동","서울,호도,한남동","헌법재판소,대통령비서실,서울구치소,헌재,국회,법원,국민의힘","국민,분열,윤석열,윤석열,대통령,법원,구속,취소,결정,체포,관저,서울,한남동,헌정,질서,파괴,우두머리,피의자,처지,개선장군,당혹감,대통령직,복귀,경거망동,헌법재판소,심판,결과,대통령,석방,다음날,국민,권영세,비상,대책,위원장,권성동,원내,대표,수감,기간,사람,중심,운영,신동욱,수석대변인,10일,석방,투톱,나경원,추경호,의원,통화,지도부,중진,의원,고생,정진석,대통령,비서실장,대통령실,국정,중심,서울구치소,지지자들,감개무량,표정,인사,모습,혼란,분열,예고편,석방,구속,기간,산정,절차,논란,면죄부,행세,민주주,전복,시도,내란범,구치소,건강,교도소,대통령,여유,모습,분노,대통령실,대통령,헌재,결정,직무정지,대통령,연일,여당,대통령실,인사,전화,통화,모습,정치,사실,관저,시동,국민,헌법재판소,탄핵,심판,변론,재개,요구,헌재,압박,대통령,불복,빌드업,모양새,법원,구속취소,무죄,증명,침소봉대,여론,호도,자신들,배출,대통령,야기,국가,혼란,일말,책임감,헌재,결정,정치,사회적,갈등,위험,수위,전직,국회,의장,국무총리,당대표,구성,나라,걱정,원로모임,이날,국회,결정,대통령,탄핵,심판,승복,결의안,채택,촉구,극렬,지지,분열,선동,대통령,국민,사죄,마음,자숙,헌재,결정,승복,약속,국민,분열,최소화","대통령실,권성동,권영세,서울구치소,정진석,헌법재판소,한남동,서울,재판소,구속취소,윤석열,피의자,원로모임,민주주,내란범,당대표,침소봉대,구치소,개선장군,자신들,위원장,국무총리,면죄부,지지자,신동욱,감개무량,수석대변인,당혹감","윤석열 대통령이 법원의 구속취소 결정으로 체포 52일 만에 서울 한남동 관저로 돌아갔다. 헌정 질서를 파괴한 ‘내란 우두머리’ 피의자 처지는 그대로인데, 흡사 개선장군 같은 당당함에 당혹감을 느낀 이들이 적지 않을 것이다. 마치 대통령직에 복귀한 양 경거망동하지 말고 겸허히 헌법재판소의 심판 결과를 기다려야 한다.
윤 대통령은 석방 다음날인 지난 9일 ..",http://www.hani.co.kr/arti/opinion/editorial/1186290.html,
01100901.20250310003455001,20250310,중앙일보,,[사설] 정치권 모두 자중하고 차분히 헌재 판결 기다려야,국제>중남미, 정치>청와대, 정치>국회_정당,범죄>범죄일반>방화, 범죄>범죄일반>사기,,윤석열,"광화문,대치","민주당,검찰,의원총회,국무총리·감사원장,국민연금개혁,대통령실,국회,법원,국정협의회,사법당국,서울중앙지법,헌법재판소,헌재,대한민국,국민의힘","정치권,자중,헌재,판결,석방,대통령,갈등,행보,자제,하길,여야,대치,산적,민생,현안,윤석열,대통령,구금,그제,석방,검찰,법원,대통령,구속,취소,결정,항고,제기,대통령,서울중앙지법,구속,취소,신청서,제출,결과,예상,사람,대통령,석방,구속,정치,사회적,파장,대통령,관저,관저,지지자들,편지,나라,안팎,주권,침탈,세력,세력,준동,대한민국,위험,나라,사실,지지,사법당국,영장,집행,독려,일각,석방,대통령,탄핵,선고,강경,보수,자극,메시지,집회,탄핵,반대,참석,얘기,위험,수위,보수,진보,진영,충돌,기름,대통령실,관계자,헌법,재판소,선고,대통령,외부,활동,자제,메시지,절제,수준,헌재,선고,관측,만큼,대통령,만큼,외부,노출,겸손,자세,선고,당부,정치권,민생,고비,정쟁,본능,비상,민주당,헌재,선고,의원총회,의원들,광화문,집회,참석,항고,포기,심우정,검찰,총장,수사기관,고발,사퇴,탄핵,포함,조치,비상계엄,사태,요인,작용,민주당,공세,차별,탄핵,국무총리,감사원장,탄핵,수습,검찰총장,탄핵,어불성설,국민,강경,일변도,구속취소,탄핵심판,국민,헌재,사기,내란,몰이,탄핵,기각,압력,여야,분위기,바람,예정,여야,국정,협의회,전망,노릇,경제,국제정세,추경,반도체특별법,국민연금개혁,현안들,국회,통과,감감무소식,여야,자중,산적,민생,현안,헌재,시련,계절,헌법재판관들,외부,압력,법리,공정,양심,역사,결정","구속취소,민주당,신청서,만큼,심우정,검찰총장,국제정세,사법당국,반도체특별법,반도체,대통령실,비상계엄,진영,협의회,특별법,지지자,관계자,지지자들,의원들,수사기관,대한민국,헌법재판관들,현안들","━
 석방된 윤 대통령, 갈등 부추기는 행보 자제하길 
 
 ━
 거세진 여야 대치 산적한 민생 현안부터 챙겨라 
 윤석열 대통령이 구금된 지 52일 만인 그제 오후에 석방됐다. 검찰이 법원의 윤 대통령 구속취소 결정에 대해 항고를 제기하지 않으면서다. 지난달 4일 윤 대통령 측이 서울중앙지법에 구속취소 신청서를 제출했을 때만 해도 이런 결과를 예상한 ..",https://www.joongang.co.kr/article/25319349,
01100801.20250310003048002,20250310,조선일보,조선일보,"[사설] 석방된 윤 대통령, 自重 필요하다",정치>청와대, 정치>행정_자치,,범죄>범죄일반>폭행,,,"윤,윤석열","서울,한남동","변호인단,민주당,공수처,검찰,헌법재판소,서울구치소,국회,헌재,서울서부지법,법원,시위대,국민의힘","석방,대통령,自重,윤석열,대통령,법원,결정,구속,취소,석방,관저,서울,한남동,복귀,내란,혐의,체포,구속,내란죄,수사,공수처,무리,수사,검찰,법정,구속,기간,만료,기소,중대,절차,하자,석방,석방,대통령,서울구치소,정문,지지자들,인사,주먹,한남동,관저,지지자들,악수,변호인단,날씨,응원,국민,미래,세대,감사,메시지,대통령,우두머리,혐의,기소,피고인,신분,국회,탄핵,소추,직무,정지,헌법재판소,심판,석방,절차,위법,내란,혐의,헌법재판소,탄핵,결정,오해,행동,처지,석방,자세,절제,모습,거리,정치,논란,소지,민주당,개선장군,비난,대통령실,대통령,외부,활동,자제,겸허,헌재,선고,장외,집회,외부,행사,대통령,탄핵,나라,전국,집회,연일,탄핵,찬반,장외,서울,서부,지법,시위대,사태,폭력,난입,야당들,탄핵,카드,장외,투쟁,예고,대통령,12,본인,변호인,지속적,목소리,탄핵,심판,형사재판,대통령,중요,쟁점,자신,입장,차원,방어,행사,측면,강성,지지,자극,갈등,증폭,대통령,헌재,심판,최대,자중,모습,정치,발언,외부,인사,만남,자제,국민의힘,헌재,비판,압박,불복,대통령,헌재,결정,존중,국민,헌재,결정,통합,메시지,사태,비상,계엄,촉발,국민,갈등,치유,국정,정상화","한남동,서울,헌법재판소,내란죄,지지자,지지자들,재판소,정상화,개선장군,민주당","윤석열 대통령이 8일 법원의 구속 취소 결정으로 석방돼 서울 한남동 관저로 복귀했다. 내란 혐의로 체포 구속된 지 52일 만이다. 내란죄 수사권이 없는 공수처가 무리하게 수사를 밀어붙이고 검찰은 법정 구속 기간 만료 후 기소하는 등 중대한 절차적 하자가 있었다는 점에서 석방은 불가피했다. 
 
석방된 윤 대통령은 서울구치소 정문을 걸어나와 지지자들에게 ..",https://www.chosun.com/opinion/editorial/2025/03/10/VWGRQ4ZTA5F3RFXC4QYFP2F5ZU/?utm_source=bigkinds&utm_medium=original&utm_campaign=news,
01100801.20250310002635001,20250310,조선일보,조선일보,"[사설] 검찰총장까지 탄핵 위협, 민주당 국헌 문란도 탄핵 대상",사회>사건_사고, 정치>행정_자치, 정치>청와대,,,,"문재인,윤석열,검찰총장,마은혁,한덕수,이진숙,최상목,이재명",,"민주당,검찰,의원총회,국회,법원,서울중앙지검,방통위원장,감사원장,정부,민변,공수처,헌법재판소,헌재,사법부","검찰총장,탄핵,위협,문란,민주당,국헌,탄핵,대상,민주당,사퇴,심우정,검찰,총장,요구,거부,탄핵,추진,직권,남용,혐의,공수처,고발,계획,법원,윤석열,대통령,구속,취소,결정,항고,검찰,여부,즉시,항고,내부,토론,총장,법원,결정,존중,석방,대통령,지휘,결정,구속,집행,정지,즉시항고,위헌,판단,헌법,재판소,사법부,결정,이재명,대표,의도,검찰,기획,민주당,검찰,내란수괴,졸개,비난,탄핵,카드,위협,민주당,의원,총회,권한대행,최상목,대통령,권한,대행,후보자,마은혁,헌법,재판관,임명,탄핵,주장,민주당,출범,정부,29건,탄핵소추안,발의,13건,통과,이재명,대표,수사,검사들,서울중앙지검장,소추,무더기,탄핵,비리,문재인,정부,감사,감사원장,방송,정책,방통위원장,탄핵,소추,직무,정지,대행,대통령,권한,한덕수,총리,탄핵,소추,국정,마비,상태,헌재,결정,탄핵,심판,기각,취임,이틀,탄핵,소추,방통위원장,포함,기각,예상,민주당,탄핵,인용,탄핵,요건,사유,자체,발의,상습,탄핵,형사,무고죄,탄핵소추,공직자들,개인,변호사,비용,국회,세금,민변,변호사,고용,이진숙,방통위원장,국회의원,탄핵,소추,상습적,탄핵,소추,정부,마비,검찰총장,대통령,권한,대행,대행,직무,정지,탄핵,카드,연쇄,탄핵병,과언","민주당,방통위원장,변호사,마은혁,검찰총장,심우정,무고죄,이재명,최상목,문재인,국헌,윤석열","민주당이 심우정 검찰총장 사퇴를 요구하고 거부하면 탄핵을 추진하겠다고 했다. 직권남용 혐의로 공수처에 고발한다는 계획도 밝혔다. 법원의 윤석열 대통령 구속취소 결정에 대해 즉각 항고를 하지 않았다는 이유다. 
 
검찰은 즉시 항고 여부를 두고 내부 토론을 벌였고 심 총장은 법원 결정을 존중해야 한다며 윤 대통령 석방을 지휘했다. 구속 집행정지 결정에 대..",https://www.chosun.com/opinion/editorial/2025/03/10/TDBCBBY73ZCRLNGH2COZW6OZQY/?utm_source=bigkinds&utm_medium=original&utm_campaign=news,
01101101.20250310001227001,20250310,한국일보,,"[사설] 尹 석방, 내란 혐의 면죄부 아니다 분열 조장 말아야",정치>청와대, 국제>중남미, 정치>행정_자치,,,,"윤,윤석열","광화문,서울,경기,의왕시,한남동,비상계엄","검찰,헌법재판소,더불어민주당,서울구치소,헌재,국회,법원,국민의힘","석방,면죄부,내란,혐의,분열,조장,윤석열,대통령,우두머리,혐의,체포,석방,법원,결정,구속,취소,검찰,포기,즉시,항고,자유,서울구치소,경기,의왕시,서울,한남동,대통령,관저,대통령,지지자들,인사,개선,행진,주먹,참모들,구치소,건강,불법계엄,나라,안위,걱정,국민들,지경,선고,헌법,재판소,탄핵,심판,대통령,석방,정치,사회적,분열,절정,서울,광화문,한남동,집회,탄핵,찬성,반대,집회,대규모,양측,총력전,대통령,관저,정치,시작,석방,불법,계엄,가담자,촉구,메시지,국민,지도부,의원들,전화,통화,단속,집회,탄핵,반대,참여,지지자들,자극,불복,헌재,결정,호소,관측,대통령,석방,의미,왜곡,자중,법원,구속,취소,수사,적법성,절차적,내란죄,면죄부,의미,여부,대통령,파면,헌재,탄핵,심판,별개,헌재,변론,대통령,비상계엄,중대,위헌,위법,행위,증언,증거,확인,국회,탄핵소추,대통령,직무,정지,상태,현실,자각,헌재,결정,여야,정치,선동,국민의힘,헌재,압박,중도,여론,대통령,탄핵,찬성,상황,정권,포기,이성적,대처,탄핵,정국,국론,분열,책임,더불어민주당,심우정,검찰,총장,탄핵,위협,대응,지지층,국민,불안,사실,인식","서울,불법계엄,심우정,면죄부,가담자,한남동,지지자,의왕시,지지자들",윤석열 대통령이 내란 우두머리 혐의로 체포된 지 52일 만인 8일 석방됐다. 7일 법원의 구속 취소 결정과 검찰의 즉시 항고 포기로 자유의 몸이 됐다. 경기 의왕시 서울구치소에서 풀려나 서울 한남동 대통령 관저로 돌아간 윤 대통령은 밝게 웃으며 지지자들에게 인사했다. 개선 행진을 하는 양 주먹을 불끈 쥐어 보이기도 했다. 참모들에게 “구치소에서 잠을 많..,https://www.hankookilbo.com/News/Read/A2025030916030003041,
01100401.20250310233028001,20250310,동아일보,,[사설]‘주먹 불끈’ 지지층만 챙긴 尹 더 큰 분열 예고한 씁쓸한 풍경,정치>청와대,,,,,,윤석열,"구치소,12·3 비상계엄,한남동,대한민국","헌법재판소,서울구치소,헌재,비상계엄,법원","주먹,지지층,분열,예고,풍경,윤석열,대통령,8일,석방,한남동,관저,복귀,대통령,서울구치소,경호차,자신,석방,환영,지지자들,차례,허리,인사,주먹,관저,도착,지지자들,악수,대통령,석방,메시지,지지층,감사,인사,구속,수감,분들,석방,기도,구치소,관저,복귀,대통령,득의,의기양양,경호차,구치소,정문,가량,인사,장면,카퍼레이드,연상,정도,당장,마이크,일장,연설,대통령,석방,통보,구치소,즉석연설,구치소,즉석,연설,경호처,난색,구술,메시지,모습,국가,분열,예고,풍경,12,나라,혼란,불안,궤변,억지,주장,국론,대통령,52일,석방,감정,자신,응원,고마움,국민,미안,법원,난동자,석방,메시지,대통령,산정,구속,기간,시비,위헌,위법,비상계엄,책임,탄핵심판,당장,헌법,재판소,탄핵,심판,여부,대통령,파면,우두머리,혐의,피고인,법원,형사재판,승복,통합,메시지,강조,대통령,태도,헌재,법원,결정,국가,후유증,광장,거리,갈등,위험,수위,상황,직무,정지,대한민국,대통령,국론,분열,언사,일각,출소,장면,대통령,지지,결집,관저,정치,대통령,자중,정치사,정파적,분열적,대통령,기록,추가,작정","구치소,비상계엄,지지층,경호차,지지자,후유증,지지자들,정파적,재판소,정치사,형사재판,피고인,경호처,탄핵심판,카퍼레이드,분열적,의기양양,대한민국,분들,윤석열",윤석열 대통령이 8일 오후 석방돼 한남동 관저로 복귀했다. 윤 대통령은 서울구치소를 나오며 경호차에서 내려 자신의 석방을 환영하는 지지자들을 향해 여러 차례 허리를 깊이 굽혀 인사했고 손을 들어 흔들면서 주먹을 불끈 쥐어 보이기도 했다. 관저 앞에 도착해서도 차에서 내려 지지자들과 악수하기도 했다. 윤 대통령은 석방 메시지를 통해 지지층에 감사 인사를 ..,https://www.donga.com/news/Opinion/article/all/20250309/131172331/2,
01100101.20250309200722001,20250309,경향신문,,"[사설]윤석열 석방, 헌재는 조기 파면해 이 혼란 종식해야",국제>중남미, 국제>미국_북미, 정치>청와대,,,,"정,정진석,윤석열,하나하나","안중,망상,12·3 비상계엄,대치","대명,공수처,헌법재판소,대통령비서실,서울구치소,헌재,대한민국,법원,재판,국민의힘","윤석열,석방,헌재,조기,파면,혼란,종식,대통령,윤석열,서울구치소,석방,우두머리,혐의,구속,구속,기소,절차,위법,요소,법원,결정,불법,재판부,결단,감사,대통령,헌법,권한,공무,수행,고초,분들,석방,기원,군경,헌법,유린,12,합법,공무,후안무치,말문,분노,윤석열,구치소,지지자들,관저,이동,주먹,별도,석방,입장문,응원,국민들,미래세대들,감사,종사자들,내란,중요,종사자,헌법재판소,압박,단식,국민의힘,의원,안위,걱정,석방,내란,수괴,낙담,불안,국민,안중,사과,한마디,대통령직,지지층,국론,분열,산정,구속,기간,산정,구속,취소,탄핵소추,주범,판결,개선장군,행세,언행,하나하나,다수,국민,부아,윤석열,관저,김치찌개,만찬,동석,정진석,대통령,비서실장,국정,중심,실장,회의,수석,비서관,주재,헌재,지난달,탄핵,심판,최후,진술,개헌,거론,수괴,복귀,망상,불법,계엄,체포,옥중,편지,헌재,심판정,구속,취소,석방,윤석열,선동,대명사,부응,국민,지도부,대선,주자,탄핵,기각,헌재,압박,내란,수괴,민주주의,중대,고비,거리,탄핵,찬성,반대,집회,대치,윤석열,혼란,바통,헌재,절차상,구속,취소,위헌,위법,행위,탄핵심판,별개,윤석열,거짓말,통치행위,구속,종범들,실토,증언,증거,윤석열,불응,날인,결과,공수처,수사,헌재,법정,증거,채택,헌재,법원,수괴,시민,목소리,외면,신속,파면,대한민국,국운,최고,헌법,기관,권위,권능","윤석열,탄핵심판,정진석,비상계엄,공수처,서울구치소,하나하나,국민의힘,개선장군,비서관,한마디,지지자들,대명사,통치행위,후안무치,김치찌개,대한민국,지지자,재판부","대통령 윤석열이 지난 8일 서울구치소에서 석방됐다. 내란 우두머리 혐의로 구속된 지 52일 만에 구속기소 절차에 위법적 요소가 있다는 법원 결정으로 풀려난 것이다. 그는 “불법을 바로잡아준 재판부 결단”에 감사하고, “대통령의 헌법상 권한에 따라 공무를 수행하다 고초를 겪는 분들의 석방”을 기원했다. 군경을 앞세워 헌법을 유린한 12 3 비상계엄을 여전..",https://www.khan.co.kr/article/202503092006001,
01101001.20250309182005001,20250309,한겨레,한겨레,[사설] 헌재 신속한 탄핵 결정으로 국가적 혼란 매듭지어야,정치>청와대, 정치>행정_자치, 정치>국회_정당,,,,윤석열,비상계엄,"중앙선거관리위원회,동원,서울중앙지법,검찰,헌법재판소,평의,헌재,국회,대리인단,법원,형사합의25부,국민의힘","헌재,신속,탄핵,결정,매듭,국가,혼란,윤석열,대통령,석방,국가,혼란,국민,갈등,서울중앙지법,형사,합의,무책임,결정,검찰,의심,즉시,항고,포기,종식,헌정,회복,예기,걸림돌,조성,국민,대통령실,석방,대통령,기화,헌법재판소,탄핵,결정,기각,주장,어불성설,헌재,중심,탄핵,결정,혼란,헌재,이번주,전원일치,대통령,파면,국정,정상,초석,석방,형사,소송,절차,지엽적,내란죄,실체,판단,탄핵심판,내란죄,형사재판,별개,헌재,비상계엄,대통령,파면,만큼,중대,헌법,법률,위반,판단,차례,변론,마지막,단계,재판관,평의,진행,그동안,증인,신문,헌재,증거,채택,피의자들,내란,사건,피의자,조서,검찰,진술,대통령,파면,근거,입증,비상계엄,선포,포고령,발령,군경,동원,군대,국회,봉쇄,동원,법관,중앙,선거,관리,위원회,압수,수색,정치인,체포,지시,쟁점,대통령,위헌,위법성,확인,대통령,대리인단,억지,궤변,동원,일분일초,대통령직,국민,확신,헌재,대통령,요구,변론,연장,거부,변론,지난달,상황,여권,헌재,석방,결정,반영,탄핵,심판,헌재,몰두,대통령,무죄방,대통령,극렬,지지,선동,자극,최소화,헌재,탄핵,결정,지체,대통령,현직,신분,특권,활용,수사,재판,방해,지연,행태,석방,결정,검찰,법원,사회,사법,헌재,최후,민주,헌정,보루,비상,책임감","비상계엄,내란죄,그동안,서울중앙지법,포고령,위원회,정치인,재판관,최소화,위법성,전원일치,일분일,피의자들,만큼,헌법재판소,피의자,대통령직,대리인단",윤석열 대통령의 때아닌 석방으로 국가적 혼란과 국민 갈등이 더 깊어지고 있다. 서울중앙지법 형사합의25부의 무책임한 결정과 검찰의 의심스러운 즉시항고 포기가 내란 종식과 헌정 회복에 예기치 않았던 걸림돌을 조성한 셈이다. 국민의힘과 대통령실에선 윤 대통령 석방을 기화로 헌법재판소가 탄핵 결정을 늦추거나 아예 기각해야 한다는 주장까지 공공연히 내놓고 있지..,http://www.hani.co.kr/arti/opinion/editorial/1186102.html,
01100901.20250308001544001,20250308,중앙일보,,[사설] 공수처와 검찰의 안이한 판단이 부른 대혼란,사회>사건_사고, 정치>행정_자치, 정치>청와대,,,,"윤,윤석열","계산,비상계엄","상급법원,고위공직자범죄수사처,검찰,국회,법원,형사합의25부,서울중앙지법,공수처,헌법재판소,평의,서울서부지법,헌재,재판부,재판","공수처,검찰,판단,대혼란,법원,결정,대통령,구속,취소,검찰,적법,기소,반발,형사재판,탄핵심판,별개,아전인수,해석,내란,혐의,재판,서울중앙지법,형사,합의,윤석열,대통령,구속,취소,신청,검찰,일주일,즉시항고,대통령,석방,형사재판,대통령,헌법재판소,탄핵,심판,변론,종결,선고,상황,형사,소송법,절차,내란죄,수사,논란,재판부,구속,취소,결정,가지,열흘,규정,구속기간,상태,기소,형소법,구속기간,영장실질심사,기록,법원,제외,수사기관,날짜,계산,재판부,실제,판단,기소,구속기간,대통령,체포,구금,고위공직자범죄수사처,내란죄,수사,여부,해소,재판부,논란,재판,상급심,파기,가능,재심,가능,지적,공수처,검찰,대처,지적,공수처,시한,애초,구속,체포적부심,영장실질심사,포함,나흘,연장,구속기간,검찰,지적,이첩,검찰,법원,구속,기간,연장,불허,대통령,조사,연장,신청,검찰,구속기간,이틀,연장,재판부,33시간,판단,구속기간,피의자,유리,재판부,판단,이해,날짜,통상,해석,배치,측면,적용,사례,현직,대통령,형평,논란,검찰,재판,영향,종합적,대응,방안,마련,공수처,내란죄,수사,논란,만큼,철저,준비,잡음,재판부,대통령,주장,후속,절차,대통령,검찰,대응,상급법원,판단,자중,애초,대통령,애초,시대착오적,비상계엄,국회,탄핵소추,찬반,집회,광장,사태,대통령,여야,정치,아전인수식,해석,지지자,자극,분열,조장,법원,고민,서울서부지법,대통령,체포영장,구속영장,발부,공수처,내란죄,수사,서울중앙지법,대통령,재판부,판단,법원,재판부,판사,독립적,재판,하급심,판단,2심,3심,정리,구속,현직,대통령,재판,내란,혐의,재판,판결,편차,국민,혼란,법원,불신,재판부,결정,형사,재판,평의,진행,헌재,탄핵심판,별개,결정,진행,수사,부정,헌재,압박,결과","재판부,구속기간,내란죄,공수처,탄핵심판,서울중앙지법,아전인수식,시간date,형사재판,영장실질심사,공직자,비상계엄,서울,고위공직자범죄수사처,시대착오,서울서부지법,즉시항고,3심","━
 법원, 윤 대통령 구속 취소 결정 검찰은 “적법 기소” 반발 
 
 ━
 형사재판과 탄핵심판은 별개, 아전인수식 해석 말아야 
 어제 내란 혐의 재판을 담당하는 서울중앙지법 형사합의25부가 윤석열 대통령이 낸 구속취소 신청을 받아들였다. 검찰이 일주일 내 즉시항고하지 않으면 윤 대통령은 석방돼 형사재판을 받게 된다. 윤 대통령에 대한 헌법재판소의 ..",https://www.joongang.co.kr/article/25319068,
01100101.20250307183233001,20250307,경향신문,,"[사설]1년 의료대란 뒤 백기 든 정부, ‘최악의 국정 실패’부터 사과하라",사회>교육_시험, 정치>청와대, 사회>노동_복지,,,,윤석열,,"의대,정부,교육부","의료,대란,백기,정부,최악,국정,실패,사과,정부,휴학,의대생,3월,복귀,조건,정원,내년도,의대,2024학년도,3058명,교육부,내년도,정원,규모,증원,조정,2027년도,논의,의료,파국,고육지책,13개월,전공의,의대생,집단행동,정부,결국,백기,1년,국민,혼란,고통,의대,정원,필수의료,개혁,중대,고비,결정,의대,학장,협의체,지난달,교육부,장관,간담회,건의,수용,정부,회의,정책,실패,자인,의견,조율,진통,의대,교육,파행,위기의식,작용,휴학생들,미복귀,신입생,가세,내년,사실,수업,불가능,상황,교육부,이날,정상화,의대,교육,정상,대책,25학번,24학번,복귀,더블링,대응,분리,교육,방안,골자,신입생,휴학생들,과밀,환경,수업,정부,대학,지속적,실효적,교육,대책,의대생,여부,수업,복귀,정부,수업,복귀,전제,정원,내년,의대,원점,의대,복귀,불투명,대통령,윤석열,탄핵심판,협상,움직임,정부,의대생,수업,미복,귀시,내년도,의대,정원,규모,증원,5058명,유지,입장,의료계,필수,의료,패키지,철회,요구,불씨,의정,갈등,잠재,의정,갈등,정부,증원,의대,시작,반발,대학,병원,전공의,집단,사직,의대생,동맹,휴학,정부,2000명,근거,공감,초창기,국민,의대,증원,결국,실패,정부,일방통행식,정책,애초,이해,당사자,증원,규모,조율,합의,단추,정책,혼란,초래,최악,사례,국정,실패,정부,국민,고통,해법,의료,대란,사과,의료인력수급추계위,2027년,의대,정원,증원,규모,지역,필수,의료,강화,로드맵,증원,내년,의대,요구,관철,의료계,전향적,대화,학생,전공의들,학교,의료현장,복귀","의대생,교육부,내년도,전공의,전공의들,필수의료,휴학생,신입생,휴학생들,의료계","정부가 휴학한 의대생들이 3월 말까지 복귀하는 조건으로 내년도 의대 정원을 2024학년도와 같은 3058명으로 되돌리기로 했다. 교육부는 7일 내년도 정원 규모는 증원 이전으로 조정하되, 2027년도부터는 다시 논의하기로 했다고 밝혔다. 의료 파국 앞의 고육지책이겠으나, 13개월째 이어지고 있는 전공의 의대생들의 집단행동에 정부가 결국 백기를 들고 물러..",https://www.khan.co.kr/article/202503071831001,
01100801.20250307003106001,20250307,조선일보,조선일보,"[사설] 헌재, 통상 전문가 한 총리 복귀 시간 끌면 안 돼",정치>청와대, 국제>일본, 국제>아시아,,,,"트럼프,한덕수,김용현,한,최상목",한국,"미국,민주당,정부,헌법재판소,검찰,SK,헌재,삼성,국무위,골든 타임","헌재,통상,전문가,총리,복귀,한덕수,국무총리,탄핵,심판,변론,지난달,선고,최종,변론,선고,정도,만큼,선고,전망,헌법재판소,계엄,국무회의,계엄,국무,회의,참석,국무위원들,수사,기록,민주당,요청,민주당,수용,재판,심리,참고,자료,요청,이례적,검찰,수사,기록,제출,요구,거부,민주당,총리,계엄,연루,의혹,주장,김용현,국방,장관,검찰,공소장,대통령,계엄,당일,총리,소집,총리,계엄,사전,내란,공모,민주당,총리,탄핵,진짜,민주당,요구,헌법재판관,임명,내란,공모,민주당,변론,기록,국무,위원,수사,총리,탄핵,기각,가능성,대통령,탄핵,심판,가능성,헌재,우리나라,사정,당리당략,트럼프,대통령,한국,거론,청구서,시작,미국,군사,지원,한국,관세,연결,전임,정부,삼성,SK,약속,달러,보조금,미국,흑자,대미,무역,나라,국가,협상,시작,4월,상호,관세,부과,예고,협상,골든,타임,얼마,통상,전문가,주미,대사,총리,국가,손실,경제,1월,생산,소비,투자,하락,트리플,감소,현상,폐업,건설사,103곳,총리,경제부총리,안보,경제,위기,동시,총리,국정,복귀,최상목,대행,경제,부총리,역할,전념,헌재,결정,총리,복귀","민주당,국무위원들,미국,한국,경제부총리,한덕수,전문가,가능성,부총리,삼성,김용현,우리나라,당리당략,보조금,재판관,건설사,청구서,헌법재판소","한덕수 국무총리 탄핵 심판은 지난달 19일 변론이 끝나고 선고만 남았다. 통상 최종 변론에서 선고까지 2주일 정도 걸리는 만큼 이번 주 선고가 나올 것이란 전망이 많았다. 그런데 헌법재판소는 계엄 당시 국무회의에 참석한 국무위원들의 수사 기록을 받아달라는 민주당 측 요청을 수용했다. 재판 심리가 다 끝났는데 참고 자료를 요청하는 것도, 이를 받아주는 것..",https://www.chosun.com/opinion/editorial/2025/03/07/Q2QY24VK65B2ZAA7TZODJYHGYI/?utm_source=bigkinds&utm_medium=original&utm_campaign=news,
01100801.20250307002029001,20250307,조선일보,조선일보,[사설] “내란죄로 엮겠다며 살려면 양심선언 하란다”,정치>국회_정당, 정치>청와대,,,,,"김현태,김,홍장원,곽종근,김병주,윤석열,김용현,곽,허영",비상계엄,"변호인단,경희대,민주당,유튜브,국방장관,국회,헌재,국정원,국민의힘","내란죄,양심선언,곽종근,특전사령관,비상계엄,이틀,지인,자신,내란죄,처벌,양심선언,회유,취지,육성,공개,사령관,지인,통화,양심선언,사정,내란죄,속사정,자신,경제,상황,변호사,거론,사령관,통화,통화,특전사,방문,민주당,김병주,의원,유튜브,김용현,국방장관,국회의원들,지시,발언,현역,사령관,현역,정치인,유튜브,출연,이례적,이날,발언,윤석열,대통령,탄핵소추,내란죄,수사,근거,유튜브,사령관,국회,인원들,요원들,이야기,민주당,의원,국회의원들,707단장,김현태,특전사,단장,지난달,국회,민주당,의원,사령관,변호사,소개,약속,자신들,답변,회유,정황,진술,단장,민주당,관계자,사령관,사령관,지인,통화,국민,변호인단,윤석열,대통령,민주당,내란죄,사령관,회유,협박,민주당,관계자,사람,양심선언,홍장원,국정원,차장,정치인,체포,명단,메모,작성,장소,의심,국회의원들,지시,사령관,증언,회유,정황,헌법학자,석좌교수,허영,경희대,석좌,교수,회유,의혹,당사자들,탄핵,심판,종결,헌재,헌재,탄핵심판,선고,대통령,탄핵,심판,결과,사회,후유증,가능성,선고,의문점,추가","사령관,민주당,내란죄,양심선언,유튜브,특전사,탄핵심판,정치인,변호사,국회의원들,윤석열,경희대,김현태,국회의원,관계자,후유증,요원들,가능성,의문점,국정원,인원들,당사자들,석좌교수",곽종근 전 특전사령관이 비상계엄 이틀 뒤인 작년 12월 5일 저녁 지인에게 자신이 내란죄로 처벌될 수 있으니 양심선언을 하라는 회유를 받았다는 취지의 육성이 공개됐다. 곽 전 사령관은 지인과 통화하면서 “살려면 나보고 양심선언을 하라는데” “얘들이 사정은 아는데 그래도 뭐 내란죄로 엮겠단다”라고 말했다. 그는 “속사정이 많은데 지금은 아무도 내 말을 안..,https://www.chosun.com/opinion/editorial/2025/03/07/6Z37OPCIJVFC7AVEZZI2O2UIKU/?utm_source=bigkinds&utm_medium=original&utm_campaign=news,
01100101.20250306181545002,20250306,경향신문,,"[사설]이재명의 ‘비명계-검찰 내통’ 발언, 이래서 통합되겠나",정치>국회_정당, 정치>청와대,,,,,"진보라,이,윤석열,이재명",,"민주당,검찰,유튜브,더불어민주당,국회,법원","이재명,비명계,검찰,내통,발언,통합,대표,이재명,더불어민주당,자신,체포동의안,국회,가결,당내,비명,검찰,내통,결과,취지,대통령,윤석열,음모론,분열,배제,증오,선동,행태,국민들,주자,유력,대권,야당,대표,대표,당내,통합,역행,이율배반,발언,대표,5일,유튜브,방송,검찰,수사,당내,움직임,당내,검찰,증거,추측,타이밍,연관성,당내,유력,처벌,당대표,시점,나중,시점,영장,청구,대표,체포동의안,찬성표,의원들,인간적,정치,검찰,민주당,검찰,결탁,당내,세력,규정,배제,대상,통합,대상,근거,검찰,내통,추측,경솔,무책임,대표,체포동의안,찬성표,세력,배제,선언,행보,당내,통합,지속,대표,당내,통합,통합,대표,표결,체포,동의,찬성,정치,책임,행위,규정,동의,검찰,구속,영장,청구,이재명,의도,방탄,국회,비판,여론,전원,소속,의원,반대표,체포동의안,부결,민주당,정당,대표,방탄,꼬리표,법원,심사,구속영장,기각,민주당,대표,자신,대표,중도,보수,민심,민주당,보수정당,주장,대표,반신반의,진보,이념,태도,신뢰성,지적,태도,당내,통합,지지층,확장","민주당,체포동의안,이재명,구속영장,찬성표,더불어민주당,비명계,윤석열,음모론,국민들,연관성,신뢰성,유튜브,지지층,경솔,당대표,꼬리표,의원들,반신반의,무책임,반대표,보수정당","이재명 더불어민주당 대표가 2023년 자신의 체포동의안이 국회에서 가결된 것을 두고 당내 비명계와 검찰이 내통한 결과라는 취지로 말했다. 대통령 윤석열의 황당한 음모론과 분열 배제 증오를 선동하는 행태에 지친 국민들 앞에서 유력 대권 주자인 제1야당 대표가 할 말인가 묻지 않을 수 없다. 이 대표가 말하는 당내 통합에도 역행하는 이율배반적 발언이다.

..",https://www.khan.co.kr/article/202503061815001,
01100801.20250306002603001,20250306,조선일보,조선일보,[사설] 美 국방차관 후보 “韓 정치로 한 미 일 협력 불분명”,정치>외교, 국제>미국_북미, 국제>일본,,,,"윤,윤석열,이재명","미국,일본,중국,한국,북한,풍전,韓,미,계산,한일,비상계엄,일,한,러시아","한·일 위안부,미국,민주당,한미 동맹,국방부,더불어민주당,국회,한국,행정부,정부,한일 군사비밀정보 보호협정,한일,나토","후보,협력,후보자,엘브리지,콜비,미국,국방부,정책,차관,4일,협력,안보,6~8개월,한국,정치,역학,파트너십,아시아판,나토,가능,질문,한마디,한국,정치,불안정성,지속적,협력,얘기,콜비,6~8개월,역산,여소야대,국회,출범,도미노,더불어민주당,폭주,윤석열,대통령,비상계엄,대통령,국무총리,줄탄핵,염두,미국,주목,민주당,성향,친중,여론,민주당,유리,민주당,발의,탄핵소추안,대통령,탄핵,소추,대통령,가치,외교,미명하,북한,중국,러시아,적대시,일본,중심,외교,정책,고집,담당자들,미국,정책,주목,미국,이재명,대표,생각,확인,미국,한국,정권,한국,정부,협력,입장,경험,시절,박근혜,정부,미국,성사,위안부,합의,문재인,정부,출범,파기,체결,보호협정,한일,군사,비밀,정보,보호,협정,정부,출범,직전,파기,행정부,트럼프,압박,유지,정부,출범,한일,개선,협력,궤도,계엄,탄핵,사태,미국,한국,정치,민주당,불신,미국,중국,견제,한일,트럼프,계산,예측,한국,본격적,친중,신호,한미,동맹,풍전등화","미국,한국,한일,민주당,친중,중국,콜비,박근혜,엘브리지,국방부,풍전,여소야대,풍전등화,나토,역산,한미,일본,아시아판,적대시",엘브리지 콜비 미국 국방부 정책담당 차관 후보자가 4일 미 상원 인준 청문회에서 한 미 일 3국 안보 협력에 대해 “지난 6~8개월간 한국의 정치적 역학 관계를 고려하면 그 파트너십이 계속될 수 있을지 분명하지 않다”고 했다. ‘아시아판 나토가 가능한가’란 질문에 답하면서 나온 말이다. 한마디로 ‘한국 정치의 불안정성’ 때문에 더 폭넓고 지속적인 협력은..,https://www.chosun.com/opinion/editorial/2025/03/06/DYUYBM6QSFBXRK6DZJMKMALL2M/?utm_source=bigkinds&utm_medium=original&utm_campaign=news,
01100801.20250305003334001,20250305,조선일보,조선일보,[사설] “개헌으로 미래 열자” 여 야 보수 진보 다 모였다,정치>국회_정당, 정치>선거, 정치>청와대,사회>사회갈등>시위,,,"김황식,김형오,윤석열,문희상,정의화,정운찬,이낙연,이재명,정세균,박병석,김부겸,강창희,김진표","서면,대한민국","개헌특위,민주당,국가미래전략원,개헌특별위원회,민주화추진협의회,헌정회,서울대,국회,대국,국민의힘","개헌,미래,보수,진보,국가미래전략원,서울대,국가,미래,전략원,주최,개헌,토론회,전직,국회,의장,국무총리,정치,원로,참석,민주당,출신,국민,출신,강창희,김형오,정의화,문희상,정세균,박병석,김진표,국회의장,정운찬,김황식,이낙연,김부겸,국무총리,토론회,참석,발언,서면,의견,정대철,헌정,회장,김종인,국민,비대위원장,참석,여야,보수,진보,정치,원로,개헌,한자리,자체,개헌,국가적,증명,참석자들,진보,보수,승자,독식,헌법,체제,정치,양극화,권력,분산,개헌,정치,복원,대통령,임기,단축,총선,대선,주기,주장,여야,극한,충돌,결국,계엄,탄핵,시위,찬반,현실,국민,미래,개헌,정치,갈등,나라,한마음,현역,시절,여야,진영,정치,원로,호소,국민,별도,이날,개헌,특별,위원회,회의,대한민국,헌정회,민주화,추진협의회,토론회,개헌,정당,대선,후보,대선,개헌,공언,개헌,사실,부정,당선,유력,대선,후보,대선,개헌,당선,사람,자신,임기,개헌,방해,조기,대선,여야,대선,주자,개헌,공언,국민,주자,개헌,임기,단축,주장,민주당,이재명,대표,제외,다수,대선,주자,개헌,추진,윤석열,대통령,탄핵,심판,개헌,의사,임기,대표,이재명,민주당,사람,3년,대선,대선,후보,단임,중임,개헌,주장,당선,임기,단축,공약,대선,대표,구성,국회,개헌,특위,제안,계엄,가능성,조기,대선,가능,자신,여론조사,1위,개헌,외면,국민,60%,개헌,찬성,여야,개헌,목소리,대표,민주당,개헌,반대,경제,사회,발전,정치,병목,현상,규제,개혁,노동,개혁,연금,개혁,교육,개혁,공공,개혁,재도약,경제,사회,핵심,국정,정치,발짝,근본,원인,정치,상대,반대,국민,세대,미래,과거,개헌,대선,주자,공언,대표,포함,정치인들,개헌,방법,구체적,문서,서명,대국민,약속","민주당,토론회,국무총리,정대철,서울대,국회의장,진영,이재명,대국민,문희상",4일 서울대 국가미래전략원이 주최한 개헌 토론회에서 전직 국회의장과 국무총리 등 정치 원로들이 대거 참석했다. 이 중에는 민주당 출신도 있고 국민의힘 출신도 있다. 강창희 김형오 정의화 문희상 정세균 박병석 김진표 전 국회의장과 정운찬 김황식 이낙연 김부겸 전 국무총리가 토론회에 직접 참석해 발언하거나 서면으로 의견을 보냈다. 정대철 헌정회장과 김종인 ..,https://www.chosun.com/opinion/editorial/2025/03/05/LZXVU3J6VJFAHHHNBSRTL45NT4/?utm_source=bigkinds&utm_medium=original&utm_campaign=news,
01101001.20250304182009002,20250304,한겨레,한겨레,[사설] 극우 논리 ‘헌재 비난 서한’ 국제기구 보낸 인권위원장,국제>중남미, 정치>청와대, 국제>미국_북미,,,,"윤,박근혜,윤석열,안,문형배","중국,서한,비상계엄","애초,인권위,헌법재판소,불공정,검찰,서한,국가인권위,헌재,전원위원회,세계국가인권기구연합","서한,극우,논리,헌재,비난,국제기구,인권위원장,헌법,재판관,출신,안창호,국가,인권,위원장,국제,인권,기구,헌법재판소,비난,서한,사실,윤석열,대통령,탄핵,심판,절차,생트집,헌재,공격,취지,서한,극우,성향,인권,위원,주도,대통령,방어,보장,권고,인권위,결정문,반대,의견,첨부,내란,권력자,비호,인권위,역할,국제,인권,기구,서한,나라,망신,망신,위원장,세계국가인권기구연합,시민,제기,인권위,12,해명,요구,국민,50%,불공정,재판,헌재,비난,답변서,지난달,문형배,헌재,소장,권한,대행,겨냥,헌법재판관,과거,행적,소속,단체,논란,주장,위원장,언급,재판,헌재,형사소송법,준용,탄핵심판,피청구인,대통령,동의,검찰,조서,증거,채택,형소법,개정,형사재판,피고인,동의,검찰,조서,증거,탄핵심판,대통령,탄핵,심판,조항,헌재법,헌법재판,성격,준용,성격,징계,절차,탄핵심판,유무죄,형사재판,진행,취지,헌재,탄핵심판,형소법,전문법칙,완화,적용,위원장,헌법재판관,파면,찬성,박근혜,탄핵,심판,확립,원칙,탄핵심판,대통령,탄핵,심판,원칙,적용,불공정,주장,자신,인권위원장,임명,보은,설명,위원장,전원,위원회,인권위원들,항의,의문,제기,헌재,비난,발뺌,위원장,결정,출처,박근혜,파면,결정,중국,고사,성어,인용,보충의견,망신,애초,헌법,재판관,자질,의심,인사,임명,그동안,행적,인식,인권위원장,수준,비판,위원장,인권위,나라,자중","위원장,인권위,탄핵심판,헌법재판관,박근혜,형소법,재판관,불공정,인권위원장,인권위원들,중국,비상계엄,헌재법,형사재판,문형배,안창호,보충의견,권력자,전문법칙",헌법재판관 출신 안창호 국가인권위원장이 국제 인권기구에 헌법재판소를 비난하는 내용의 서한을 보낸 사실이 드러났다. 윤석열 대통령이 탄핵심판 절차에 생트집을 잡아 헌재를 공격한 것과 같은 취지의 서한이다. 여기에 극우 성향 인권위원들 주도로 윤 대통령의 방어권 보장을 권고한 인권위 결정문을 반대 의견은 뺀 채 첨부했다고 한다. 내란을 일으킨 권력자를 비호..,http://www.hani.co.kr/arti/opinion/editorial/1185304.html,
01101001.20250304182008001,20250304,한겨레,한겨레,"[사설] 마은혁 임명 않는 최상목, 헌법 무시하며 ‘통합’이라니",정치>청와대, 정치>행정_자치, 정치>선거,,,,"서천호,마,윤석열,이유나,마은혁,한덕수,최,최상목",,"민주당,헌법재판소,더불어민주당,국회,헌재,대한민국,국무위,국정협의회,국민의힘","마은혁,임명,최상목,헌법,무시,통합,권한대행,최상목,대통령,권한,대행,국무,위원,임명,마은혁,헌법,재판관,임명,논의,숙고,임명,재판관,헌법,의무,헌법재판소,결정,명분,직무,유기,의무,헌법,수호,배반,주재,대행,국무,위원,간담회,임명,재판관,의견,가지,숙고,다수,동의,대행,발언,국무,회의,공개,대한민국,생존,번영,통합,더불어민주당,국정,협의회,참가,촉구,임명,재판관,자신,지난달,재판관,임명,보류,반발,국정협의회,불참,야당,협조,당부,대행,숙고,대상,임명,재판관,반대,여당,압박,국민,윤석열,대통령,탄핵,심판,초기,임명,헌법,재판관,반대,완전체,구성,서천호,의원,헌법재판소,주장,비판,표현,정당,대행,중도,다수,세력,내란,동조,국민,무리,주장,눈치,임무,방기,대행,한덕수,국무총리,탄핵,심판,선고,관측,자신,책임,이행,정치,부담,회피,태도,대행,재판관,즉시,임명,사유,헌법재판소,지난달,헌법,재판소,대행,재판관,임명,국회,헌법,재판관,선출,헌재,구성,침해,결정,헌재,후보자,여야,합의,대행,주장,입증,자료,헌재,결정,닷새,대행,임명,임명,재판관,사이,사안,여야,갈등,임명,재판관,임명,국정협의회,거부,민주당,태도,임명,재판관,헌법,의무,자신,방기,사태,대행,대행,실천,헌법,준수,여당,부당,압박,책임,회피","재판관,국정협의회,헌법재판소,최상목,마은혁,협의회,간담회,재판소,완전체,국무총리,윤석열,한덕수","최상목 대통령 권한대행이 4일 국무위원들과 마은혁 헌법재판관 임명 문제를 논의했으나, 결론 없이 더 숙고하기로 했다. 마 재판관 임명이 헌법적 의무라고 헌법재판소가 분명하게 결정했는데도 뚜렷한 이유나 명분도 없이 직무를 유기하며 헌법 수호 의무를 배반하고 있는 것이다.
최 대행 주재로 열린 국무위원 간담회에서는 마 재판관 임명과 관련해 다양한 의견이 나..",http://www.hani.co.kr/arti/opinion/editorial/1185300.html,
01100101.20250304181608002,20250304,경향신문,,"[사설] 국제인권기구에 헌재 비난 서한, 안창호 제 정신인가",국제>미국_북미, 정치>국회_정당, 국제>중남미,,,,"안창호,안창호,윤석열,안","서한,비상계엄","인권최고대표사무소,인권위,변호인단,헌법재판소,불공정,국제인권기구,서한,헌재,국가인권위원회,유엔,세계국가인권기구연합","국제인권기구,서한,헌재,비난,안창호,정신,위원장,안창호,국가,인권,위원회,국제인권기구,헌법재판소,비난,서한,여권,극우,보수층,헌재,공격,논리,12,노골적,비호,서한,헌재,대통령,윤석열,탄핵,심판,결정,불복,여론,의도,의심,헌법상,기본권,인권,수호,국가,독립,기구,수장,헌정,민주주의,유린,내란,옹호,참담,안창호,위원장,세계국가인권기구연합,GANHRI,승인소위,SCA,사무국,유엔,인권,최고,대표,사무소,OHCHR,국민,50%,가까이,헌재,여론,조사,결과,국민,재판관,소속,단체,과거,행적,거론,대통령,탄핵,심판,주장,서한,서한,나라,인권,기구,등급,심사,간리,시민,인권위,독립성,상실,비상계엄,옹호,특별심사,요청,간리,승인소위,인권위,입장,요청,위원장,답변,위원장,서한,헌재,법령,형사소송법,준용,증인,신문시간,제한,불공정,재판,진행,윤석열,변호인단,논리,대변,인권위,지난달,논란,의결,윤석열,대통령,방어,보장,안건,옹호,결정문,서한,첨부,위원장,비판,헌재,탄핵,판단,인권,발생,최소화,심리,진행,일념,결정,주장,헌재법,규정,형사소송법,준용,주장,헌재,탄핵,심판,절차,형사절차,성격,헌법재판,성질,한도,형사소송법령,준용,헌법재판관,헌재법,규정,위원장,세력,탄핵,반대,주장,답습,위원장,12,민주주의,국민,기본,파괴,윤석열,옹호,인권위,위상,추락,위원장,자리,사퇴","위원장,윤석열,인권위,안창호,간리,민주주의,재판관,승인소위,국제인권기구,형사소송법,기본권,헌재법,사무소,사무국,신문시간,최소화,보수층,불공정,형사소송법령,헌법상,특별심사,비상계엄,헌법재판",안창호 국가인권위원회 위원장이 국제인권기구에 헌법재판소를 비난하는 서한을 보냈다. 여권과 극우 보수층이 헌재를 공격하는 논리를 그대로 담아 12 3 내란을 노골적으로 비호하는 내용의 서한이다. 헌재 흔들기를 통해 대통령 윤석열 탄핵심판 결정에 불복 여론을 부추기려는 의도를 의심케 한다. 헌법상의 기본권과 인권 수호에 앞장서야 할 국가 독립기구의 수장이 ..,https://www.khan.co.kr/article/202503041815001,
01101101.20250304001112001,20250304,한국일보,,"[사설] 민주당, 마은혁 임명이 국정협의회와 맞바꿀 사안인가",정치>국회_정당, 정치>청와대, 정치>선거,,,,"박찬대,윤석열,이재명,우원식 국회의장,마은혁,권성동,박성준,최상목,최 권한대행",경기,"민주당,국민연,헌법재판소,더불어민주당,교섭단,국회,헌재,국정협의회,국민의힘,국무위","민주당,마은혁,임명,국정협의회,사안,더불어민주당,마은혁,헌법,재판관,후보자,임명,국회,정부,국정,협의회,재개,전제조건,박성준,원내,대변인,권한대행,최상목,대통령,권한,대행,후보자,임명,국정협의회,보이콧,경기부양,추가경정예산,추경,반도체특별법,경제,법안,국민,연금,개혁,현안,논의,중단,민주당,지난달,권한,대행,우원식,국회,의장,권성동,국민,원내대표,원내대표,박찬대,민주당,원내,대표,참여,국정,협의회,30분,불참,선언,임명,후보자,대행,대화,상대,인정,헌법재판소,지난달,후보자,임명,취지,결정,만큼,대행,만큼,지체,명분,임명,후보자,헌재,정상화,헌정질서,단추,민주당,압박,대행,국정협의회,연계,윤석열,대통령,불법계엄,경제,파탄,비판,민주당,민생경제,볼모,모양새,경제,침체,위기,하루,추경안,편성,경기,주지,사실,이재명,대표,지난달,국회,교섭,단체,연설,추경,역설,경기,회복,골든타임,국민,연금,개혁,지원,반도체,산업,국가,미래,현안,촌각,계엄,정국,정상화,국정,정상,국정협의회,대통령,탄핵,저지,국민,탄핵,속도전,요구,위협,국무,위원,줄탄핵,강경책,일관,민주당,책임,헌법,재판관,임명,민생경제,결부,무리수,진정성,의심,구성,헌재,재판관,탄핵,유리,속내,의심,시선,민주당","민주당,협의회,국정협의회,후보자,재판관,반도체,마은혁,줄탄핵,만큼,정상화,원내대표,권한대행,박성준,우원식,최상목","더불어민주당이 마은혁 헌법재판관 후보자 임명을 국회 정부 국정협의회 재개의 전제조건으로 내걸었다. 박성준 원내대변인은 어제 최상목 대통령 권한대행이 마 후보자를 임명할 때까지 국정협의회를 보이콧하겠다고 밝혔다. 이에 따라 경기부양을 위한 추가경정예산(추경), 반도체특별법 등 경제 법안, 국민연금 개혁안 등 시급한 현안 논의는 중단됐다.
민주당은 지난달 ..",https://www.hankookilbo.com/News/Read/A2025030316170001988,
01101101.20250304001108002,20250304,한국일보,,"[사설] ""헌재 쳐부수고, 재판관 처단"" 법치 파괴 조장이다",정치>행정_자치, 정치>선거, 정치>청와대,범죄>범죄일반>폭행,,,"전광훈,박근혜,정계선,서천호,윤석열,이미선,문형배,김용현","광화문,서울,12·3 비상계엄","중앙선거관리위원회,서부지법,정부,대한민국바로세우기운동본부,포고령,헌법재판소,경찰,국가정보원,국방장관,헌재,고위공직자범죄,국민의힘","헌재,재판관,처단,조장,법치,파괴,윤석열,대통령,탄핵,결정,헌법재판소,겨낭,공격,의원,여당,현역,헌재,선동,구속,장관,헌법재판관,처단,지경,집회,참가자,국회의원,전직,장관,소리,헌법기관,권능,행사,강압,폭력,조장,행위,선동,의원,서천호,국민의힘,고위,공직자,범죄,수사처,중앙선거관리위원회,헌재,불법,파행,자행,전광훈,목사,대한민국바로,운동본부,서울,광화문,집회,연설,경찰,출신,의원,박근혜,정부,국가,정보원,사건,댓글,조작,6개월,징역,선고,판결,유죄,윤석열,정부,이례적,차례,특별,사면,국회의원,자리,폭력,방식,보은,집회,김용현,국방장관,변호인,재판,불법,탄핵,주도,문형배,이미선,정계선,헌법,재판관,처단,편지,장관,옥중,낭독,12,의료인,48시간,본업,복귀,위반,계엄법,위반,처단,포고령,파문,처단,단어,헌법재판관,사용,강성,지지자,난동,서울,서부지법,이젠,헌재,폭력,선동,정치권,행태,참담,대통령,국민들,청년들,비상,위기,고초,아무것,기름,사법시스템,부정,위협,발언들,표현,자유,이름,용인,대학가,극우,유튜버,학생,시민,위협,국민,헌정,질서,법치주의,근간,행위,헌재,겁박,위축,국민,절반,한국갤럽,헌재,심판,공정","서울,윤석열,국회의원,비상계엄,헌법재판관,재판관,서부지법,국민의힘,정계선,서천호,수사처,중앙선거관리위원회,공직자,대한민국바로","윤석열 대통령 탄핵 결정이 임박하면서 헌법재판소를 겨낭한 공격이 갈수록 도를 넘어서고 있다. 여당 현역 의원이 “헌재를 쳐부수자”고 선동하고, 구속된 장관은 “헌법재판관을 처단하자”고까지 나서는 지경이다. 집회 참가자도 아니고 국회의원과 전직 장관이 할 소리인가. 헌법기관의 권능 행사를 강압하고 폭력을 조장하는 행위야말로 내란 선동에 다름 아닐 것이다...",https://www.hankookilbo.com/News/Read/A2025030315550005815,
01100101.20250303192213001,20250303,경향신문,,[사설] 최상목은 ‘마은혁 임명’ 헌재 결정 언제까지 미룰 건가,정치>행정_자치, 정치>청와대, 정치>선거,사회>사회갈등>시위,,,"권영세,박수영,윤석열,마은혁,최,최상목",계산,"동원,민주당,헌법재판소,더불어민주당,헌재,국회,국무총리실,대한민국,우리법연구회,국정협의회,국민의힘,국무위","최상목,마은혁,임명,헌재,결정,건가,권한대행,최상목,대통령,권한,대행,마은혁,헌법,재판관,후보자,임명,후보자,헌법재판관,임명,권한,행위,침해,국회,권한,헌법,재판소,결정,존중,여부,임명,입장,국정,최고,책임자,대행,헌법,책무,이행,상황,납득,대행,국무총리실,관계자,헌재,결정,정무,판단,정무,판단,임명,후보자,탄핵심판,대통령,윤석열,탄핵,심판,영향,계산,후보자,임명,윤석열,부담,의미,재판관,임명,논란,변론,갱신,헌재,후보자,탄핵심판,제외,체제,결정,위헌,시비,대통령,권한,대행,대한민국,헌법질서,수호,기관,헌재,결정,이행,자체,헌정질서,무시,행위,헌법,권위,손상,대행,임명,후보자,추가,경정,예산,편성,연금,개혁,논의,지난달,예정,국정협의회,취소,더불어민주당,임명,후보자,대행,대화,상대,인정,전격,불참,국민,보수언론들,탄핵,정국,국정,현안,여야,협력,협의회,취지,민주당,비판,헌법,책무,파탄,원인,제공,대행,책임,헌재,결정,반발,국민,행태,박수영,의원,임명,후보자,반대,단식농성,권영세,비상,대책,위원장,임명,후보자,재판관,출신,색깔론,동원,탄핵심판,지연,헌법,재판관,인사,청문회,거부,국민,여야,합의,종북몰이,반대,후보자,임명,현실,개탄,여론,탄핵,찬성,반대,여론,20%포인트,조사,정무,판단,국민,여권,사이,헌정질서,대행,책무,후보자,임명,지연,비판,대행,간담회,국무,위원,임명,여부,논의,대행,후보자,임명","후보자,재판관,윤석열,탄핵심판,헌법재판관,마은혁,협의회,최상목,권영세,헌정질서,간담회",최상목 대통령 권한대행이 마은혁 헌법재판관 후보자 임명을 차일피일 미루고 있다. 마 후보자를 헌법재판관에 임명하지 않은 최 권한대행의 행위가 국회 권한 침해라는 헌법재판소 결정이 나온 지 5일이 지났는데도 “존중한다”고만 했을 뿐 임명 여부에 대해 뚜렷한 입장을 밝히지 않고 있다. 현재 국정 최고책임자인 최 대행이 헌법적 책무를 이행하지 않는 상황을 누..,https://www.khan.co.kr/article/202503031921001,
01100101.20250303182542001,20250303,경향신문,,[사설]‘한 미동맹 맹신’에서 깨어날 필요 일깨운 미 우 회담,국제>미국_북미, 정치>외교, 국제>러시아,,,,"트럼프,윤석열,마코,도널드 트럼프,볼로디미르 젤렌스키","우크라이나,파나마운하,미국,유럽,루비오,중국,한국,러,그린란드,안중,중,2차 세계대전 이후,대서양 동맹,미,러시아","미·우 정상회담,미국,한·미 동맹,백악관,한국,한·미동맹 맹신,러시아","미동맹,맹신,회담,지난달,현지시간,도널드,트럼프,미국,대통령,볼로디미르,젤렌스키,우크라이나,대통령,회담,파행,트럼프,젤렌스키,면전,안전,보장,요구,거부,침략국,러시아,두둔,우크라이나,전쟁,책임,희생,강요,백악관,사실상,젤렌스키,미국,요구,광물협정,서명,생각,미국,중단,우크라이나,지원,젤렌스키,사퇴,거론,압박,정상회담,미국,이익,동맹,적국,우선주의,트럼프식,미국,세계,대전,유지,국제,질서,근간,트럼프,미국,우선주의,1기,노골화,트럼프,동맹들,부과,고율,관세,예고,그린란드,파나마운하,소유,야심,동맹,우방,안중,미국,이익,우크라이나,전쟁,종전,협상,그동안,미국,주도,국제,안보,질서,충격적,미국,관점,전통,대외,정책,러시아,대서양,동맹,유럽,배제,비판,가능,미국,패권,지위,마코,루비오,국무,장관,세계,일극,세력,정상,열강,질서,트럼프,세계,다극,체제,본격화,가능성,중국,러시아,유럽,정상들,긴급,회의,미국,자격,자유,진영,리더,성토,한편,안보,지형,변화,자구책,부심,국제,질서,변동,한국,한국,안보,미국,의존,경제,미국,비중,우크라이나,사례,동맹,적국,트럼프,협상,선택,불안,트럼프,대외,정책,기조,지속,동맹,낭패,십상,동맹,절대시,그간,외교,방식,국제,질서,지각변동,능동적,대비,탄핵,정국,외교,리더십,공백,상태,외교,전면,중단,대통령,윤석열,가치외교,불화,회복","미국,우크라이나,젤렌스키,러시아,유럽,루비오,마코,우선주의,한국,도널드,트럼프식,백악관","지난달 28일(현지시간) 도널드 트럼프 미국 대통령과 볼로디미르 젤렌스키 우크라이나 대통령의 회담이 파행으로 끝났다. 트럼프는 젤렌스키 면전에서 안전보장 요구를 거부한 것은 물론, ‘침략국’ 러시아를 두둔하면서 우크라이나에 전쟁 책임과 희생을 강요했다. 백악관에서 사실상 쫓겨난 젤렌스키가 미국 요구대로 광물협정에 서명하겠다며 “우리 관계가 계속될 거라고..",https://www.khan.co.kr/article/202503031824001,
01101001.20250303181005001,20250303,한겨레,한겨레,"[사설] “헌법재판관 처단” 섬뜩한 선동, 내란 끝나지 않았다",정치>행정_자치, 정치>청와대, 정치>국회_정당,범죄>범죄일반>폭행, 사회>사회갈등>반란_혁명_폭동,,"서천호,윤석열,이미선,문형배,김 전,김용현,서","광화문,서울,제소","포고령,헌법재판소,국방부,더불어민주당,윤리특별위원회,헌법재판관,서울서부지법,국회,고위공직자범죄,선거관리위원회,국민의힘","헌법,재판관,처단,선동,12,혐의,중요,임무,종사,구속기소,김용현,국방부,장관,감옥,헌법재판관들,처단,선동,위헌,위법적,비상계엄,나라,위기,혼란,장본인,헌정,파괴,폭동,내란,진행,비유,표현,현실,단적,내란,우두머리,대통령,윤석열,파면,내란세력,뿌리,헌정,정상화,가능,장관,광화문,서울,대통령,지지,집회,변호인,편지,헌재,탄핵심판,불법,위법행위,불법,탄핵,심판,주도,문형배,이미선,정계선,처단,망발,헌법재판관,선동,자체,헌정,부정,시도,사태,서울,서부,지법,폭동,국민들,충격,상황,내란세력,무모,잔인,내란,성공,계엄,포고령,포고령,위반자,처단,문구,참혹,현실,각계,인사,수거,제거,계획,계획,내란세력,준동,집권여당,부화뇌동,용납,집회,고위공직자범죄수사처,선거관리위원회,헌법재판소,망언,서천호,의원,국민,개인,발언,치부,차원,경고,징계,논의,사안,국민,공당,폭력,헌법기관,무력화,주장,용인,더불어민주당,의원,국회,윤리,특별,위원회,제소,국회,차원,대응,내란세력,제압,나라,정상화,단추,탄핵심판,대통령,탄핵,심판,매듭,우두머리,대통령직,유지,정상,상황,하루,가담자들,폭력,사주,동조세력,수사,민주주,유린,행위,책임,법적,역사,교훈","서울,내란세력,탄핵심판,위원회,포고령,정상화,헌법재판관,재판관,수사처,선거관리위원회,공직자,김용현,용인,부화뇌동,집권여당,무력화,문형배,이미선,가담자들,동조세력,민주주,국방부,가담자,구속기소,더불어민주당,서천호,고위공직자범죄수사처",12 3 내란의 중요임무 종사 혐의로 구속기소된 김용현 전 국방부 장관이 감옥 안에서도 “헌법재판관들을 처단하라”는 섬뜩한 선동을 하고 있다. 위헌 위법적 비상계엄으로 나라를 위기와 혼란 속으로 몰아넣은 장본인이 여전히 헌정 파괴와 폭동을 부추기고 있는 것이다. 내란이 아직도 진행 중이라는 말이 단지 비유적 표현에 그치지 않는다는 엄중한 현실을 단적으로..,http://www.hani.co.kr/arti/opinion/editorial/1185118.html,
01101001.20250303181005002,20250303,한겨레,한겨레,[사설] ‘코리아 디스카운트’ 해소 위한 상법 개정 늦출 수 없다,정치>행정_자치, 경제>금융_재테크, 정치>청와대,,,,"윤석열,최상목",선진,"정부,임시국회,국회 법제사법위,국회,정기국회,국민의힘","코리아,디스카운트,해소,상법,개정,소액,주주,이익,보호,상법,개정안,지난달,국회,법제,사법,위원회,통과,여당,반대,상정,본회의,보류,코리아,디스카운트,해소,상법,개정안,임시,국회,통과,현행,상법,이사,충실,대상,회사,규정,총수,지배주주,이익,소액,주주,일반,주주,이익,희생,회사,손해,이사,책임,총수,행위,사익,편취,회사,인수합병,분할,일반,주주,이익,침해,발생,주식,저평가,원인,작용,해소,취지,이사,대상,충실,의무,주주,포함,상법,개정안,상법,개정,오랫동안,학자,자본,시장,전문가,단체,소액,주주,요구,재계,단체,국민,상법,개정,소송,남발,투기,자본,공격,반대,주장,지배주주,견제,소액,주주,권리,확대,제도,개선,추진,재계,국민의힘,정부,상법,자본시장법,개정,주장,상법,개정안,주주,보호,포괄,원칙,제시,개정안,자본,시장법,합병,분할,한정,핀셋,규제,지배주주,일반,주주,권리,침해,사안,해결,개정법,적용,대상,상법,100만,법인,자본시장법,상장,법인,한정,개정,애초,상법,윤석열,대통령,주주,소액,이익,상법,개정,긍정적,검토,논의,본격화,재계,반발,정부,여당,개정,결국,자본,시장법,입장,국민,진정,주식,선진화,개미투자자들,권리,중시,재계,대변,상법,개정,반대,행태,상법,개정,정기국회,처리,예정,내란사태,연기,임시,국회,처리,권한대행,최상목,대통령,권한,대행,법안,국회,통과,거부권,행사,수용","자본시장법,개정안,시장법,지배주주,전문가,본회의,최상목,개미투자자들,내란사태,코리아,개정법,디스카운트,거부권,투자자,선진화,위원회,저평가","소액 주주의 이익을 보호하는 내용의 상법 개정안이 지난달 26일 국회 법제사법위원회를 통과했으나, 여당의 반대로 27일 본회의 상정이 보류됐다. ‘코리아 디스카운트’ 해소를 위해서는 상법 개정안이 3월 임시국회에서 하루빨리 통과돼야 할 것이다.
현행 상법은 이사가 충실해야 하는 대상으로 ‘회사’만 규정하고 있는 탓에 총수 등 지배주주의 이익을 위해 소액..",http://www.hani.co.kr/arti/opinion/editorial/1185119.html,
01100901.20250303003531001,20250303,중앙일보,,"[사설] 한국 민주주의 추락시킨 여야, 장외정치 매달릴 때인가",정치>국회_정당, 정치>행정_자치, 정치>청와대,,,,"김기현,나경원,박찬대,윤,추경호,윤석열,나,마은혁,이재명","광화문,안중,서울,영국,여의도,한국,비상계엄,증오","EIU,국민연,민주당,정부,헌법재판소,더불어민주당,헌재,국회,한국,국민의힘,국정협의회","한국,민주주,추락,여야,장외정치,연금,추경,반도체,해법,외면,집회,결함,민주주의,추락,참담,한국,위상,3,전국,집회,윤석열,대통령,탄핵,찬반,서울,광화문,여의도,집회,탄핵,반대,12만,정도,경찰,추산,참여,헌법,재판소,인근,집회,탄핵,찬성,1만,헌재,탄핵심판,대통령,탄핵,심판,최종변론,마무리,상황,시민들,광장,현상,이해,여야,정치인,행태,여의도,탄핵,반대,집회,김기현,추경호,나경원,의원,37명,국민의힘,의원,참석,계엄,사태,혼란,대통령,칭송,발언,경쟁적,의원,개인,안위,나라,가시밭길,결단,지도자,모습,의원,용기,지도자,야당,대표,이재명,더불어민주당,130여,야당,의원,집회,탄핵,찬성,대표,여당,겨냥,수구,반동,12,사회,혼란,경제,위기,수습,여야,지혜,국회,지난주,추가경정예산,국민연금,반도체특별법,발등,협상,협상,기본,상대,존중,자세,위기,극복,골든타임,마당,여야,견해차,몽니,돌출,행동,찬물,극단,주장,난무,장외,집회,극언,이코노미스트인텔리전스유닛,영국,주간지,이코노미스트,부설,EIU,지난달,민주주,지수,한국,전년,점수,폭락,완전,민주주의,국가,결함,민주주의,추락,순위,167개국,22위,32위,후퇴,EIU,보고서,한국,비상계엄,선포,교착상태,후속,정치,교착,상태,원인,지적,계엄,자체,국가,위기,직면,협치,외면,비난전,장외,여야,한국,민주주,퇴보,주범,임명,국정,협의회,회의,직전,마은혁,헌법,재판관,후보자,요구,불참,선언,원내대표,박찬대,민주당,원내,대표,국민,연금,모수,개혁,자동조정장치,협상,정부,여당,국민,고통,안중,의문,국민,민주당,여기저기,비상벨,나라,뒷전,비상계엄,분출,광장,증오,반감,정치적,이용,궁리,몰두,모습,유혹,장외,선동,대화,타협,정치,노력,양보,정당,국민,신뢰,중도층,지지,확보","한국,민주당,민주주,후보자,반도체,비상계엄,지도자,민주주의,국민연금,여의도,영국,eiu,마은혁,박찬대,보고서,윤석열,더불어민주당,이재명","━
 연금 추경 반도체 해법 외면하며 집회만 몰려가 
 
 ━
 “결함 있는 민주주의”로 추락한 한국 위상 참담 
 올해 3 1절, 전국에서 윤석열 대통령 탄핵 찬반 집회가 이어졌다. 서울 광화문과 여의도에서 열린 탄핵 반대 집회엔 모두 12만 명 정도(경찰 추산)가 참여했고, 헌법재판소 인근에서 열린 탄핵 찬성 집회엔 약 1만8000명이 모였다. 헌재..",https://www.joongang.co.kr/article/25317721,
01100801.20250303002037001,20250303,조선일보,조선일보,"[사설] ‘혐오의 언어’ 난무, 둘로 쪼개진 3 1절",정치>청와대, 정치>행정_자치, 정치>선거,,,,"황운하,윤,윤석열,이미선,이재명,김용현,최상목","광화문,서울,여의도,연평도,수구,광주,대치","서부지법,민주당,헌법재판소,조국혁신당,헌재,대한민국,도심,행정부,국민의힘","혐오,언어,난무,3,3,집회,윤석열,대통령,탄핵,찬반,독립,민족,3,실종,상대,극단,비난,욕설,혐오,선동,언어,난무,여야,정치,국민,통합,극단,혼란,분열,광화문,여의도,집회,탄핵,반대,헌법재판소,탄핵,인용,국민,저항,산산조각,주장,좌익,세력,지렁이,비하,욕설,대통령,옥중,메시지,의지,자유,수호,책임,의식,김용현,국방,장관,옥중,편지,문형배,이미선,정계선,헌법재판관,처단,집회,참가,국민의힘,의원,공수처,선관위,헌재,대한민국,좌파,강점기,헌재,주도,집회,탄핵,찬성,이재명,대표,국민,수구,반동,내란,연평도,앞바다,꽃게밥,원내대표,황운하,조국혁신당,원내,대표,망상,장애,괴물,윤석열,발광,민주당,국민,통합,당부,권한대행,최상목,대통령,권한,대행,대통령,충성,맹세,통합,운운,수괴,공격,계엄,탄핵,사태,국가,위기,혼란,수습,갈등,2주일,광주,보수,친야,단체들,탄핵,찬반,집회,경찰,차벽,사이,대치,1월,구속영장,대통령,구속,영장,발부,서부지법,시위대,난입,사태,사회,분열,갈등,나라,만세,독립,3,탄핵,찬반,극단,싸움,대한민국,트럼프,행정부,일방,경제,외교,정책,안보,지형,변화,성장,잠재력,저하,산업,경쟁력,비상,상황,정치권,국론,분열,부채질,위기,여야,국민,선거,이득,극단,분열상,헌재,결정,불복,최악,사태","윤석열,대한민국,국민의힘,황운하,경쟁력,광주,조국혁신당,2주일,최상목,정치권,서울,분열상,연평도","3 1절 서울 도심은 윤석열 대통령 탄핵 찬반 집회가 각각 열리며 두 쪽으로 갈라졌다. 독립을 위해 온 민족이 하나가 됐던 3 1 정신은 실종된 채 상대를 향한 극단적 비난과 욕설, 혐오와 선동의 언어가 난무했다. 여야 정치권은 국민 통합을 위해 앞장서기는커녕 극단적 혼란과 분열을 부추겼다. 
 
광화문 여의도 등에서 열린 탄핵 반대 집회에선 “헌법재판..",https://www.chosun.com/opinion/editorial/2025/03/03/35F655SSKFDQXD32Z2MITFM6ZQ/?utm_source=bigkinds&utm_medium=original&utm_campaign=news,
01100401.20250303232820001,20250303,동아일보,,[사설]“헌재 때려 부수자” “지X발광” 용납 못 할 선동과 막말들,정치>청와대, 정치>국회_정당, 정치>행정_자치,범죄>범죄일반>폭행,,,"황운하,정계선,노상원,서천호,윤석열,이미선,문형배,김 전,이재명,김용현","광화문,서울,평의,여의도,연평도,도심","중앙선거관리위원회,고위공직자범죄수사처,민주당,포고령,헌법재판소,조국혁신당,국방부,정보사령관,헌재,국민의힘","헌재,지X발광,용납,선동,막말들,3,서울,도심,집회,윤석열,대통령,탄핵,찬반,여야,의원,참석,선동,발언,서울,광화문,여의도,집회,탄핵,반대,39명,국민의힘,의원,참석,서천호,의원,광화문,집회,헌법재판소,중앙선거관리위원회,고위공직자범죄수사처,불법,파행,자행,주장,주장,탄핵,반대,법치,정면,부정,발언,여당,의원,의심,집회,김용현,변호인,국방부,장관,재판,불법,탄핵,주도,문형배,이미선,정계선,즉시,처단,장관,옥중,서신,공개,계엄,포고령,포함,처단,운운,재판관,사실,특정,공격,사주,용납,선동,130여,야당,의원,참석,헌재,청사,인근,집회,탄핵,찬성,대표,민주당,이재명,노상원,정보,사령관,수첩,정치인,체포,제거,메모,의식,연평도,바닷속,가쯤,꽃게밥,원내대표,조국혁신당,황운하,원내,대표,대통령,발광,주최,유감,대통령,탄핵,심판,지난달,변론,기일,헌재,재판관,평의,최종,판단,상황,상황,여당,헌재,폭력,노골적,불복,사실,밑자락,의심,탄핵,인용,기각,뒷감당,야당,혐오,방식,강성,지지,자극,상황,초래,헌재,결정,승복,언급,책임,대통령,대통령,이날,국민들,비상,위기,고초,아무것,탄핵,반대,집회,참가자,격려,여야,헌재","재판관,서울,광화문,조국혁신당,황운하,국방부,이재명,민주당,국민의힘,윤석열","3 1절을 맞아 서울 도심에서 열린 윤석열 대통령 탄핵 찬반 집회에 여야 의원 등이 대거 참석해 선동성 발언을 쏟아냈다. 서울 광화문과 여의도에서 열린 탄핵 반대 집회엔 국민의힘 의원 39명이 참석했는데, 서천호 의원은 광화문 집회에서 헌법재판소와 중앙선거관리위원회, 고위공직자범죄수사처가 “불법과 파행을 자행하고 있다”며 “모두 때려부숴야 한다. 쳐부수..",https://www.donga.com/news/Opinion/article/all/20250302/131131605/2,
01100101.20250302185806001,20250302,경향신문,,"[사설] 보선 출마 전 선관위 총장, 세컨드 폰으로 누구와 통화했나",정치>선거, 정치>국회_정당,,,,,"주진우,김세환,윤석열,김 전","강화군,망상,호도,아메리카,인천","경향신문,중앙선거관리위원회,대의민주주,보궐선거,헌법재판소,감사원,헌재,선관위,국민의힘","총장,보선,출마,선관위,세컨드,통화,김세환,중앙,선거,관리,위원회,사무총장,보궐선거,국민,인천,강화,군수,보궐,선거,후보,경선,확인,총장,대선,선관위,별도,휴대,전화,세컨드폰,개통,여야,정치인,통화,사실,결과,감사원,감사,논란,정치,중립,생명,간부,선관위,의문,정치인들,소통,퇴직,정치판,개탄,국민,총장,세컨드폰,부정,선거,의혹,방증,호도,들보,경향신문,보도,총장,보선,국민,강화,군수,보선,예비후보,경선,내부,선관위,현직,중립성,정치,중립,의심,행보,총장,대선,사전,투표,관리,부실,사퇴,자녀,의혹,선관위,특혜,채용,기소,인사,국민,사안,쟁점화,선관위,비판,재료,총장,국민,공천,신청,국민,경선,기회,상식,총장,국민,모종,편의,의심,사정,국민,총장,세컨드폰,부정,선거,음모,연결,침소봉대,의원,주진우,국민의힘,사무총장,이날,선관위,차명폰,정치,장사,대통령,윤석열,탄핵심판,재개,증거조사,주장,총장,세컨드폰,정치인,통화,선관위,일각,개인,비리,일탈,조직,과장,왜곡,행위,옹호,난센스,국민,정치,공세,스스로,총장,행태,국민,유착,의심,지경,부정,선거,음모,헌법재판소,탄핵심판,실체,가짜뉴스,확인,윤석열,헌재,심리,캡틴,아메리카,분장,망상꾼,가짜뉴스,의혹,증거,주장,망신,자초,부정,선거,주장,대의민주주,근간,선거제도,불신,조장,국가,분열,망국,행태,사이,보수,원로,국민,정신,독극물,비판,국민,윤석열,세력,부정,선거,음모","선관위,윤석열,사무총장,정치인,세컨드폰,탄핵심판,인천,주진우,감사원,가짜뉴스,독극물,국민의힘,정치인들,차명폰,중립성",김세환 전 중앙선거관리위원회 사무총장이 지난해 인천 강화군수 보궐선거 당시 국민의힘 후보 경선에 나섰던 것으로 2일 확인됐다. 김 전 총장은 2022년 대선을 앞두고 선관위 명의 별도 휴대전화(세컨드폰)를 개통해 여야 정치인들과 통화한 사실이 감사원 감사 결과 드러나 논란을 빚기도 했다. 정치적 중립이 생명인 선관위 최고위 간부가 의문의 폰으로 정치인들..,https://www.khan.co.kr/article/202503021857001,
01101001.20250302181008002,20250302,한겨레,한겨레,[사설] 탄핵 선고 앞두고 “헌재 쳐부수자”는 국힘 의원,정치>국회_정당, 정치>행정_자치, 정치>선거,사회>사회갈등>반란_혁명_폭동,,,"전광훈,서천호,윤석열,권성동","광화문,여의도,남해,설령,경남 사천","세이브코리아,대한민국바로세우기운동본부,헌법재판소,서울서부지방법원,경기경찰청,경찰대학,지도부,헌재,하동,선관위,국민의힘","탄핵,선고,헌재,국힘,의원,헌법재판소,윤석열,대통령,탄핵,심판,선고,국민의힘,의원,3,집회,탄핵,반대,참석,헌재,비난,의원들,헌법재판소,극우,세력,자극,발언,국민의힘,의원,무분별,방관,지도부,무책임,목사,전광훈,주도,대한민국바로,운동본부,광화문,집회,극우,단체,세이브코리아,주도,여의도,집회,국민의힘,의원,참석,집회,대통령,탄핵,반대,광화문,집회,참석,의원,서천호,국민의힘,단상,공수처,선관위,헌법재판소,불법,파행,자행,기관,불법,자행,해결,사태,서울,서부,지방,법원,폭동,충격,상태,여당,의원,직접적,폭력,사태,경남,사천,남해,하동이,지역구,의원,경찰,출신,경기경찰청장,경찰대학장,경찰대학,집회,참석,국민,의원들,탄핵,반대,계엄,지지,발언,탄핵심판,불복,분위기,국민의힘,의원,집회,참석,권성동,국민,원내대표,각자,판단,결정,여의도,집회,참석,국민의힘,의원,37명,3분,국민의힘,의원,극우,집회,참석,차원,개인,지도부,책임,극우,편승,정치,이득,국민,행태,답습,생각,국민,도움,국민,보수정당,자처,법치,파괴,내란,세력,절연,결단,당장,눈앞,당내,지지세,모습,국민들,국민,내란,세력,배출,반성,보수정당,법치,준수,결의,재기,가능성,12","국민의힘,지도부,재판소,의원들,탄핵심판,전광훈,보수정당,헌법재판소,여의도,광화문,윤석열,서천호,경찰청장,눈앞,가능성,경찰대학장,지지세,경기경찰청장,경찰대,남해","헌법재판소의 윤석열 대통령 탄핵심판 선고를 앞두고, 국민의힘 의원들이 3 1절에 열린 탄핵 반대 집회에 대거 참석해 헌재를 거칠게 비난했다. 일부 의원들은 “헌법재판소를 때려 부수자”고 하는 등 도를 넘어섰다. 극우 세력과 손잡고 자극적 발언을 거침없이 내뱉는 국민의힘 의원들의 무분별함과 이를 방관하는 당 지도부의 무책임이 어디까지 이어질지 매우 우려된..",http://www.hani.co.kr/arti/opinion/editorial/1184980.html,
01101101.20250302180039001,20250302,한국일보,,[사설] 통합의 3 1절에 둘로 갈라진 현실 부끄럽다,정치>행정_자치, 정치>국회_정당, 국제>중남미,,,,"김기현,전광훈,나경원,박근혜,윤석열,윤상현,이재명","우크라이나,미국,서울,여의도,연평도,치유의,광화문,안국역,초월,일제,대한민국,도심,증오","세이브코리아,기독교단체,동원,헌법재판소,야5당,정상회담,더불어민주당,헌재,사랑제일교회,증오,행정부,국민의힘","통합,3,현실,1절,주년,서울,도심,윤석열,대통령,집회,탄핵,찬성,집회,탄핵,반대,동시,광화문,안국역,구간,집회,탄핵,찬성,파면,대통령,국민,심판,광화문,시청,구간,여의도,집회,탄핵,반대,대통령,복귀,척결,좌파,카르텔,주장,일제,나라,이념,지역,계급,종교,초월,민족,만세,독립,기념일,장면,동원,불법,비상계엄,선포,대통령,단죄,요구,목소리,피의자,옹호,부정,선거,음모,동일,평가,대상,갈등,조정,치유,책임,정치권,집회,탄핵,찬반,상대,증오,분열,조장,통합,뒷전,헌법,탄핵,심판,선고,과시,목적,무책임,이재명,대표,더불어민주당,대표,3,집회,탄핵,반대,참석,대표,연단,내란,연평도,바닷속,꽃게밥,내란,상식,도의,복구,참석자들,윤석열,파면,극우세력,헌정,파괴,극우,세력,구호,김기현,나경원,윤상현,추경호,국민,37명,소속,의원,기독교,단체,세이브,코리아,주최,여의도,집회,참석,전광훈,사랑,제일교회,목사,주재,광화문,집회,참석,의원,대한민국,입법,사법,언론,암약,세력,좌파,기득,척결,주장,참석자들,헌재,탄핵,인용,국민,저항,불복,의사,걱정,탄핵,박근혜,대통령,탄핵,생각,증오,사회,현실,집회,탄핵,찬반,불복,시사,2017년,의원들,다수,여당,의원,극우,헌재,권위,조직적,종북,빨갱이,극우,세력,색깔론,집회,참가자,상대,진영,반국가세력,안팎,경제,안보,상황,살얼음판,고착,행정부,미국,트럼프,관세,폭탄,현실화,파국,미국,우크라이나,정상,회담,국제사회,약소국,현실,여야,조기,대선,의식,지지세력,과도,주장,편승,국민,통합,대선,승리,헌재,결정,조기,대선,생각,선동,자제,분열,치유,방안,고민,나라,미래,차이,3","광화문,미국,전광훈,윤석열,여의도,비상계엄,우크라이나,참석자들,참석자,박근혜,기념식","제106주년 3 1절인 어제 서울 도심에선 윤석열 대통령의 탄핵 찬성 집회와 탄핵 반대 집회가 동시에 열렸다. 광화문에서 안국역에 이르는 구간에서 열린 탄핵 찬성 집회에선 윤 대통령 파면과 국민의힘 심판을 외쳤고, 이로부터 1㎞ 떨어진 광화문에서 시청에 이르는 구간과 여의도에서 열린 탄핵 반대 집회에선 윤 대통령 즉각 복귀와 좌파 카르텔 척결을 주장했다..",https://www.hankookilbo.com/News/Read/A2025030214130000809,
01100801.20250301003038001,20250301,조선일보,조선일보,"[사설] 연이은 ‘임기 단축 개헌’ 약속, ‘모두 반대’ 이 대표",정치>국회_정당, 정치>선거, 정치>청와대,,,,"오세훈,유승민,김동연,이,안철수,윤석열,이재명,한동훈","경남지사,무산","민주당,경기지사,이대,유일,국무총리,국회,헌재,국민의힘","개헌,임기,단축,약속,반대,대표,국민,민주당,대선,주자,거론,인사,의사,개헌,추진,조기,대선,당선,5년,대통령,임기,3년,개헌,2028년,대선,총선,동시,주장,임기,단축,국민,오세훈,서울,시장,한동훈,대표,유승민,의원,임기,단축,의사,개헌,추진,안철수,의원,중임,결선,투표,개헌,주장,민주당,김동연,경기,지사,중임제,분권,중임,책임,총리,포함,개헌,주장,대통령,임기,단축,김부겸,국무총리,김경수,경남지사,주자,대선,주자,분권,개헌,적극,대선,후보들,대선,후보,개헌,공약,자신,임기,2년,단축,총선,대선,주기,구체,계획,제시,개헌,약속,집권,과거,상황,계엄,탄핵,초유,정치,위기,계기,대통령,국회,정쟁,제도,개헌론,여야,공감대,윤석열,대통령,탄핵,심판,최후,변론,개헌,의사,탄핵,기각,임기,임기,단축,개헌,선출,대통령,3명,퇴임,구속,1명,수사,목숨,8명,3명,재임,탄핵소추,1명,파면,1명,구속,판단,헌재,국민,공감대,대통령,당선,권력,누수,개헌,외면,임기,단축,대선,공약,만큼,과거,흐름,유일,외면,대표,이재명,여론조사,대표,개헌,이슈,대표,개헌,외면,국민,60%,찬성,개헌,불가능,과거,대표,주자들,반대,개헌,무산,대표,동의,개헌,추진,계엄,탄핵,우여곡절,사회,개헌,뜻밖,기회,조기,대선,대표,개헌,반대,임기,단축,개헌,나라,후보,개헌,임기,후보,차별성","공감대,1명,3명,중임제,민주당,김동연,오세훈,이재명,8명,우여곡절,김경수,경남지사,국무총리,서울,경남,여론조사,차별성","국민의힘과 민주당에서 대선 주자로 거론되는 인사 대부분이 개헌 추진 의사를 밝히고 있다. 만약 조기 대선이 실시돼 당선되면 현재 5년인 대통령 임기를 3년만 하고 개헌을 통해 2028년에 대선과 총선을 동시에 실시하겠다는 임기 단축 주장도 나오고 있다. 국민의힘에선 오세훈 서울시장과 한동훈 전 대표, 유승민 전 의원이 임기 단축을 통한 개헌 추진 의사를..",https://www.chosun.com/opinion/editorial/2025/03/01/5UXSX3LBY5E2PO6OLE4KPOMDSE/?utm_source=bigkinds&utm_medium=original&utm_campaign=news,
01100901.20250301001558001,20250301,중앙일보,,[사설] 이재명만 빠진 개헌 논의 이제는 동참할 때,정치>국회_정당, 정치>청와대, 정치>선거,,,,"오세훈,김진표,정세균,정대철,윤석열,노태우,권성동,한동훈,이낙연,이재명","경남지사,경기지사,일본,임계","민주당,중앙일보,검찰,더불어민주당,의회,이대표,정부,국무총리,헌정회,엠브레인퍼블릭,헌재,민정당,대한민국,국민의힘","이재명,개헌,논의,동참,대통령,한동훈,임기,단축,개헌,제안,야권,신3김,비명,정치인,개헌,봇물,결단,체제,극복,역할,정치권,개헌,논의,분출,한동훈,국민,대표,지난달,중앙일보,인터뷰,대선,리더,중임,개헌,본인,임기,3년,단축,2028년,총선,대선,윤석열,대통령,변론,지난달,헌재,최후,직무,복귀시,잔여,임기,입장,임기,단축,개헌,추진,여당,국민,권성동,원내,대표,국회,입법,제한,대통령,의회,균형,개헌,출범,개헌,특위,선언,오세훈,서울,시장,조기,대선,화두,개헌,대통령,임기,단축,감수,후보,개헌론,임기,단축,개헌,가세,야권,개헌,목소리,비명계,중심,주자,대권,김부겸,국무총리,김동연,경기,지사,김경수,경남지사,신3김,개헌,적극,주장,정대철,헌정,회장,이낙연,정세균,총리,김진표,국회의장,민주당,원로,개헌,적기,공포,헌법,현행,대통령,과도,권한,집중,대통령,여야,투쟁,반복,체제,배출,대통령,3명,탄핵소추,그중,탄핵,임기,권좌,3명,퇴임,구속,1명,검찰,수사,극단,선택,야당,야당,집권세력,실패,정권교체,실현,강박관념,정부,정책,발목,현상,반복,국민,정치혐오증,임계점,여야,합의,반년,개헌,가능,정치,중론,헌법,현행,노태우,민정당,대표,6,개헌,논의,개시,발효,개헌,범위,책임총리제,투표제,대통령,결선,투표,개편,권력,구조,국한,포인트,개헌,여야,합의,개헌,시일,개헌,가능,전문가들,국민,개헌,의지,중앙일보,엠브레인퍼블릭,여론조사,대선,개헌,논의,응답,60%,마당,유력,정치인,사람,대표,더불어민주당,이재명,개헌론,침묵,대선,주자,여론,조사,독보,대표,만큼,개헌,체제,극복,처방,논란,의식,대표,당장,개헌,언급,빈말,개헌,논의,탁상공론,달러,대한민국,국내총생산,GDP,1조,달러,13배,성장,1인,GDP,일본,능가,수준,헌법,자구,사이,정치퇴행,국정마비,일상화,국가존망,위기감,대표,요구,시대,외면,개헌,논의,적극,참여,주자,유력,대권,책임","중앙일보,개헌론,비명계,3명,여론조사,한동훈,정치인,신3김,이재명,김동연,정대철","━
 대통령 이어 한동훈 등도 ‘임기단축 개헌’ 제안 
 
 ━
 야권도 ‘신3김’ 등 비명계 정치인들 개헌론 봇물 
 
 ━
 이대표 결단만 남아 ‘87년 체제’ 극복 역할하길 
 정치권에서 개헌 논의가 분출하고있다. 한동훈 국민의힘 전 대표는 지난달 27일 중앙일보 인터뷰에서 “올해 대선이 치러진다면 새 리더는 4년 중임제로 개헌하고, 본인 임기를 ..",https://www.joongang.co.kr/article/25317480,
01100401.20250301233043001,20250301,동아일보,,[사설]트집 잡기에 50일 헛돈 국정협의회 골든 타임 다 지나갈 판,정치>국회_정당, 정치>청와대, 정치>행정_자치,,,,"윤석열,마은혁,최상목","부전,비상계엄,무산,한국","민주당,국민연,정부,더불어민주당,여야정,국회,상임위,국정협의회,국민의힘,골든 타임","트집,국정협의회,국정,협의회,골든,타임,반도체특별법,연금개혁,논의,추가,경정,예산,편성,예정,국정협의회,여야정,국정,협의회,취소,더불어민주당,마은혁,헌법,재판관,후보자,임명,권한대행,부총리,최상목,대통령,권한,대행,대화,상대,인정,불참,3월,윤석열,대통령,탄핵,심판,선고,정치,일정,급물살,자체,여야정,대화,표류,한시,논의,국정,현안,뒷전,지적,불참,결정,분위기,하루,민주당,하루,반도체,R&D,종사자,52시간,적용,예외,반도체,특별법,제정안,신속처리안건,지정,처리,52시간,예외,주장,여당,위원장,국회,상임위,사안,180일,심의,52시간,예외,조항,제외,껍데기,법안,6개월,입법,불투명,국민,연금,개혁,국민,43%,소득대체율,민주당,45%,주장,자동,걸림돌,말미,국회,여야,합의,기회,여당,가입자,반영,인상,조정,장치,전제,소득대체율,양보,국회,동의,조건,장치,전향,태도,민주당,입장,입장,조기,추경,소극,국민,기초수급자,차상위계층,270만,25만,50만,선불,카드,지급,15조,규모,추경,민주당,논란,지급,국민,지역,화폐,추경안,추경,규모,세목,지원,대상,양측,이견,합의,전망,국회의장,국회,의장,참석,협의회,여야정,합의,비상계엄,탄핵,사태,부전,정부,경제,상황,돌파구,기대감,42일,협의회,사실,빈손,협의회,무산,경제성장률,1%,가능성,제기,상황,트집,골든,타임,허비,한국,경제,회생,계기","협의회,여야정,민주당,반도체,추경안,국정협의회,마은혁,25만,제정안,반도체특별법,15조,후보자,소득대체율,뒷전,최상목,국회의장,윤석열,특별법","반도체특별법, 연금개혁, 추가경정예산 편성 논의 등을 위해 어제 열릴 예정이었던 2차 여야정 국정협의회가 취소됐다. 더불어민주당이 마은혁 헌법재판관 후보자 임명을 미루는 최상목 대통령 권한대행 겸 부총리를 대화 상대로 인정할 수 없다며 불참한 것이다. 3월이 되면 윤석열 대통령 탄핵심판 선고 등 민감한 정치 일정이 급물살을 타면서 여야정 대화 자체가 표..",https://www.donga.com/news/Opinion/article/all/20250228/131127534/2,
01101001.20250228185008001,20250228,한겨레,한겨레,"[사설] ‘선관위 직무감찰’ 위헌, 감사원은 헌재 결정 뜻 되새겨야",정치>선거,,,,,,"전현직,윤석열","망상,호도","중앙선거관리위원회,공무원,정부,헌법재판소,검찰,국정조사,감사원,헌재,국회,선관위","선관위,직무,감찰,위헌,감사원,헌재,결정,헌법재판소,감사원,중앙,선거,관리,위원회,채용,비리,의혹,직무감찰,위헌,결정,기관,대통령,소속,감사원,헌법,독립,기관,선관위,감찰,선관위,독립,권한,침해,감사원,감사,애초,무소불위식,헌재,결정,직전,감사,보고서,기습공개,무력화,헌재,결정,무력,시도,정치,감사,자인,행위,헌법재판소,선관위,감사원,상대,청구,권한,쟁의,심판,선고,감사원,선관위,의혹,고위,자녀,특혜,채용,직무감찰,위헌,위법,헌법,감사원,직무,감찰,대상,행정기관,공무원,규정,헌재,감사원,직무감찰권,행정,내부,통제,장치,성격,독립기관,선관위,대상,제외,판단,소속,헌법,대통령,감사원,선관위,직무감찰,허용,선거,관리,공정성,중립성,국민,신뢰,훼손,지적,감사원,의혹,선관위,특혜,채용,직무감찰,시작,단계,논란,감사원,4명,선관위,고위,간부,자녀,채용,선관위,경력직,특혜,의혹,실태,선관위,인력,관리,직무감찰,착수,선관위,감사,수용,헌재,권한쟁의심판,청구,감사원,헌재,결정,직전,감사,위원,회의,선관위,채용,인력,관리,실태,감사보고서,기습적,공개,헌법재판소법,헌재,국가,기관,처분,취소,발생,효력,영향,감사,공개,헌재,결정,무력화,시도,선관위,헌법기관,견제,성역,헌재,대상,감사원,직무,감찰,배제,부패행위,성역,인정,호도,국민,대표,국회,국정조사,국정감사,수사기관,외부,통제,배제,자정,노력,외부,통제,장치,비위,근절,감사원,위헌,논란,꼼수,공개,비판,선관위,윤석열,대통령,부정,선거,망상,생각,의혹,특혜,채용,선관위,자체,감사,검찰,수사,의뢰,감사원,위헌,논란,직무감찰,인력,관리,실태,보고서,공개,선관위,순수,감찰,목적,선관위,신뢰,하락,극우세력,공격,의도,해석,망상,부정,선거,의혹,제기,먹잇감,헌법기관,선관위,감사,본질,윤석열,정부,감사원,정치,감사,표적,감사,논란,정치,중립,불신,자초,헌재,결정,감사원,행태,막무가내식,감사,계기","선관위,감사원,직무감찰,보고서,중립성,권한쟁의심판,윤석열,독립기관,감사보고서,재판소","헌법재판소가 감사원의 중앙선거관리위원회 채용 비리 의혹에 대한 직무감찰은 위헌이라고 결정했다. 대통령 소속 기관인 감사원이 헌법상 독립기관인 선관위를 감찰하는 것은 선관위의 독립된 권한을 침해한다는 것이다. 그럼에도 감사원은 애초 무소불위식 감사를 벌인 것도 모자라, 헌재 결정 직전 감사보고서를 기습공개하며 헌재 결정 무력화를 시도했다. ‘정치 감사’를..",http://www.hani.co.kr/arti/opinion/editorial/1184843.html,
01100101.20250228170208001,20250228,경향신문,,"[사설] 탄핵 정국에, 최상목도 이진숙도 ‘알박기 인사’ 멈추라",사회>미디어, 정치>청와대, 정치>행정_자치,사회>사회갈등>시위,,,"조지호,박근혜,이상민,김태규,윤석열,이진숙,이,정,박현수,박,마은혁,최상목,최순실","농수산,장악,12·3 비상계엄,인천공항에너지,인천국제공항보안,인천공항","한국해양수산연수원,수뇌부,서울경찰청장,방통위,서울,한국수산자원공단,여수광양항만공사,국회,언론노조,법원,한국농어촌공사,방송통신위원회,농림수산식품교육문화정보원,경찰국장,인천국제공항공사,한국마사회,행정안전부,정부,헌법재판소,경찰청장,한국교육방송공사,EBS,KBS","탄핵,정국,최상목,이진숙,인사,추라,방송통신위원회,한국교육방송공사,EBS,계획,사장,선임,의결,방통위,기관,합의체,이진숙,위원장,2명,김태규,부위원장,활동,정상,상태,방통위,감사,이날,KBS,정지환씨,임명,언론노조,출신,KBS,보도국장,정씨,박근혜,국정,농단,최순실,보도,갈등,KBS,내부,심화,직장,질서,문란,중징계,대통령,윤석열,탄핵,정국,대행,정부,선임,EBS,사장,추진,공영,방송,감사,임명,인사,체제,방통위,인사,위법성,법원,판결,차례,확인,국회,의사정족수,방통위,의사,정족수,3인,규정,방통위,설치법,개정안,통과,위원,출석,과반수,찬성,의결,와중,방통위,체제,인사,자신,입맛,사람,공영방송,장악,의도,권한대행,최상목,대통령,권한,대행,서울경찰청,직무,대리,경찰국장,박현수,행정안전부,직무대리,12,구속,기소,이상민,행정안전부,장관,통화,사실,혐의,내란,관여,수사,탄핵,정국,수도,서울,집회,시위,치안,전반,관리,역할,어이,인천국제공항공사,자회사,인천공항에너지,상임,이사,대통령실,행정관,낙하산,인천공항,보안,검색,경비보안,인천국제공항보안,사장,출신,대통령실,경호처,임명,소문,임기,한국마사회,한국농어촌공사,농림수산식품교육문화정보원,한국수산자원공단,한국해양수산연수원,여수광양항만공사,기관장,농수,산업,분야,인사,낙점,소문,대행,정부,인사,신중,임명,자리,국회,협의,헌법재판소,결정,대통령,탄핵,가능성,조기,대선,가능,시점,대행,체제,정부,공공기관,공기업,수뇌부,보은성,코드,낙하산,인사,남발,정작,대행,정작,최우선,국회,선출,마은혁,후보자,헌법재판관,임명,위원장,방송,정치,독립,훼손,공영방송,공공성,저해,인사,전횡,중단","방통위,행정안전부,kbs,공영방송,대통령실,최상목,3인,직무대리,개정안,정작,위원장,이진숙,인천공항에너지,비상계엄,박근혜,부위원장,인천공항,기관장,한국교육방송공사","방송통신위원회가 28일 한국교육방송공사(EBS) 사장 선임 계획을 의결했다. 방통위는 5인 합의체 기관임에도 현재 이진숙 위원장과 김태규 부위원장 2명만 활동하는 비정상적 상태다. 방통위는 이날 KBS 감사에 정지환씨를 임명했다. 언론노조 등에 따르면 KBS 보도국장 출신인 정씨는 박근혜 국정농단 당시 최순실씨 관련 보도를 가로막고, KBS 내부 갈등을..",https://www.khan.co.kr/article/202502281700001,
01100901.20250228003442001,20250228,중앙일보,,[사설] 마은혁 임명 결정 존중해도 탄핵심판 참여는 무리수,정치>청와대, 정치>행정_자치, 정치>선거,,,,"윤석열,마은혁,최,최상목",,"헌법재판소,더불어민주당,헌재,국회,국민의힘","마은혁,임명,결정,존중,탄핵,심판,참여,무리수,국회,침해,헌재,구성,결정,논란,일단락,대통령,사건,참여,명분,혼란,소지,헌법재판소,마은혁,헌법,재판관,후보자,임명,권한대행,최상목,대통령,권한,대행,부작위,국회,헌법,재판소,구성,침해,결정,재판관,일치,의견,헌재,결정,대행,후보자,임명,차례,선고,연기,헌재,결정,논란,정리,헌재,결정문,대통령,임명권,사유,국회,선출,사람,임명,헌법,국민,대표기관,부여,헌법,재판소,구성,형해화,허용,대통령,권한대행,판시,대행,임명,촉구,풀이,상황,예측,대행,헌재,결정,존중,입장,간접적,임명,대행,후보자,임명,헌재,체제,국회,임명,헌재,대행,명령,청구,헌재,권한,쟁의,심판,대상,각하,후보자,임명,여부,국민,관심,윤석열,대통령,탄핵,심판,선고,결정,직간접,영향,국민의힘,헌재,결정,의회,독재,용인,비판,더불어민주당,대행,후보자,즉시,임명,환영,대통령,탄핵,정족,확보,꼼수,주장,체제,재판관,체제,선고,정치,안팎,견해,재판관,성향,정치,유불리,판단,체제,헌재,주장,최종변론,진행,체제,고집,반론,사건,대통령,선고,임명,헌재,결정,참여,판단,진행,변론,절차,참여,재판관,심판,참여,절차,변론,갱신,선고,예정,와중,국가,혼란,일정,변화,무리수,분란,소지,결국,중요,최종,결정,헌재,판단,헌재,결정,승복,자세,헌재,조건,대행,헌재,결정,임명,후보자,검토,헌재,진행,절차,마무리,수순,이젠,명분,확보,승복,여건,조성,중요","재판관,후보자,마은혁,헌법재판소,무리수,유불리,윤석열,재판소,권한대행,최상목,용인,대표기관","━
 “국회의 헌재 구성권 침해” 결정으로 논란 일단락 
 
 ━
 윤 대통령 사건 참여는 정당성 명분서 혼란 소지 
 헌법재판소가 어제 마은혁 헌법재판관 후보자를 임명하지 않은 최상목 대통령 권한대행의 부작위가 국회의 헌법재판소 구성권을 침해한다고 결정했다. 재판관 8인의 일치된 의견이다. 헌재의 결정에 따라 최 대행이 반드시 마 후보자를 임명해야 하..",https://www.joongang.co.kr/article/25317208,
01100801.20250228002612001,20250228,조선일보,조선일보,"[사설] 마은혁, 뒤늦은 탄핵 심리 참여 안 된다",정치>행정_자치, 정치>청와대, 정치>선거,범죄>범죄일반>폭행,,,"이미선,윤석열,문형배,노회찬,마은혁,한덕수,최,최상목",,"민주당,헌법재판소,불공정,헌재,국회,민노당,국회의사당,국무위","마은혁,참여,탄핵,심리,헌법재판소,최상목,대통령,권한,대행,마은혁,헌법,재판관,후보자,임명,보류,국회,헌재,구성,침해,재판관,전원,일치,결정,후보자,헌법,재판관,지위,확인,즉시,임명,명령,민주당,청구,민주당,각하,국회,재판관,후보자,선출,대행,여야,합의,임명,후보자,보류,논란,헌재,결정,전원,일치,재판관,결원,헌재,차질,마비,상황,문형배,이미선,재판관,퇴임,8인,체제,대통령,직무,정지,상태,권한대행,후임,지명,헌재,재판관,헌재,공백,방치,헌재,후보자,임명,시한,대행,대행,헌재,결정,존중,임명,여부,국무위원,전문가,논의,결정,한덕수,총리,탄핵,심판,중요,후보자,임명,심판,윤석열,대통령,탄핵,참여,후보자,합류,탄핵,심판,공정성,분쟁,대통령,정치적,민주당,후보자,최후,변론,상황,탄핵,심리,참여,불공정,항변,공감,국민,후보자,탄핵,심리,참여,재판관,사건,기록,확인,절차,변론,갱신,민주당,목소리,탄핵,심리,참여,반대,후보자,국회의사당,판사,시절,국회,의사당,폭력,점거,민노당,보좌진,공소,기각,상식,판결,그전,노회찬,민노당,의원,후원회,후원금,구두,경고,후보자,참여,공정,불복,시비,헌재,그동안,신속,재판,심리,졸속,불공정,논란,자초,탄핵,사건,후보자,사건,선고,연기,헌재,임명,후보자,임명,탄핵,심판,제외,방침,공정,시비,차단,탄핵,심판,극한,갈등","후보자,재판관,민주당,권한대행,민노당,마은혁,불공정,공정성,그동안,최상목,한덕수",헌법재판소는 27일 최상목 대통령 권한대행이 마은혁 헌법재판관 후보자 임명을 보류한 것에 대해 “국회의 헌재 구성권을 침해했다”고 재판관 전원 일치 결정을 내렸다. 다만 마 후보자가 헌법재판관 지위에 있음을 확인하거나 그를 즉시 임명하도록 명령해 달라는 민주당 측 청구는 각하했다. 국회는 작년 12월 재판관 후보자 3인을 선출했지만 최 대행은 여야 합의..,https://www.chosun.com/opinion/editorial/2025/02/28/UFAQSY2ENBHB5EMYR3S3FHY4AM/?utm_source=bigkinds&utm_medium=original&utm_campaign=news,
01101101.20250228001020001,20250228,한국일보,,"[사설] 마은혁 조속 임명하고, 尹 탄핵심판엔 배제해야",정치>청와대, 정치>행정_자치, 정치>국회_정당,,,,"정계선,박근혜,마,윤석열,우원식 국회의장,조한창,마은혁,최,최상목",대한민국,"헌법재판소,더불어민주당,국회,헌재","임명,마은혁,조속,탄핵,배제,헌법재판소,권한대행,최상목,대통령,권한,대행,보류,마은혁,헌법,재판관,후보자,임명,헌법,부여,국회,침해,헌재,구성,재판관,전원,일치,결정,국회,조한창,국민,추천,정계선,마은혁,더불어민주당,추천,후보자,선출,의결,대행,후보자,여야,합의,확인,나머지,임명,우원식,국회,의장,국회,대표,청구,권한쟁의심판,헌재,인용,헌재,대통령,국회,선출,사람,임명,임의,거부,선별,임명,헌법,대통령,행사,재판관,임명,권한,동시,의무,여야,합의,주장,대행,헌재,후보자,재판관,지위,부여,취지,국회,지위,확인,요구,부적법,각하,대행,대행,헌재,결정,존중,판단,정무,판단,월권,헌재,별도,보도,자료,사건,결정,부작위,심판,청구,인용,피청구인,결정,취지,처분,임명,의무,강조,국가기관,공직자,헌재,결정,중대,국가기강,대행,정치적,헌법질서,기준,후보자,임명,헌재,체제,정상화,임명,헌재,결정,변론,종결,선고,상황,합류,증거,증인,절차,신문,갱신,선고,지연,11차례,변론,참여,후보자,참여,대통령,탄핵,심판,신속성,충실성,박근혜,대통령,파면,체제,결정,선례,만큼,체제,선고,고집,국정,정상,국론,분열,수습,대한민국,상황,감안,헌재,현명,판단","후보자,재판관,마은혁,만큼,부여,조한창,최상목,우원식,정상화,충실성","헌법재판소가 최상목 대통령 권한대행의 마은혁 헌법재판관 후보자 임명 보류는 “헌법이 부여한 국회의 헌재 구성권 침해”라고 어제 재판관 8명 전원일치로 결정했다. 국회는 지난해 12월 조한창(국민의힘 추천) 정계선 마은혁(더불어민주당 추천) 후보자 선출안을 의결했으나, 최 대행은 마 후보자에 대해선 여야 합의가 확인되지 않았다며 나머지 2명만 임명했다. ..",https://www.hankookilbo.com/News/Read/A2025022716300003160,
01100401.20250228233037001,20250228,동아일보,,[사설]“마은혁 임명 보류는 위헌” 변론 종결 尹 사건에 영향 없어야,정치>행정_자치, 정치>청와대, 정치>선거,,,,"정계선,윤석열,한덕수,조한창,마은혁,최,최상목",평의,"헌법재판소,국회,헌재","보류,마은혁,임명,위헌,변론,종결,사건,영향,권한대행,최상목,대통령,권한,대행,후보자,마은혁,헌법,재판관,임명,국회,권한,침해,행위,헌법재판소,결정,헌재,국회,대행,상대,권한쟁의심판,헌법,국회,부여,재판관,선출,독자적,실질적,임명,임의,거부,선별,임명,대행,국회,선출,3명,재판관,후보자,정계선,조한창,후보자,임명,후보자,여야,합의,확인,임명,보류,국회,추천,재판관,선출,특별,하자,대통령,임명,의무,권한대행,헌재,판단,국회,추천,배분,추천,여야,실랑,탄핵소추안,윤석열,대통령,탄핵,소추,가결,후보자,선출,대행,한덕수,후보자,임명,거부,대행,정무적,판단,후보자,임명,쟁점,대행,후보자,임명,후보자,탄핵심판,대통령,탄핵,심판,참여,여부,선고,시점,인용,여부,영향,사안,만큼,여야,신경전,치열,여당,후보자,임명,대통령,정족수,탄핵,인용,확보,정치,꼼수,비판,야당,즉시,임명,탄핵,심판,참여,선고,촉각,분위기,대행,이날,헌재,결정,존중,임명,여부,시점,언급,후보자,그동안,성향,탄핵,합류,가능성,인용,가능,변론,종결,마당,재판관,참여,변론,재개,증거조사,절차,선고,지연,가능성,후보자,임명,탄핵심판,합류,여부,재판관,평의,결정,사안,후보자,회피,대행,헌재,소장,허가,사안,중대성,완전체,결정,의견,대통령,직무,정지,불안정,상태,해소,탄핵,혼란,종식,의견,임명,후보자,대통령,탄핵,심판,장애물,여야,탄핵,혼란","후보자,재판관,마은혁,탄핵심판,신경전,가능성,권한대행,꼼수,윤석열,만큼,최상목,한덕수,정족수",최상목 대통령 권한대행이 마은혁 헌법재판관 후보자를 임명하지 않은 것은 국회의 권한을 침해한 행위라고 헌법재판소가 27일 결정했다. 헌재는 국회가 최 대행을 상대로 낸 권한쟁의심판에서 “헌법이 국회에 부여한 재판관 선출권은 독자적이고 실질적인 것”이라며 “임명을 임의로 거부하거나 선별해 임명할 수 없다”고 밝혔다. 최 대행은 지난해 말 국회에서 선출된 ..,https://www.donga.com/news/Opinion/article/all/20250227/131121608/2,
01100401.20250228232535001,20250228,동아일보,,[사설]‘특정 신문 폐간에 목숨 건’ 金여사 또 얼마나 더 놀라야 하나,정치>청와대, 정치>선거, 정치>국회_정당,,,,"김,윤석열,하나,김건희,명태균",비상계엄,"신군부,조선일보,정부,보궐선거,유튜브,오버랩","폐간,특정,신문,목숨,여사,여사,윤석열,대통령,부인,김건희,조선일보,폐간,목숨,육성,녹음,공개,시사,주간지,편집,위원,유튜브,방송,공개,녹음,파일,여사,놈들,주류,신문사,비판,발언,조선일보,명태균,부부,대통령,통화,녹음,자료,확보,사실,편집위원,통화,시점,비상계엄,선포,통화,상대,여사,발언,맥락,대통령,부인,권력자,행세,권력,특정,언론,적대감,표시,여사,대선,자신,비판적,언론인,겨냥,정권,무사,육성,녹음,공개,권력,수사기관,입건,수사,얘기,보복,행위,폐간,구체화,폐간,신문사,강제,일제강점기,정부,수립,주도,언론사,강제,통폐합,조치,신문사,폐간,역사,예외적,정치인,공직자,얘기,자리,대화,대통령,부인,폐간,비상계엄,비상계엄,특정,언론사,단전,단수,계획,오버랩,대통령,부부,언론관,육성,공개,여사,정책,선거,인사,국정,개입,의혹,의혹,보궐,선거,공천,개입,여사,총선,공천,특정,후보,장관,자리,불출마,종용,명태균,주장,명태균,그동안,그동안,여사,리스크,언론,비판적,보도,대통령,레거시,미디어,전통,언론,편향,유튜브,외면,대통령,계엄,나라,스스로,위기,여사,시대착오,언론관,공유","명태균,신문사,언론사,비상계엄,언론관,편집위원,유튜브,그동안,조선일보,김건희,강점기,정치인",윤석열 대통령 부인 김건희 여사가 “난 조선일보 폐간에 목숨 걸었다”고 말하는 육성 녹음이 공개됐다. 한 시사주간지 편집위원이 유튜브 방송에 나와 공개한 녹음 파일에 따르면 김 여사는 “못된 놈들”이라며 주류 신문사를 비판하면서 문제의 발언을 했다. 조선일보가 명태균 씨에게서 윤 대통령 부부의 통화 녹음이 담긴 자료를 확보한 사실을 알고 크게 화를 냈다..,https://www.donga.com/news/Opinion/article/all/20250227/131121610/2,
01101001.20250227183011001,20250227,한겨레,한겨레,"[사설] 국힘, ‘명태균특검법’ 반대할수록 의혹만 커진다",정치>국회_정당, 정치>선거, 정치>행정_자치,,,,"오세훈,김,당선자,전,윤상현,홍준표,윤석열,김영선,김건희,최상목,명태균","창원의창,경남","공관위원장,민주당,보궐선거,검찰,공관위,창원지검,국회,텐가,도이치모터스,결사반대,서울중앙지검,재보궐선거,국힘,국민의힘","국힘,명태균특검법,반대,의혹,명태균,특검법,본회의,국회,재석,찬성,반대,기권,가결,부결,당론,반대표,국민,권한대행,최상목,대통령,권한,대행,거부,행사,요청,부부,윤석열,대통령,공천,개입,정황,특검법,결사반대,의혹,사실,국민,특검법,대통령,선거,경선,활용,불법,허위,여론조사,명씨,부부,대통령,연루,의혹,특별검사,수사,지방,선거,재보궐선거,총선,활용,불법,허위,여론조사,명씨,공천,거래,수사,대상,국민의힘,특검법,민주당,명태균,정치공작,제2,김대업,재미,주장,공천,개입,의혹,뒷받침,정황,시사인,공개,통화,육성,당선자,윤석열,대통령,명씨,통화,김영선,의원,공천,경남,창원의창,국회의원,보궐,선거,상현이,얘기,공관위원장,김건희,여사,명씨,당선인,전화,이튿날,국민의힘,김영선,공천,대통령,11월,기자회견,공관위원장,윤상현,거짓,상황,국민,공작,타령,오세훈,서울,시장,홍준표,대구,시장,서울,시장,보궐,선거,대구,시장,선거,명씨,여론,조사,비용,측근,대납,의혹,검찰,의혹,가을,정국,사건,창원지검,17일,서울중앙지검,이송,사건,도이치모터스,주가,조작,여사,황제,조사,처분,검찰,국민,의구심,권한,여당,요청,특검법,거부권,행사,법안,국회,국민,특검법,반대,의혹,여당,주장,여당,보수진영,초토화,만큼,실체,자인","명씨,특검법,명태균,윤석열,도이치모터스,국민의힘,여론조사,거부권,김영선,공관위원장,위원장,오세훈,국회의원,경남,의구심,서울,홍준표,대구,최상목","‘명태균 특검법’이 27일 국회 본회의에서 재석 274명 중 찬성 182명, 반대 91명, 기권 1명으로 가결됐다. 부결 당론을 정하고 반대표를 던진 국민의힘은 최상목 대통령 권한대행에게 거부권 행사를 요청하기로 했다. 윤석열 대통령 부부의 공천개입 정황이 뚜렷해지는데도 특검법에 결사반대하는 것은 스스로 의혹을 키울 뿐이라는 사실을 국민의힘은 알아야 한..",http://www.hani.co.kr/arti/opinion/editorial/1184611.html,
01100101.20250227182544001,20250227,경향신문,,"[사설] ‘국회 권한 침해’ 최상목, 마은혁 임명 명태균 특검 수용하라",정치>행정_자치, 정치>청와대, 정치>선거,,,,"마,우원식 국회의장,마은혁,김건희,최,최상목,명태균",,"입법부,헌법재판소,국회,헌재,텐가","침해,국회,권한,최상목,마은혁,임명,명태균,특검,수용,마은혁,후보자,헌법재판관,임명,최상목,대통령,권한,대행,행위,침해,국회,권한,헌법,재판소,결정,27일,대행,헌법,정면,위반,의미,대행,사과,한마디,임명,후보자,국회,헌법재판관,국회,헌법,재판관,인정,삼권분립,사안,국헌,문란,헌재,결정,무시,행태,대행,분노,헌재,국회의장,이날,우원식,국회,의장,미임명,후보자,헌재,구성,침해,상대,대행,청구,권한쟁의심판,의견,재판관,전원,일치,의장,헌재,대행,헌법,재판관,공백,해소,심판,진행,헌법,의무,진보,보수,성향,재판관,전원,일치,의견,대행,12월,국회,선출,3명,헌법,재판관,후보자,2명,정계선,조한창,선별,임명,후보자,여야,합의,확인,핑계,임명,거부,현직,대통령,거부,재판관,임명,권한대행,자행,정치,중립,사실,탄핵,심판,완전체,재판관,진행,방해,헌재,이날,결정,임명,국회,통과,내란,특검법,김건희,특검법,무차별적,재의요구권,거부권,행사,대행,행태,입법부,무시,경고,의미,대행,판단,정무,판단,이날,후보자,임명,국회,선출,재판관,운운,여야,합의,정무,판단,임명,결정,헌재,뚱딴지,소리,헌재,의장,본회의,심판,청구,절차상,윤석열,헌정,유린,외교,안보,경제,민생,추락,대행,책무,국정,혼란,최소화,사태,조기,수습,이날,국회,명태균,특검법,가결,공천개입,윤석열,부부,공천,개입,주자,여당,대선,지도부,황금,등장,사건,국민,의혹,여야,합의,방어막,대행,수괴,동조,세력,비호,공언,대로,국민,대행,재판관,임명,명태균,특검법,수용","재판관,후보자,헌법재판관,특검법,윤석열,최상목,명태균,마은혁,권한대행,국헌","마은혁 후보자를 헌법재판관에 임명하지 않은 최상목 대통령 권한대행 행위가 국회 권한 침해라는 헌법재판소 결정이 27일 나왔다. 최 대행이 헌법을 정면으로 위반했다는 의미다. 그런데도 최 대행은 사과 한마디 없고, 마 후보자 임명도 하지 않았다. 국회 몫 헌법재판관을 인정하지 않은 것만도 삼권분립을 뒤흔드는 국헌 문란 사안인데, 이를 바로잡으라는 헌재 결..",https://www.khan.co.kr/article/202502271825001,
01100101.20250227181539001,20250227,경향신문,,"[사설]‘선관위 직무감찰’ 위헌, 계엄군 선관위 투입도 위헌이란 뜻",정치>선거, 정치>행정_자치, 정치>청와대,,,,"윤석열,전현직",비상계엄,"계엄군,정부,헌법재판소,중앙선관위,직무감찰,국정조사,감사원,이럴진대,헌재,국회,선관위,행정부","선관위,직무,감찰,위헌,투입,계엄군,선관위,위헌,감사원,중앙,선관위,직무,감찰,위헌,헌법재판소,재판관,전원,일치,의견,결정,대통령,선거,이해관계,정당인,감사원,기관,대통령,소속,대통령,감사원,선관위,선거,관리,업무,영향력,행사,감사원,직무,감찰,대통령,윤석열,12,선관위,투입,행위,위헌성,나위,사건,중앙선관위,의혹,고위,자녀,특혜,채용,감사원,감사,반발,제기,헌재,선관위,독립,헌법,기관,전제,독립적,중립적,선거관리,헌법적,수행,외부,권력,기관,대통령,수반,정부,영향력,제도적,차단,선거관리사무,행정부,독립,헌법기관,헌법,결단,헌법체계,반영,결과,기관,대통령,소속,감사원,선관위,직무감찰,선거관리,공정성,중립성,국민,신뢰,훼손,위험,윤석열,입맛,코드감사,표적감사,감사원,행태,헌재,지적,수긍,선관위,부패,성역,감사원,결과,선관위,감사,경력경쟁채용,경력,경쟁,채용,규정,위반,878건,비리,적발,단죄,국정조사,국회,국정,조사,국정감사,검경,수사,탄핵제도,선관위,독립,중립성,훼손,방식,독립,헌법,기관,위상,감시,선관위,자체,감시,작동,선관위,독립성,강조,헌재,결정,윤석열,탄핵,심판,시사,비상계엄,윤석열,비상계엄,부정,선거,증거,계엄군,중앙선관위,난입,계엄군,서버,반출,직원,체포,직원,체포,호송용,야구방망이,케이블타이,안대,복면,밧줄,준비,선관위,독립,말살,윤석열,탄핵,심판,최후,진술,전산,전산,스크린,차원,병력,헌재,취지,이날,결정,윤석열,궤변,비상계엄,위헌,입증","선관위,감사원,윤석열,비상계엄,계엄군,중앙선관위,선거관리,직무감찰,재판관,영향력,경력경쟁채용,헌법적,독립적,헌법기관,중립성,위헌성","감사원의 중앙선관위 직무감찰이 위헌이라고 헌법재판소가 27일 재판관 전원일치 의견으로 결정했다. 대통령은 선거에 이해관계가 있는 정당인이고, 감사원은 대통령 소속 기관이어서 대통령이 감사원을 통해 선관위의 선거관리 업무에 영향력을 행사할 수 있다는 것이다. 감사원 직무감찰이 이럴진대 대통령 윤석열이 12 3 비상계엄 때 계엄군을 선관위에 투입시킨 행위의..",https://www.khan.co.kr/article/202502271815011,
01101001.20250227181008001,20250227,한겨레,한겨레,"[사설] 헌재 “최상목 국회 권한침해”, 마은혁 즉각 임명해야",정치>행정_자치, 정치>청와대, 정치>선거,,,,"정계선,조한창 재판관,윤석열,우원식 국회의장,조한창,마은혁,한덕수,최,최상목",,"헌법재판소,국회,헌재,국민의힘","헌재,최상목,국회,권한,침해,마은혁,임명,권한대행,최상목,대통령,권한,대행,후보자,마은혁,헌법,재판관,임명,행위,국회,권한,침해,헌법,재판소,결정,헌법,재판관,만장일치,결정,대행,후보자,임명,헌법,의무,대행,그동안,자의,헌재,업무,지장,초래,사과,후보자,마은혁,재판관,지체,임명,헌법재판소,국회의장,우원식,국회,의장,대행,상대,권한,쟁의,심판,청구,인용,국회,재판관,선출,독자적,실질적,대통령,국회,재판관,선출,사람,임명,임의,거부,선별,임명,피청구,최상목,대통령,권한,대행,청구인,국회의장,헌법,재판소,재판관,선출,마은혁,헌법,재판소,재판관,임명,부작위,헌법,부여,청구인,선출,헌법,재판소,재판관,헌법재,판소,구성,침해,판시,대통령,대통령,권한,대행,행사,재판관,임명,권한,헌법재판소,헌법,의무,결정,헌재,요지,12월,대행,국회,선출,정계선,마은혁,조한창,후보자,정계선,후보자,조한창,재판관,임명,후보자,여야,합의,보류,헌재,이날,여야가,합의,선출,관행,인정,자료,권한대행,국회,선출,사람,재판관,임명,재판관,공석,상태,해소,구체,작위,의무,국회,선출,후보자,후보자,마은혁,후보자,여야,합의,근거,국민,자신들,추천,조한창,후보자,인사청문회,거부,후보자,임명,동의,여당,불참,상태,국회,통과,국민,윤석열,대통령,탄핵,심판,일정,지연,절차,헌법,재판관,인사,청문,보이콧,결과,전임자,대통령,권한,대행,한덕수,국무총리,여당,지연,전략,적극,호응,임명,거부,대행,임명,여론,다수,국민,여당,사이,대행,이날,헌재,결정,존중,재판관,임명,헌법,무시,생각","재판관,후보자,마은혁,헌법재판소,최상목,권한대행,재판소,국회의장,청구인,조한창,판소,정계선,그동안,윤석열,우원식","최상목 대통령 권한대행이 마은혁 헌법재판관 후보자를 임명하지 않은 행위는 국회의 권한을 침해한 것이라는 헌법재판소 결정이 나왔다. 헌법재판관 8인이 만장일치로 내린 이번 결정으로 최 대행은 마 후보자를 임명해야 할 헌법적 의무가 생겼다. 최 대행은 그동안 자의적인 이유를 대며 헌재 업무에 지장을 초래한 데 대해 사과부터 하고, 마은혁 재판관 후보자를 지..",http://www.hani.co.kr/arti/opinion/editorial/1184604.html,
01100801.20250227002217001,20250227,조선일보,조선일보,[사설] 헌재 마은혁 임명 추진은 불필요한 분쟁 불씨,정치>청와대, 정치>행정_자치, 정치>선거,,,,"윤,윤석열,한덕수,우원식 국회의장,문형배,마은혁,최,최상목",평의,"민주당,헌법재판소,헌재,국회","헌재,마은혁,임명,추진,불필요,분쟁,불씨,헌법재판소,최상목,대통령,권한,대행,보류,마은혁,헌법,재판관,후보자,임명,권한쟁,사건,선고,헌재,후보자,임명,보류,판단,원칙,대행,후보자,임명,헌재,임명,후보자,강제,수단,임명,보류,대행,여야,합의,임명,후보자,보류,우원식,국회,의장,국회,선출권,침해,권한쟁,심판,청구,후보자,종결,윤석열,대통령,탄핵,심판,마지막,변수,헌재,국회,국회,후보자,헌재,합류,헌재,후보자,탄핵,심판,참여,여부,결정,참여,재판관,사건,기록,확인,절차,변론,갱신,선고,탄핵,심판,극단,정치,편향,논란,제기,후보자,합류,대통령,대통령,공정성,제기,반발,예상,헌재,그동안,그동안,후보자,사건,사건들,공정성,신뢰,위기,자초,헌재,3일,선고,2시간,이례적,연기,임명,한덕수,사건,대행,탄핵,시작,상황,사건,후보자,문형배,헌재,소장,대행,마은혁,재판,의결,국회,본회의,정도,나흘,민주당,국회,마은혁,임명,촉구,결의안,통과,양쪽,의심,헌재,후보자,공정성,신뢰,담보,상황,헌재,후보자,사건,선고,대통령,탄핵,재판관,확보,차원,의혹,제기,대통령,탄핵,심판,평의,선고,헌법재판소,일거수일투족,주목,헌재,심리,재판관,임명,추진,불필요,분쟁,불씨","후보자,마은혁,재판관,권한쟁,공정성,그동안,본회의,재판소",헌법재판소가 27일 최상목 대통령 권한대행의 마은혁 헌법재판관 후보자 임명 보류에 대한 권한쟁의 사건을 선고한다. 헌재가 마 후보자 임명 보류에 문제가 있다고 판단할 경우 원칙적으로 최 대행은 마 후보자를 임명해야 한다. 그러나 헌재가 마 후보자 임명을 강제할 수단은 없기 때문에 임명이 또 보류될 수도 있다. 최 대행은 작년 12월 31일 여야의 합의가..,https://www.chosun.com/opinion/editorial/2025/02/27/I2V26VCL6JB4ZOLZDNP534MSOA/?utm_source=bigkinds&utm_medium=original&utm_campaign=news,
01100801.20250227001547001,20250227,조선일보,조선일보,[사설] 대선 전 이 대표 법적 문제 종결 불가능하지 않다,사회>사건_사고, 정치>국회_정당, 정치>선거,,,,"이,윤석열,이재명",백현동,"동원,민주당,헌법재판소,국토교통부,재판부,대법원","대선,불가능,대표,종결,대표,이재명,민주당,재판부,선거법,위반,사건,변론,종결,선고,26일,사건,대표,대선,국토,교통부,협박,용도,상향,조정,주장,허위,사실,공표,혐의,기소,1심,징역,집행,유예,선고,판결,확정,대표,의원직,대선,출마,대표,사건,걱정,판결,확정,5월,형사,소송법,절차,불가능,대표,대통령,대로,윤석열,탄핵,대선,자신,출마,심리,상고장,제출,각종,절차,기한,대선,사실,조기,대선,판결,무죄,재판,대표,판결,소송,기록,접수,통지서,변호인,선임,재판,재판부,선거법,제청,위헌,심판,신청,노골적,재판,지연,2심,유죄,선고,대표,자신,출마,확정,판결,수단,동원,재판,지연,상황,논란,자리,대통령,사람,작전,재판,지연,출마,납득,국민,사회,혼란,대법원,대표,출마,확정,판결,헌법재판소,탄핵안,대통령,탄핵,최우선,심리,주심,대표,사건,최우선,심리,불가능,대법원,사실관계,심리,법률심,재판,선거법,위반,2,3개월,규정,대표,사건,재판,대법원,취지,신속,선고","대법원,1심,선거법,2심,불가능,통지서,윤석열,최우선,이재명,민주당,재판부",이재명 민주당 대표의 선거법 위반 사건 2심 재판부가 26일 변론을 종결했다. 선고는 다음 달 26일에 하기로 했다. 이 사건은 이 대표가 지난 대선 당시 백현동 부지 용도 변경과 관련해 “국토교통부 협박으로 용도를 상향 조정했다”고 주장하는 등 허위 사실을 공표한 혐의로 기소된 것이다. 1심은 징역 1년에 집행유예 2년을 선고했다. 이 판결이 확정되면..,https://www.chosun.com/opinion/editorial/2025/02/27/VVOSXNBHSJCDVDNJCOKSSGBSLA/?utm_source=bigkinds&utm_medium=original&utm_campaign=news,
01101101.20250227001046002,20250227,한국일보,,"[사설] 헌재, 국민 모두 납득할 결정 내길",정치>청와대, 정치>행정_자치, 정치>선거,,,,"김이수,정형식,이진성,박근혜,윤석열,강일원,문형배","평의,계산","헌법재판소,세울,헌재,법원","헌재,국민,납득,결정,내길,헌법재판소,결정,윤석열,대통령,탄핵,심판,최종,논의,시작,국민들,국론,분열,극단적,가능성,대통령,헌재,결정,승복,의사,결정,헌재,최종,정치,성향,진영,국민,대다수,수긍,상황,탄핵,사유,중대,진영,탄핵,찬반,극단적,대립,법원,침탈,정도,정치,사회적,갈등,최고조,여야,정치,계산,재판관,성향,보수,진보,일도양단,헌재,공정,시비,대가,민주주,최후,보루,헌재,국민,신뢰,상황,상상,민주주의,토대,헌법학자들,헌법,질서,회복,재판관,만장일치,결정,호소,도출,논리,헌재,결정,법리,증거,부합,합리적,주심,어깨,재판관,재판관,최종,평의,권한대행,문형배,헌법,재판소장,권한,대행,차례,변론,질문,실체,진실,역할,평의,중론,박근혜,주심,대통령,탄핵,심판,강일원,재판관,끝장,토론,만장일치,결정,탄핵,사회,파장,최소화,재판관들,강조,탄핵심판,형법상,무죄,형사재판,중대,헌법,법률,위배,행위,이익,헌법,수호,대통령,파면,국가,손실,이견,쟁점,대로,보충,의견,설명,국민,동의,이해,대통령,탄핵,심판,김이수,이진성,재판관,세월,참사,부실,대응,파면,사유,의견,결정문,헌재,결정,사회,갈등,수습,내우,외환,위기,직면,사회,도약,전기,재판관들,치열,요구","재판관,탄핵심판,문형배,진영,재판관들,만장일치,윤석열,형사재판,민주주,민주주의,헌법학자들","헌법재판소가 어제부터 윤석열 대통령 탄핵심판 최종 결정을 위한 논의를 시작했다. 국민들은 무엇보다 국론 분열이 더 극단적으로 흐를 가능성을 우려한다. 윤 대통령이 헌재 결정 승복 의사를 밝히지 않은 탓이다. 그렇기에 헌재 최종 결정은 정치 성향이나 진영을 떠나 국민 대다수가 수긍할 수 있어야 한다. 
상황은 녹록지 않다. 탄핵 사유가 중대한 데다 탄핵 ..",https://www.hankookilbo.com/News/Read/A2025022616350000045,
01100401.20250227232730001,20250227,동아일보,,[사설]尹 “임기 연연 않고 개헌” 진정성도 현실성도 의문,정치>청와대, 정치>국회_정당, 정치>행정_자치,,,,"윤,박근혜,윤석열,최순실","한국,설령","민주당,헌법재판소,헌재,국회,대국","연연,임기,개헌,진정성,현실성,의문,윤석열,대통령,최후진술,헌법,재판소,탄핵,심판,최후,진술,직무,복귀,잔여,임기,개헌,체제,개선,최선,취임,개헌,구체적,생각,로드맵,공식적,대통령,탄핵,임기,단축,개헌,카드,짐작,예상,중순,헌재,선고,파면,위기,상황,헌재,탄핵,기각,명분,제공,시각,계엄,사태,개헌,여론,확산,사실,헌법,37년,한국사회,지적,제왕,대통령,가능,현행,헌법,예외,실패,대통령,각계,원로,학자,다수,여야,정치인,한목소리,권력,분산,개헌,이슈,제기,맥락,대통령,개헌,제안,진정성,의문,현실성,대통령,대통령직,시작,임기,중반,개헌,선거제,정치개혁,추진,계획,동의,대통령,임기,반환점,11월,2시간,대국민담화,기자회견,개헌,최순실,국정,농단,사태,지지율,하락,박근혜,대통령,국회,연설,도중,임기,개헌,가능,탄핵,판단,자체,재판관들,양심,독립적,개헌,임기,단축,정치,제안,사안,대통령,현직,복귀,민주당,대통령,개헌,카드,논의,의문,대통령,임기,국회,다수당,야당,대화,상대,반국가세력,규정,비상계엄,선포,야당,동의,필수적,개헌,논의,고개,국민들,최후진술,개헌,중대,이슈,승부수,비상계엄,책임,인정,사과,국민,통합,메시지,승복,메시지,대통령,개헌,정치개혁,논의,국민,통합,주장,공감","비상계엄,최후진술,최순실,정치개혁,현실성,진정성,대국민담화,대국민,재판관,반국가세력,재판관들,한국,로드맵,한목소리,정치인,한국사회,독립적,기자회견,지지율","윤석열 대통령이 25일 헌법재판소 탄핵 심판 최후진술에서 “직무에 복귀하게 된다면, 잔여 임기에 연연하지 않고 개헌 등 ‘87 체제’ 개선에 최선을 다하겠다”고 말했다. 취임 후 개헌에 대한 구체적인 생각이나 로드맵을 공식적으로 밝힌 적이 한 번도 없는 윤 대통령이 탄핵 심판정에서 임기 단축 개헌 카드를 꺼낸 이유를 짐작하긴 어렵지 않다. 3월 중순 예..",https://www.donga.com/news/Opinion/article/all/20250226/131113246/2,
01100101.20250226195212001,20250226,경향신문,,[사설] 헌법 짓밟은 윤석열은 개헌 거론할 자격 없다,정치>청와대, 정치>국회_정당, 정치>행정_자치,,,,"윤석열,김영삼,한덕수","재구,대한민국","동원,망상,헌법재판소,군대,실명제 긴급재정경제명령,국회,헌재,대국,선관위,국민의힘","헌법,윤석열,개헌,거론,자격,대통령,윤석열,헌법,재판소,탄핵,심판,최후,진술,직무,복귀,잔여,임기,개선,체제,최선,대통령,대외관계,치중,총리,권한,탄핵,기각,임기단축,이원집정부제,개헌,추진,탄핵,현실,개헌,복귀,명분,망상,헌법,장본인,염치,자격,개헌,12,대통령,통치,행사,윤석열,최후,진술,요지,최후진술,거짓말,궤변투성이,윤석열,계엄,의원,국회,출입,국회,의결,방해,의원들,윤석열,지시,정치,법조,언론,체포,명단,증언,증거,헌재,심판정,법꾸,윤석열,사실,왜곡,내란,입맛,재구성,윤석열,김영삼,대통령,사례,금융,실명,긴급,재정,경제,명령,12,하자,위헌,절차,동일시,긴급,경제조치,내란,비교,견강부회,한덕수,국무총리,간담회,국무회의,부정,근거,제시,부정선거론,영장,군대,선관위,야당,반국가세력,규정,국회,입법,탄핵,예산,삭감,계엄,선포,군경,동원,헌법,삼권,분립,정신,결국,윤석열,계엄,형식,대국민,호소,헌법,12,위헌성,의무,헌법,수호,대통령,입증,대통령,개헌,자격,권리,대통령실,이날,윤석열,개헌,제안,고뇌,결단,시대,진정성,제안,권영세,국민,비대위원장,과업,여권,윤석열,종식,대한민국,개헌,의미,오염,명령,지시,헌법,세상,총칼,권력자,개헌,꼼수,현혹,국민들,우두머리,탄핵,심판,자체,국가적,교훈,역사,법정,헌재,관용,윤석열,파면,윤석열,여권,승복,약속,위헌,비상계엄,허점,헌법,개헌,논의,윤석열,파면,대선,여야,공론화","윤석열,최후진술,비상계엄,공론화,간담회,국무총리,국무회의,한덕수,선관위,견강부회,진정성,위원장,이원집정부제,궤변투성이,동일시,반국가세력,부정선거론,비대위원장,국민들,대통령실",대통령 윤석열이 지난 25일 헌법재판소 탄핵심판 최후진술에서 “직무에 복귀하게 되면 잔여 임기에 연연하지 않고 87년 체제 개선에 최선을 다할 것”이라고 말했다. 그러면서 “대통령은 대외관계에 치중하고 국내 문제는 총리에게 권한을 대폭 넘기겠다”고도 했다. 탄핵이 기각되면 임기단축 이원집정부제 개헌을 추진하겠다는 것이다. 탄핵이 현실로 다가오니 개헌을 ..,https://www.khan.co.kr/article/202502261951001,
01101001.20250226182008002,20250226,한겨레,한겨레,"[사설] 여전히 망상 거짓말, 윤석열 끝까지 국민 실망시켰다",정치>청와대, 정치>국회_정당, 정치>선거,,,,"윤석열,이상민","망상,장단,북한","북,행정안전부,국회·중앙선거관리위원회,헌법재판소,더불어민주당,12·3 비상계엄,헌재,비상계엄,북한,대법원","망상,거짓말,윤석열,국민,실망,헌법,재판소,윤석열,대통령,탄핵,심판,최종,변론,파면,증명,자리,1시간,최후진술,색깔론,실체,부정,선거,주장,망상,궤변,복귀,지지자,고개,국민,자괴감,참담,최후진술,12,나라,상황,망국,위기,선언,국민들,호소,주장,반복,발언,야당,비난,할애,시민사회단체,주최,집회,퇴진,촉구,야당,의원,발언대,북한,지령,규정,더불어민주당,예산,삭감,지시,핵심,예산안,삭감,지경,이상민,탄핵,행정안전부,장관,북한,지령,간첩단,사실상,주장,지령,야당,계엄,선포,내란죄,재판,야당,공작,프레임,얘기,피해의식,망상,이성,당사자들,증언,전모,국회,중앙선거관리위원회,침탈,상황,재구성,모습,280명,실무장,병력,국회,투입,결의,계엄,해제,병력,철수,국민,목격,현장,왜곡,대법원,실체,판단,부정,선거,음모,반복,탄핵심판,비상계엄,위헌,위법성,탄핵,기각,의지,국정,복귀,잔여,임기,임기,단축,개헌,의사,피력,헌법,질서,파괴,대통령,복귀,전제,개헌,약속,자체,개헌,부정,대통령,꼼수,위기,타개,활용,사안,여권,진정성,얘기,국민,개헌,의지,실현,대통령실,장단,노릇,대통령,최후진술,비이성적,망상,헌법,질서,파괴,내란범,실체,확인,계기,헌재,신속,파면,결정","윤석열,비상계엄,최후진술,탄핵심판,행정안전부,시민사회단체,사회단체,진정성,당사자,대통령실,더불어민주당,예산안,당사자들,위원회,내란죄,위법성,사실상","지난 25일 헌법재판소에서 열린 윤석열 대통령 탄핵심판 최종변론은 그가 왜 파면되어야 하는지를 스스로 증명한 자리였다. 1시간 넘게 이어진 최후진술은 철 지난 색깔론과 실체 없는 부정선거 주장 등 망상과 궤변으로 채워졌다. 여전히 ‘복귀 이후’를 기대하고 지지자에게만 고개 숙인 그를 보며, 국민으로서 자괴감과 참담함을 느낀 이들이 적지 않을 것이다.
그..",http://www.hani.co.kr/arti/opinion/editorial/1184394.html,
01101001.20250226181009002,20250226,한겨레,한겨레,"[사설] ‘국내 정치’ 노린 무책임한 반중 선동, 제발 그만두라",정치>정치일반, 국제>중국, 국제>일본,,,,"다이빙,윤석열","미국,중국,한국","미국,유일,일본,헌법재판소,중국,유튜브,한국,뮌헨,안보회,행정부,중국대사,국민의힘","정치,무책임,선동,중국대사,다이빙,주한,중국,대사,윤석열,대통령,지지,극우,세력,자신들,정치,목적,선동,중국,한국,인상,지적,국익,중국,얼굴,12,대통령,정치생명,연장,감정,조장,무책임,대통령,파면,여부,헌법,재판소,심리,만큼,여당,국민,국익,선동,다이빙,중국,대사,언론인들,한국,언론인,간담회,중국,한국,선거,개입,주장,근거,유언비어,날조,한국,인상,조장,세력,한국,극소수,영향,대통령,자신,감정,조장,12월,담화,중국인들,한국,스파이,활동,언급,최후,변론,가치,공유,나라,정치체제,영향,사실,중국,겨냥,언론,유튜브,개입설,중국인,부정,선거,여당,의원,가세,모습,국익,무분별,움직,여당,의원,눈앞,정치,이익,편승,조장,국익,객관적,외면,뮌헨,안보,회의,보고서,미국,유일,강대국,세계,질문,미국인,38%,미국,패권,세계,주요국,유지,다극질서,미국,구호,도널드,트럼프,행정부,파괴적,움직임,흐름,가속화,중국,숙명,이웃,1330억,달러,최대,수출,시장,미국,대통령,가치,외교,자리,이웃,일본,미국,동맹,강화,동시,중국,대화,전략,호혜,구축,노력,자세","중국,한국,미국,중국인,행정부,무책임,뮌헨,도널드,1330억,다극질서,가속화,유언비어,미국인,주요국,재판소,강대국,중국인들,유튜브,보고서,개입설,정치체제,움직,만큼,눈앞","다이빙 주한 중국대사가 윤석열 대통령과 그를 지지하는 극우 세력이 자신들의 ‘정치적 목적’을 위해 반중 선동을 하고 있다며, 이는 중국에 “한국에 대한 나쁜 인상”을 주게 될 것이라고 지적했다. 국익을 지키려면 때로 중국과도 얼굴을 붉히며 다퉈야 하지만, 12 3 내란사태를 일으킨 윤 대통령의 ‘정치생명’ 연장을 위해 반중 감정을 조장하는 것은 너무도 ..",http://www.hani.co.kr/arti/opinion/editorial/1184389.html,
01100901.20250226003232001,20250226,중앙일보,,[사설] 최후진술까지 통합 외면한 윤 대통령 실망스럽다,정치>청와대, 정치>국회_정당,,사회>사회갈등>반란_혁명_폭동,,,"노무현,윤,박근혜,윤석열","중국,북한,트라,러시아","헌법재판소,헌재,서울서부지법,국회,경찰 기동대","최후진술,통합,외면,실망,대통령,국민,사과,탄핵,인용,승복,의사,추진,직무,복귀,개헌,현실,의문,윤석열,대통령,최후진술,헌법재판소,탄핵,심판,변론,마무리,12,84일,14일,변론,종결,선고,노무현,대통령,11일,인용,결정,박근혜,대통령,선례,중순,대통령,파면,여부,결정,전망,현직,대통령,헌재,최후,진술,헌정,사상,사회,대립,갈등,완화,계기,기대감,이목,서울,서부,지법,폭동,불상사,재발,대통령,국민,통합,메시지,각계,원로,주문,대통령,최후진술,국민,혼란,불편,진심,사과,충실,심리,헌법재판관님,감사,발언,계엄,대국민,호소,2시간,내란,그간,항변,호수,달빛,표현,반복,야당,비판,수위,대통령,거대,야당,공작,세력,계엄,트라우마,악용,국민,선동,야당,맹공,북한,중국,러시아,의혹,제기,대목,대통령,직무,복귀,개헌,추진,발언,대통령,대외관계,치중,총리,권한,생각,잔여,임기,헌재,탄핵,기각,호소,판단,대통령,최후진술,야당,비판,치중,개헌,국회,호응,의문,대통령,자신,생각,헌재,결정,승복,의사,지지자들,당부,유감,대목,최종,통합,계기,국민,진영,탄핵,찬반,갈등,격화,염려,우리나라,경제,안보,분야,비상,상황,헌재,결정,승복,국정,정상,제자리,헌법,여부,대통령,탄핵,최종,판단,헌재,헌재,결정,불복,절차,수용,헌정,질서,헌재,주변,3800여,경찰,기동대,대로,경찰버스,대로,헌정,질서,방증,헌재,헌재,결정,헌재,논란,불씨,마지막,심판,최선","경찰버스,비상계엄,대국민,기동대,최후진술,우리나라,러시아,중국,그간,지지자,달빛,서울,불상사,기대감","━
 국민에 사과했지만 탄핵 인용시 승복 의사 안 밝혀 
 
 ━
 직무 복귀 시 “개헌 추진” 밝혔으나 현실성 의문 
 어제 윤석열 대통령의 최후진술을 끝으로 헌법재판소의 탄핵심판 변론이 마무리됐다. 12 3 비상계엄 사태 이후 84일 만이다. 변론 종결 14일 후 선고가 나온 노무현 전 대통령이나 11일 만에 인용이 결정된 박근혜 전 대통령 선례에 ..",https://www.joongang.co.kr/article/25316579,
01100801.20250226003232001,20250226,조선일보,조선일보,[사설] 대통령 민주당은 “어떤 결과든 승복” 밝혀야,정치>청와대, 정치>국회_정당, 정치>행정_자치,,,,"윤석열,한덕수","평의,미","동원,민주당,헌법재판소,헌재,대국,비상계엄,국회·","대통령,민주당,결과,승복,윤석열,대통령,헌법재판소,탄핵,심판,최종,변론,마무리,대통령,탄핵,소추,헌법재판관들,탄핵,의견,평의,내달,최종,결정,혼란,국정,정상,갈림길,대통령,최후,진술,독재,집권,연장,계엄,망국,위기,대국민,호소,업무,복귀,임기,개헌,정치,개혁,매진,국민,혼란,불편,민주당,동원,국회,선관위,활동,위헌,비상계엄,민주주의,파괴,행위,12,현직,대통령,구속,초유,사태,대통령,권한대행,한덕수,총리,탄핵,국정,상태,사실,마비,연일,집회,탄핵,찬반,나라,일촉즉발,충돌,위기,트럼프,정책,자국,우선주의,패권,경쟁,약화,산업,경쟁력,안보,지형,급변,위기,정치,분열,변화,국제,정세,대처,최악,상황,리더십,국정,국민,여론,통합,헌재,합리,결정,국민,납득,헌재,태도,실망,심리,대통령,탄핵,절차,비판,자초,헌재,정파,압박,자신,정치,성향,구애,증거,법리,판단,대통령,계엄,조치,헌법,법률,위반,위반,정도,파면,정도,중대,기준,한덕수,총리,장관,탄핵,심판,조기,마무리,중요,승복,대통령,민주당,승복,대통령,헌재,결정,존중,탄핵,찬성,반대,국민,헌재,결정,당부,민주당,극단,공격,장외,선동,자제,헌재,결정,수용,입장,국민,갈등,치유,국정,정상,첫걸음","민주당,비상계엄,경쟁력,우선주의,한덕수,선관위,민주주의,일촉즉발,대국민,헌법재판관들,권한대행,갈림길","윤석열 대통령에 대한 헌법재판소의 탄핵 심판 최종 변론이 25일 마무리됐다. 윤 대통령이 탄핵 소추된 지 73일 만이다. 헌법재판관들이 탄핵에 대한 의견을 내는 평의를 거치면 내달 중 최종 결정이 나올 것이다. 혼란을 접고 국정 정상화의 길로 갈 수 있을지 갈림길에 섰다. 
 
윤 대통령은 최후 진술에서 “독재와 집권 연장을 위한 계엄이 아니라 망국적 ..",https://www.chosun.com/opinion/editorial/2025/02/26/VHHXGTANXZGIBHLQVDAXLUB6PY/?utm_source=bigkinds&utm_medium=original&utm_campaign=news,
01101101.20250226001016001,20250226,한국일보,,[사설] '국가 국민 위한 계엄'이라니 윤 대통령 최후진술 참담하다,정치>청와대, 정치>행정_자치, 정치>국회_정당,,,,"노무현,윤,진영,박근혜,윤석열","중국,민주공화국,평의,대한민국,비상계엄,북한,러시아","강변헌법재판소,정부,헌법재판소,민주주,더불어민주당,12·3 비상계엄,헌재,국회,법원,선거관리위원회","국가,국민,계엄,대통령,최후,진술,참담,민주주,퇴행,반성,강변,헌법,재판소,결정,승복,약속,윤석열,대통령,헌법,재판소,탄핵,심판,최후,진술,12,대국민,호소,행사,합법,권한,주장,위기,국가,민주주,퇴행,반성,헌재,결정,승복,약속,비상계엄,사태,국가적,대위기,진영갈등,목도,국민,수긍,대통령,인식,헌재,변론,일단락,파면,기각,결정,헌재,변론준비기일,국회,탄핵소추안,대통령,탄핵,소추,통과,73일,대통령,67분,최후,진술,비상계엄,사태,책임,야당,더불어민주당,발목,정부,정책,입법,폭주,삭감,예산,일방,열거,야당,북한,중국,러시아,반국가세력,규정,국회,탄핵,소추,수사,북한,지령,공작,종북,색깔,부정,선거,음모,선거관리위원회,병력,투입,선관위,전산,스크린,차원,내란,범죄,이해,강변,대통령,내란죄,혐의,구속,기소,처지,증거,진술,사실,외면,직무,복귀,의지,복귀,개헌,추진,잔여,임기,대통령,대외관계,치중,총리,권한,의지,임기,지속,헌재,결정,승복,책임감,계엄,목적,지지층,구애,메시지,인식,대통령,현실,괴리,확인,이날,청구인,국회,대통령,12,대한민국,헌법,파괴,행위,행위,민주공화국,전복,신속,파면,요구,쟁점,탄핵,심판,핵심,비상계엄,선포,계엄포고령,헌법,기관,봉쇄,장악,시도,확인,위헌,위법,증거,진술,언급,광인,운전대,변론,종결,헌재,재판관,전원,참여,회의,평의,평결,선고,최종,결정,노무현,대통령,박근혜,종결,대통령,탄핵,심판,변론,14일,11일,결정,전례,중순,예상,기간,헌재,기간,재판관,양심,증거,비상계엄,사태,국론,극단적,양분,법원,난동,법치주의,근간,위협,지경,헌재,만큼,정치,혼란,자중","비상계엄,선관위,재판관,참담,만큼,종북,더불어민주당,민주주,대한민국,재판소","◇민주주의 퇴행 반성커녕 정당성 강변헌법재판소 결정 승복 약속도 없었다

윤석열 대통령이 어제 헌법재판소 탄핵심판 최후 진술에서 12 3 비상계엄은 “대국민 호소” “합법적 권한 행사”라는 주장을 되풀이했다. 반면 국가적 위기와 민주주의 퇴행에 따른 반성도, 헌재 결정 승복 약속도 없었다. 비상계엄 사태로 인해 국가적인 대위기와 극심한 진영갈등을 목도한..",https://www.hankookilbo.com/News/Read/A2025022522410000784,
01100401.20250226233402001,20250226,동아일보,,[사설]尹 헌재 최후진술 끝내 달라진 건 없었다,정치>청와대, 정치>국회_정당, 정치>행정_자치,범죄>범죄일반>폭행,,,"윤,윤석열","평의,비상계엄,대한민국","국민통합,헌법재판소,거대,계엄 직후,헌정사,12·3 비상계엄,헌재,국회,법원","최후진술,헌재,최후,진술,윤석열,대통령,변론,헌법,재판소,탄핵,심판,마지막,최후,진술,국가,국민,계엄,국민,혼란,불편,진심,생각,대통령,헌재,결정,승복,의사,직무,복귀,개헌,정치,개혁,추진,임기,후반부,집중,국민통합,노력,대통령,사과,포괄,유감,표명,수준,대통령,계엄,불안,불편,불안,국민,12일,사과,비상계엄,국가,손실,국민,상처,자성,변론,국회,봉쇄,지시,정치인,체포,뒷받침,증언,정황,대통령,책임,인정,대통령,줄탄핵,입법,폭주,야당,제왕,거대,야당,폭주,대한민국,존립,위기,주장,상황,전시,사변,비상사태,강변,국회,피청구인,대한민국,헌법,군림,독재,대통령,목숨,민주,헌정,질서,대통령,파면,국민,헌법,역사,명령,주장,헌법,법률,위반,중대성,과거,전직,대통령,사례,미래,중대,위반,상상,탄핵안,기각,복귀,제2,제3,비상계엄,선포,보장,광인,운전대,주장,그간,대통령,그간,차례,변론,기일,8차례,출석,변론,사실,탄핵,심판,진두지휘,증인,신문,헌정사,번째,대통령,전직,대통령,모습,지지,결집,여론전,그사이,대통령,사회,찬반,극명,세력,극렬,지지,폭력적,사태,법원,난입,대통령,헌재,결정,승복,약속,물론,지지,세력,승복,당부,발언,유감,대통령,구속,일들,상황,청년들,엄동설한,거리,국민들,지지,세력,두둔,발언,잔여,임기,개헌,정치개혁,국민통합,언급,직무,복귀,전제,메시지,헌재,대통령,최종,진술,마지막,변론,종결,재판관,평의,선고,12,40여,독재,정권,망령,국민,마음,충격,공포,공백,국정,리더십,국가,신인,하락,국격,추락,사회,내부,갈등,분열,심화,국민,민주주,역사,미래,국가,상처,치유,헌재,결정","비상계엄,대한민국,40여,그간,정치인,정치개혁,국민통합,그사이",윤석열 대통령이 25일 헌법재판소 탄핵심판 마지막 변론에서 최후 진술을 통해 “국가와 국민을 위한 계엄이었지만 그 과정에서 국민에게 혼란과 불편을 끼쳐 드린 점 진심으로 죄송스럽게 생각한다”고 밝혔다. 윤 대통령은 그러나 헌재 결정에 대한 승복 의사는 밝히지 않은 채 “직무에 복귀하면 개헌과 정치개혁 추진에 임기 후반부를 집중하겠다”며 그 과정에서 국민..,https://www.donga.com/news/Opinion/article/all/20250225/131105646/2,
01101001.20250225223005001,20250225,한겨레,한겨레,"[사설] 끝까지 반성 사과 없는 윤석열, 파면해야 한다",정치>청와대, 정치>국회_정당, 정치>선거,,,,"윤,윤석열","평의,장악","헌법재판소,검찰,12·3 비상계엄,헌재,국회,비상계엄","반성,사과,윤석열,파면,윤석열,대통령,탄핵,심판,최종,변론,최후진술,탄핵,변론,마무리,헌법재판소,평의,3월,중순께,대통령,파면,여부,결정,헌재,이날,차례,변론,12,위헌,위법성,16명,증인,신문,헌재,증거,채택,피의자들,내란,사건,피의자,조서,검찰,진술,대통령,파면,근거,입증,파면,대통령,국정,혼란,국민,갈등,헌재,전원일치,파면,대통령,결정,대다수,국민,대통령,최후진술,자신,사과,모습,헌법재판소,결정,승복,입장,주문,국정,최고,책임자,책임감,국민,당부,배반,대통령,마지막,순간,자신,책임,전면,부인,야당,책임,반복,비상계엄,대국민,호소,궤변,대통령,국회,장악,내란,야당,주장,정략적,선동,공작,국민,사실,부정,부정선거,중국,개입,헌정,국민,신뢰,국익,훼손,음모,괴담,대통령,자신,초래,국가,혼란,수습,국민,분열,대립,마지막,기회,자신,안위,억지,주장,모습,국민,참담,분노,사죄,반성,메시지,국가,국민,계엄,계엄,강변,국민,혼란,불편,생각,한마디,사과,구속,일들,상황,청년들,마음,미안,자신,극렬,지지,구애,최종,변론,국민,통합,결집,극렬,지지,수단,악용,모습,국민들,한시,대통령,확신,대통령,파면,헌정,정상화,민생,회복","비상계엄,중국,대국민,재판소,헌법재판소,최후진술,윤석열,중순께,청년들,위법성,일들,책임자,정상화,전원일치,피의자,한마디,피의자들,참담,책임감",윤석열 대통령이 25일 탄핵심판 최종 변론에 나와 최후진술을 했다. 이로써 탄핵 변론이 모두 마무리됐다. 헌법재판소는 앞으로 평의를 거쳐 오는 3월 초 중순께 윤 대통령 파면 여부를 결정할 것으로 보인다. 헌재는 이날까지 11차례 변론을 열어 12 3 비상계엄의 위헌 위법성을 따졌다. 16명의 증인 신문과 헌재가 증거로 채택한 내란 사건 피의자들의 검찰..,http://www.hani.co.kr/arti/opinion/editorial/1184227.html,
01100101.20250225221722001,20250225,경향신문,,[사설] 내란 사과 없이 ‘복귀 망상’까지 드러낸 윤석열의 최후진술,정치>청와대, 정치>국회_정당, 정치>행정_자치,,,,"윤석열,이정표","망상,장악,12·3 비상계엄","동원,국회,자유민주,법원,선관위,계엄군,공수처,헌법재판소,중앙선관위,헌재,대국,비상계엄,대한민국","사과,복귀,망상,윤석열,최후진술,12,우두머리,대통령,윤석열,헌법,재판소,탄핵,심판,최후,진술,계엄,계몽령,망발,대국민,사과,대통령,직무,복귀,개헌,정치개혁,집중,망상,국민,염장,헌재,결정,승복,약속,윤석열,탄핵심판,부화뇌동,법원,난입,법치,극우세력,사회,안정,위협,요인,모습,불안,국민,다수,윤석열,최후진술,내란죄,인정,참회,윤석열,윤석열,12,계엄,형식,대국민,호소,2시간,내란,대통령,국회,장악,내란,거대,야당,주장,정략적,선동,공작,계엄,국회,선관위,유린,장면,국민,생중계,계엄군,국회,난입,시민,충돌,유리창,궤변,윤석열,공수처,자신,체포영장,집행,불법,중앙선관위,계엄군,투입,차원,전산,스크린,법치주의,헌법기관,위헌,위법,대통령,사실,따름,윤석열,국민들,청년들,대한민국,상황,직시,주권,나라,비상계엄,목적,생각,망발,극우세력,자제,헌정,질서,준수,호소,내란,선동,국민,직무,복귀,개헌,정치개혁,추진,임기,후반부,집중,나라,엉망진창,대통령,복귀,거론,파렴치,윤석열,최후진술,윤석열,대한민국,위험,요인,실패자,대통령,직무,복귀,식민지,전쟁,폐허,각고,노력,산업화,민주화,선진화,나라,상상,모골,탄핵심판,대통령,사람,파면,여부,결정,절차,독선,권력,군대,동원,헌법기관,유린,기본권,침해,나라,나라,결정,역사적,심판,헌재,의견,재판관,전원,일치,윤석열,파면,자유,민주,가치,헌정,질서,수호,이정표,제시","윤석열,탄핵심판,비상계엄,최후진술,재판관,계엄군,대한민국,대국민,국민들,극우세력,헌법기관,중앙선관위,체포영장,유리창,이정표,산업화,정치개혁,민주화,기본권,후반부,선진화,법치주의,부화뇌동,식민지,내란죄","12 3 내란 우두머리인 대통령 윤석열이 25일 헌법재판소 탄핵심판 최후진술에서 계엄은 ‘계몽령’이라는 망발을 늘어놓았다. 대국민 사과는 고사하고, 대통령 직무에 복귀하면 개헌과 정치개혁에 집중하겠다는 망상으로 국민들 염장을 질렀다. 헌재 결정에 승복하겠다는 약속도 없었다. 윤석열은 두 달 가까운 탄핵심판 내내 손으로 해를 가리려 했다. 부화뇌동해 법원..",https://www.khan.co.kr/article/202502252216001,
01100101.20250225181607001,20250225,경향신문,,"[사설]‘윤석열 공천개입’ 적나라한 김건희 육성, 명태균 특검 해야",정치>국회_정당, 정치>선거, 정치>청와대,,,,"명태균씨,김,김상민,명,윤석열,윤상현,김영선,김 전,김건희,김 여사","적나라,김해,의창구,대선,창원,의창,경남","보궐선거,검찰,더불어민주당,공관위,창원지검,공천관리위,서울중앙지검,국민의힘","윤석열,공천,개입,김건희,육성,명태균,특검,윤석열,부부,공천,개입,의혹,점입가경,김영선,의원,공천,해결,명태균씨,육성,김건희,여사,여사,당선인,윤석열,전화,명씨,증거,확보,검찰,수사,대통령,부부,실소,시사인,공개,여사,명씨,전화,녹음,여사,당선인,전화,당선인,이름,김영선,걱정,통화,시점,윤석열,대통령,취임,당선인,전화,공천,윤상현,의원,윤석열,전화,의미,풀이,명씨,여사,통화,윤석열,통화,더불어민주당,공개,통화,아귀,윤석열,공관위,김영선,경선,김영선,통화,다음날,5월,국민,공관위,의원,경남,창원,의창,보궐,선거,단수,공천,윤석열,부부,불법,부당,행위,증좌,스모킹건,의원,공천,증거,공천,명씨,윤석열,대선,여론,조사,조작,증거,조작,조사,제공,사실,확인,사인,여사,장관,공기업,사장,인사,관여,정황,여사,의원,김영선,김해,창원,의창구,김상민,검사,당선,지원,선거,장관,자리,공기업,사장,제안,전담팀,구성,4개월,수사,창원지검,조사,여사,사건,서울중앙지검,와중,윤석열,부부,명씨,280개,메시지,파일,복원,수사,보고서,작성,사실,국민,검찰,창원지검,서울중앙지검,검찰,수사,대상,수사,주체,의혹,윤석열,부부,창원지검,은폐,특검,규명","윤석열,명씨,김영선,창원지검,당선인,창원,명태균,서울중앙지검,김건희,공관위,의창,공기업,시사인,경남,전담팀","윤석열 부부의 공천개입 의혹이 점입가경이다. 김영선 전 의원 공천 건이 해결됐다고 명태균씨에게 알려주는 김건희 여사 육성까지 나왔다. 김 여사가 “당선인(윤석열)이 전화를 했다”고 말하자 명씨는 “고맙다”고 답한다. 이런 증거를 확보하고도 검찰이 지금껏 대통령 부부 수사에 손 놓고 있었으니 실소를 금할 수 없다.

25일 ‘시사인’이 공개한 김 여사와 ..",https://www.khan.co.kr/article/202502251815001,
01101001.20250225181010002,20250225,한겨레,한겨레,"[사설] 육성까지 공개된 ‘김건희 공천개입’, 검찰은 뭐 했나",사회>사건_사고, 정치>국회_정당, 국제>중남미,,,,"명태균씨,김,윤석열,윤상현,김영선,김 전,김건희",12·3 비상계엄,"검찰,국가정보원,창원지검,공천관리위,도이치모터스,피엔알,국민의힘","육성,공개,김건희,공천,개입,검찰,윤석열,대통령,대선,명태균씨,여론조사,도움,대가,김영선,의원,공천,의혹,김건희,여사,육성,통화,공개,사건,수사,창원지검,검사,여사,수사,적시,보고서,연서명,사실,검찰,수사,도이치모터스,주가,조작,사건,수사,여사,행태,시사,주간지,시사인,공개,녹음,파일,부부,대통령,의원,공천,개입,정황,대통령,통화,의원,공천,요구,명씨,상현이,얘기,40분,여사,명씨,전화,당선인,전화,당선,이름,대통령,공천관리위원장,의원,윤상현,국민의힘,의원,공천,압박,사실,통화,대선,명씨,대선,대통령,유리,여론조사,조작,여사,개입,의혹,창원지검,수사,11월,여론,조사,업체,피엔알,PNR,압수,수색,수사보고서,작성,보고서,여사,여론조사,제공,윤석열,후보,유리,여론조사,명씨,요청,의심,정황,적시,이례적,검사,보고서,연서명,사실,확인,검찰,확보,증거,필요성,여사,수사,의견,표출,검찰,수사,진척,사건,도이치모터스,주가,조작,혐의,여사,황제조사,처분,검찰,굴욕,자처,대통령,부인,연루,사건,범죄,혐의,행태,반복,여사,민간인,비화폰,사용,12,문자메시지,사태,연루,의심,검찰,수사,의지,특검,의혹","명씨,보고서,창원지검,도이치모터스,김건희,피엔알,시사인,비상계엄,필요성,여론조사,윤석열,윤상현,문자메시지,정보원장,비화폰,주간지,위원장,명태균,김영선,상현이,명태균씨,민간인,수사보고서,국민의힘","윤석열 대통령이 지난 대선에서 명태균씨한테 여론조사 등 도움을 받은 대가로 김영선 전 의원에게 공천을 줬다는 의혹이 점차 뚜렷해지고 있다. 이와 관련한 김건희 여사의 육성 통화가 공개되고, 이 사건을 수사한 창원지검 검사들이 김 여사 수사 필요성을 적시한 보고서에 연서명한 사실도 드러났다. 그런데도 검찰 수사는 더디기만 하다. 도이치모터스 주가조작 사건..",http://www.hani.co.kr/arti/opinion/editorial/1184188.html,
01100901.20250225003440001,20250225,중앙일보,,[사설] 대통령답게 ‘최후진술’에 사과와 승복 약속 담기를,정치>청와대, 정치>국회_정당, 정치>선거,범죄>범죄일반>폭행,,,"윤석열,도널드 트럼프","광장,미국","중앙선거관리위원회,헌법재판소,헌재,국회","대통령,최후진술,사과,승복,약속,헌재,변론,야당,책임,주장,사과,정치,갈등,광장,승복,당부,윤석열,대통령,헌법,재판소,탄핵,심판,최종,변론,의견,진술,예정,구치소,수감,대통령,최종,진술서,작성,법률대리인단,의견,조율,그동안,대통령,그동안,현직,대통령,탄핵,심판,변론,참석,발언,기회,비상계엄,선포,조치,강조,포고령,비상,입법,기구,실제,집행,생각,호수,그림자,느낌,계엄,위헌성,부인,주력,입장,대통령,계엄,선포,국민,사과,대통령,계엄,선포,배경,지목,야당,대로,거대,줄탄핵,처리,예산안,단독,국정,운영,어려움,가중,사실,무장,군인,국회,중앙선거관리위원회,행위,계엄,사태,경찰,인사,구속,수사,대통령,계엄,상황,경비,질서,유지,군인,시민,폭행,상황,변론,자신,과오,인정,태도,일관,만큼,대통령,만큼,헌재,최종,변론,진술,비상계엄,선포,그동안,혼란상,국민,사과,국가,리더십,공백,발생,외환위기,최악,상황,경제,대응,민생,위기,비상,취임,도널드,트럼프,미국,대통령,대미,외교,차질,일각,대통령,개헌,임기,단축,탄핵,기각,대비,국정,비전,관측,국민,유권자,다수,지지,당선,국가,지도자,참담,상황,국가,위기,초래,자성,목소리,대통령,헌재,탄핵,인용,기각,결정,승복,약속,공개적,집회,탄핵,찬반,장외,전국,정치,갈등,최고조,여야,정치,동조,민심,분열상,지경,세력,표현,견해,극렬,지지자,감사,메시지,분열,모습,대통령,책임,대통령,탄핵심판,자체,국가,비극,사회,분열,통합,광장,승복,당부,대통령,대통령,모습","탄핵심판,그동안,만큼,예산안,도널드,비상계엄,분열상,중앙선거관리위원회","━
 헌재 변론 내내 야당 책임론 등 주장할 뿐 사과 없어 
 
 ━
 첨예한 정치적 갈등 풀려면 광장에도 승복 당부해야 
 윤석열 대통령이 오늘 헌법재판소 탄핵심판 최종 변론에서 직접 의견을 진술할 예정이다. 구치소에 수감 중인 윤 대통령은 최종 진술서를 직접 작성하면서 법률대리인단 등과 의견을 조율해 왔다고 한다. 그동안 윤 대통령은 현직 대통령으로..",https://www.joongang.co.kr/article/25316280,
01100801.20250225002718001,20250225,조선일보,조선일보,[사설] 민주당이 주는 선물과 벌로 전락한 국회 입법권,정치>행정_자치, 정치>청와대, 정치>국회_정당,,,,"이,윤석열,이재명",비상계엄,"민주당,검찰,더불어민주당,국회,감사원,법원,서울중앙지검,서울중앙지법,공수처,서울서부지법,법무부,검찰청,서울동부지법","민주당,선물,전락,국회,입법,더불어민주당,공수처,검사,정년,보장,조직,규모,확대,법안,공수처법,공수처,검사,임기,3년,연임,가능,최장,근무,규정,민주당,조항,공수처,검사,검찰청,검사,정년,보장,국회,통과,정원,공수처,검사,25명,50명,수사관,40명,60명,확대,법안,발의,민주당,최고,위원,비상,계엄,대통령,수사,준비,법안,제출,법안,그동안,공수처,지속적,요구,숙원,사업,공수처,내란죄,수사,비상계엄,윤석열,대통령,내란죄,수사,주도,수사,초기,압수,수색,통신,체포,영장,서울중앙지법,서울동부지법,청구,기각,서울서부지법,영장,청구,영장,쇼핑,위법성,출범,공수처,4년,813억,예산,기소,사건,4건,공수처,위법,논란,대통령,체포,구속,무리,수사,정치,행동,민주당,공수처,숙원,사업,입법,예산,해결,정작,공수처,수사,입법,방치,민주당,대표,그동안,이재명,수사,검찰,입법,예산,감액,서울중앙지검장,검사,탄핵,보복,검찰,수사,정보,활동,특수,활동비,특정,업무,경비,전액,삭감,감사원,특활,특경비,60억,삭감,법무부,예산,487억,예산,공수처,45억,증가,252억,편성,법원,숙원,사업,판사,임용,법조인,경력,10년,5년,단축,법원조직법,처리,판사,정원,5년,370명,대표,재판,영향,선물,공세,국회,입법권,민주당,선물,수단,전락","공수처,민주당,서울,그동안,위법성,내란죄,서울중앙지법,813억,이재명,활동비,수사관,특경비,252억,60억,감사원,법조인,법원조직법,조직법,서울서부지법",더불어민주당이 공수처 검사의 정년을 보장하고 조직 규모를 확대하는 내용의 법안을 냈다. 현재 공수처법은 공수처 검사의 임기를 3년으로 하면서 3회 연임이 가능해 최장 12년까지 근무하도록 규정하고 있다. 민주당은 이 조항을 없애면서 공수처 검사도 검찰청 검사처럼 63세 정년을 보장하도록 했다. 이 법이 국회를 통과하면 공수처 검사 정원도 지금의 25명에..,https://www.chosun.com/opinion/editorial/2025/02/25/SOIY7ERGGZGE7NTRRVX7G7TVA4/?utm_source=bigkinds&utm_medium=original&utm_campaign=news,
01101101.20250225001023001,20250225,한국일보,,"[사설] 윤 대통령 최후진술, 승복 약속하고 통합메시지 내야",정치>청와대, 정치>국회_정당,,,,,"노무현,윤,박근혜,윤석열",,"국민통합,헌법재판소,헌재,국회,대국","최후진술,대통령,최후,진술,승복,약속,통합,메시지,내야,윤석열,대통령,헌법,재판소,탄핵,심판,최종,변론,기일,출석,최후진술,헌재,탄핵,심판,노무현,박근혜,대통령,입장,장문,초고,정도,준비,열심,초중순,탄핵,심판,선고,계엄,주장,탄핵,기각,여론,확산,호소,탄핵,기각,대통령직,복귀,복귀,국정,운영,비전,관측,대통령,불법,계엄,선포,국회,탄핵소추,직무정지,국정,비상,가동,상태,정치,사회,분열,탄핵심판,대통령,개인,거취,국가,위기,회복,여부,대통령,메시지,정치,사회적,혼란,가중,수습,분수령,대통령,국민,사과,국민,대국민담화,대국민,담화,수준,계엄,사태,국가,피해,정도,계엄,가담,공백,지휘부,안보,위기,자초,대외신인도,잠재성장률,추락,경제,손실,국민,피땀,민주주의,퇴행,책임,자신,불리,헌재,결정,승복,국민통합,노력,약속,계엄,선포,법적,정치,책임,회피,대통령,자신,박근혜,대통령,헌재,결정,수용,국가지도자,마지막,품위,평가,선례,대통령,탄핵심판,절차,트집,책임,모습,국정,최고,책임자,모습,국민,참담,최후진술,자존심,품격,회복,대통령,태도,탄핵심판,역사,기록,평가","탄핵심판,최후진술,지휘부,대국민담화,박근혜,잠재성장률,대외신인,대외신인도,직무정지,민주주의,대국민,지도자,국가지도자,품격,자존심",윤석열 대통령이 오늘 헌법재판소 탄핵심판 최종 변론기일에 출석해 최후진술을 한다. 헌재 탄핵심판을 받았던 노무현 박근혜 전 대통령과 달리 직접 입장을 낸다. 장문의 초고를 직접 쓸 정도로 준비에 열심이라고 한다. 다음 달 초중순으로 점쳐지는 탄핵심판 선고를 앞두고 계엄 정당성을 거듭 주장하며 탄핵 기각 여론 확산을 호소할 것으로 보인다. 탄핵이 기각돼 ..,https://www.hankookilbo.com/News/Read/A2025022415440004268,
01100401.20250225232736001,20250225,동아일보,,[사설]尹 오늘 ‘정파 수장’ ‘법 기술자’ 아닌 대통령다운 모습 보여야,정치>청와대, 정치>국회_정당,,사회>사회갈등>시위,,,"노무현,박근혜,윤석열",평의,"헌법재판소,12·3 비상계엄,헌재,국회,서울서부지법,선관위","정파,수장,기술자,대통령,모습,윤석열,대통령,헌법,재판소,탄핵,심판,마지막,변론,기일,최후,진술,노무현,박근혜,대통령,탄핵,심판,헌재,출석,최후,변론,변호인,의견서,대독,대통령,최후,진술,헌재,평의,중순,최종,선고,예상,대통령,최후,진술,만큼,그동안,정파,수장,기술자,태도,자신,행동,국가,혼란,자세,12,불법성,사실관계,인정,인정,국민,사과,사과,대통령,계엄,실패,정치,책임,일주일,야당,국정,마비,내란세력,공세적,돌변,헌재,탄핵,심리,야당,경고,주장,반복,체포,여야,정치인,기획,시도,국회의원들,계엄,당일,국회의원,관련자들,증언,핵심,증인,기억,착오,부각,자신,탄핵,공작,국민,목격,계엄,요건,계엄,선포,국회,선관위,투입,결정,자체,사과,계엄,시민들,불편,사과,정도,대통령,승복,통합,메시지,행위,서울,서부,지법,침탈,8년,심판,대통령,탄핵,심판,시위,탄핵,찬반,전국,진행,대통령,지지층,애국시민,독려,정파,수장,행동,결정,승복,만큼,지지,절제,당부,계엄,사태,나라,몸살,인용,기각,헌재,판결,혼란,관리,국가,미래,최후,진술,정파,수장,면모,기술자,대통령,책임감,국민,세계,이목","만큼,기술자,비상계엄,정치인,지지층,내란세력,관련자,공세적,선관위,관련자들,사실관계,불법성,서울","윤석열 대통령이 25일 헌법재판소의 탄핵 심판 마지막 변론기일에서 최후 진술을 한다. 노무현, 박근혜 전 대통령은 탄핵 심판 당시 헌재에 출석하지 않았고 최후 변론 때도 변호인이 의견서를 대독했지만, 윤 대통령은 직접 최후 진술에 나서는 것이다. 헌재는 평의를 거쳐 3월 중순 최종 선고를 내릴 것으로 예상된다. 
 
 윤 대통령은 최후 진술인 만큼 그동..",https://www.donga.com/news/Opinion/article/all/20250224/131096636/2,
01100101.20250224182201001,20250224,경향신문,,"‘한한령 해제’ 가시화, 한 중 관계 회복 전기 삼아야[사설]",정치>외교, 국제>중국, 정치>청와대,,,,"조,시진핑,윤석열,조태열,왕이,최상목,이와야 다케시","중,한한령,한반도 평화,미국,일본,중국,외무상,경주,한국,한,중국아태협력중심","국가주석,사절단,중국,정상회,한국,주한미군,APEC,정부,외교당국,외교부,한중간,한일,아시아태평양경제협력체,공산당,국민의힘","한한령,해제,가시화,회복,전기,사설,중국,아시아태평양경제협력체,APEC,정상,회의,준비,기구,중국아태협력중심,3월,한국,문화사절단,파견,계기,중국,한한령,한류,금지령,전망,내달,일본,외교,장관,회의,훈풍,회복,전기,다각적,노력,외교,당국,장관,조태열,외교,중국,공산당,중앙,외사판공실,주임,외교,부장,일본,하순,방문,외무상,다케시,일본,기간,한중,한일,양자회담,전망,장관,부장,경주,개최,APEC,정상,회의,기간,시진핑,중국,국가주석,방한,논의,전망,주석,7일,우원식,국회,의장,자리,APEC,정상,회의,국가주석,참석,관례,방한,가능,무게,내달,방한,중국,문화,사절단,한국,관계부처,문화,콘텐츠,교류,활성,방안,협의,계기,주한,미군,사드,고도미사일방어체계,배치,한국,영화,드라마,게임,콘텐츠,제한,8년,예상,한령,해제,유입,중국,관광객,극도,침체,상태,내수,온기,기대감,중국,한국,최대,수출국,한반도,평화,핵심,당사국,양국간,정상화,양국,정상,강조,정부,미국,트럼프,국제질서,문법,파괴,정세,선택,탄핵심판,대통령,윤석열,탄핵,심판,막바지,위험수위,극우세력,혐중,선동,중국,관광객,동포들,신변,안전,걱정,정도,극단화,상황,진정,무드,한중,화해,된서리,관리,주중,대사,공석,장기화,정부,정치권,상황,방치,국민,극우,혐중,선동,편승,무책임,행동,권한대행,최상목,대통령,권한,대행,탄핵,국면,정리,한시적,외교관,출신,주중,대사,대리,파견,방안,검토","중국,한국,일본,apec,국가주석,관광객,한중,조태열,우원식,경주,최상목,양국간,미국,혐중,정상화,외교관,윤석열,다케시,공산당,한한령","중국의 아시아태평양경제협력체(APEC) 정상회의 준비기구인 ‘중국아태협력중심’이 3월 중 한국에 문화사절단을 파견할 것으로 알려졌다. 이를 계기로 중국의 한한령(한류 금지령)이 풀릴 것이라는 전망이 나온다. 내달 일본에서 한중일 3국 외교장관 회의가 열린다. 모처럼 불고 있는 훈풍을 한 중 관계 회복의 전기로 삼는 다각적인 노력이 필요하다.

24일 외..",https://www.khan.co.kr/article/202502241821001,
01101001.20250224182015001,20250224,한겨레,한겨레,"[사설] 윤 대통령, 헌재 최후진술에서 ‘승복’ 약속하라",정치>청와대, 정치>행정_자치, 정치>국회_정당,,,,"노무현,국가비,박근혜,홍장원,곽종근,윤석열,한덕수","임해,비상계엄","중앙선거관리위원회,동원,포고령,헌법재판소,국가정보원,12·3 비상계엄,헌재,국회,비상계엄,대국,선관위","대통령,헌재,최후,진술,승복,약속,변론,윤석열,대통령,탄핵,심판,최종,25일,12월,국회,탄핵소추안,가결,대통령,12,위헌,위법성,민주주,훼손,상처,국민,자부심,사회,분열,혼란,경제,안보,불안,냉정,책임,자세,최후,진술,탄핵심판대,노무현,박근혜,대통령,대통령,최후,진술,예정,시간제한,탄핵심판,쟁점,비상계엄,선포,포고령,발령,군경,동원,군대,국회,봉쇄,동원,법관,중앙,선거,관리,위원회,압수,수색,정치인,체포,지시,5가지,그동안,담화,헌재,변론,대통령,최후,진술,비상계엄,야당,입법,독재,대국민,호소,대상,사법,심사,통치,행위,주장,주장,대통령,그동안,헌재,변론,헌재,증거,채택,군경,지휘관,수사,기관,진술,반박,비상계엄,선포,전시,사변,국가비상사태,조건,선포,국무회의,한덕수,국무총리,형식적,실체적,흠결,증언,국회,활동,포고령,자체,위헌,대통령,국회,의원들,정치인,체포,지시,곽종근,특전사령관,홍장원,국가,정보원,일관,증언,선관위,지시,투입,대통령,인정,여론조사,대통령,탄핵,찬성,지속적,여당,주자들,조기,대선,주자,공식,행보,시작,정도,파면,대통령,예정,수순,대통령,해제,비상계엄,국민,계엄,불안,불편,야기,최후,진술,구체적,사과,헌법재판소,결정,승복,극우보수층,탄핵,인용,봉기,주장,중순,예상,헌법재판소,결정,앞뒤,사회,분열,갈등,고조,혼란,나라,정상,대통령,육성,승복,약속,대통령,역사,국민,마지막,도리","비상계엄,포고령,그동안,탄핵심판,헌법재판소,정치인,자부심,윤석열,국무총리,한덕수,사령관,위원회,홍장원,대국민,특전사령관,민주주,국가비상사태","윤석열 대통령 탄핵심판 최종 변론이 25일 이뤄진다. 지난해 12월14일 국회에서 탄핵소추안이 가결된 지 73일 만이다. 윤 대통령은 12 3 비상계엄의 위헌 위법성과 그로 인한 민주주의 훼손, 국민 자부심 상처, 사회 분열 혼란, 경제 안보 불안 등을 냉정하게 되돌아보고, 책임 있는 자세로 최후 진술에 임해야 할 것이다.
탄핵심판대에 올랐던 노무현 박..",http://www.hani.co.kr/arti/opinion/editorial/1183984.html,
01100101.20250224181554002,20250224,경향신문,,[사설]윤석열 극우 손잡고 중도 껴안겠다는 여당의 이율배반,정치>국회_정당, 정치>청와대, 국제>중남미,,,,"권성동,윤석열,문형배,강승규","계산,갤럽","동원,공수처,헌법재판소,검찰,비대위,세모,헌재,비상계엄,헌재소장,국민의힘","윤석열,극우,여당,이율배반,국민,12,우두머리,대통령,윤석열,극우층,지도부,판단,헌법재판소,회의,비대위,발언,윤석열,비호,여론조사,지난주,갤럽,여론,조사,중도층,탄핵,찬성,여론,영향,내란,윤석열,극우,국민,지지,확대,불가능,12,국민,극우,세력,동조,극우정당,자체,여당,의원,나라,국민,호소,계엄,윤석열,옹호,윤석열,수사,공수처,윤석열,체포,구속영장,발부,법원,윤석열,기소,검찰,윤석열,탄핵,소추,심리,헌재,가짜뉴스,동원,공격,부정선거론,실체,맹신,포장,외교,비화,혐중,정서,윤석열,탄핵,반대,집회,극우세력,머리,국민,강승규,의원,추진,문형배,헌재,소장,대행,탄핵,소추,의원,서명,중도,민심,이율배반,권영세,비대,위원장,지난주,관훈,토론,비상계엄,국회,현장,비상계엄해제요구,표결,참여,중도,여론,윤석열,파면,찬성,헌정질서,여야,진보,보수,협치,극우,윤석열,영웅시,헌정질서,부정,동그라미,형용모순,앞뒤,당내,대선,주자,행보,윤석열,탄핵,극우,정반대,시각,충돌,냉정,현주소,윤석열,극우,단절,정치,계산,원칙,헌정질서,부정,세력,비호,정권,창출,개헌,운운,자체,기만,염치,윤석열,궤변,행위,국민분열,조장,최후진술,헌재,최후,진술,기조,견지,권성동,국민,원내대표,이날,헌재,탄핵,심판,결과,수용,민주,국가,정당,자세,국민,헌법,민주주의,법치,지지,건전,보수정당,윤석열,제명,극우,절연","윤석열,중도층,비상계엄,헌정질서,이율배반,문형배,권영세,갤럽,형용모순,구속영장,비상계엄해제요구,혐중,앞뒤,부정선거론,민주주의,헌법재판소,보수정당,위원장,관훈",국민의힘이 12 3 내란 우두머리인 대통령 윤석열과 극우층의 덫에서 헤어나지 못하고 있다. 당 지도부는 지금껏 “답을 정해놓고 판단을 서두른다”며 헌법재판소를 흔들었다. 그러나 24일 비대위 회의에선 그런 유의 윤석열 비호 발언이 없었다. 지난주 갤럽 여론조사에서 중도층의 ‘탄핵 찬성’ 여론이 높아진 게 영향을 주었을 것이다. 하지만 이런 식으로 어물쩍..,https://www.khan.co.kr/article/202502241815001,
01100801.20250224003117002,20250224,조선일보,조선일보,"[사설] 대통령은 승복 약속하고, 與野는 헌재 압박 중단해야",정치>청와대, 국제>중남미, 정치>선거,사회>사회갈등>반란_혁명_폭동,,,"윤,윤석열,이재명","서해,대전,광주","반민주,민주당,중국,경찰,더불어민주당,행정부,헌재 재판관,서부지법,서울중앙지법,헌법재판소,12·3 비상계엄,헌재,국민의힘","대통령,승복,약속,與野,중단,헌재,압박,윤석열,대통령,변론,헌법,재판소,탄핵,심판,최후,정치,갈등,최고조,여야,주말,장외,집회,헌재,압박,더불어민주당,헌재,집회,대통령,탄핵,촉구,계엄,직전,11월,장외,선전전,재개,의원,참석,이재명,대표,소셜미디어,참여,독려,민주당,지도부,대통령,복귀,테러,폭동,난무,무법천지,만장일치,헌재,재판관,파면,계엄,성공,의원들,서해,수장,물고기,극단,주장,국민,의원,단체장들,대전,등지,주도,보수,단체,집회,탄핵,반대,참석,공수처,서울중앙지법,영장,기각,서부지법,영장,재신청,사법,농단,석방,대통령,탄핵,기각,요구,헌재,심판,계엄,탄핵,사태,국가,위기,해결,상황,정치권,국론,분열,일주일,광주,일주일,보수,친야,단체들,경찰,차벽,사이,탄핵,찬반,집회,민주당,인면수심,악마,극언,국민,오만,반민주적,행태,헌재,최종,판단,여진,대통령,25일,예정,최종,변론,입장,주목,대통령,12,강조,복귀,한편,직무,복귀,비전,국정,운영,계엄,대통령,입장,짐작,대통령,헌재,존중,승복,입장,탄핵,찬성,반대,양쪽,국민,당부,국민,통합,지도자,국정,최고,도리,여야,장외,선동,갈등,조장,선거,이용,트럼프,행정부,우선주의,극단,자국,중국,주력,산업,경쟁력,저하,경제,비상,상황,정치권,분열,부채질,국정,파탄,대통령,헌재,결정,승복,의사,여야,거리,선동,헌재,압박,중단","일주일,민주당,비상계엄,우선주의,재판관","윤석열 대통령의 헌법재판소 탄핵 심판 최후 변론을 앞두고 정치적 갈등이 최고조에 달하고 있다. 여야는 지난 주말 대규모 장외 집회를 갖고 헌재에 대한 고강도 압박에 들어갔다. 
 
더불어민주당은 헌재 앞에서 윤 대통령 탄핵 촉구 집회를 열었다. 계엄 직전인 작년 11월 이후 석 달 만에 장외 선전전을 재개한 것이다. 의원 80여 명이 참석했고 이재명 대..",https://www.chosun.com/opinion/editorial/2025/02/24/5HTJZ6LVNNAPTISITHYYSEGTQM/?utm_source=bigkinds&utm_medium=original&utm_campaign=news,
01101101.20250224001055001,20250224,한국일보,,"[사설] 한한령 해제 가시화, 한중관계 발전 기회 살려야",정치>외교, 국제>중국, 정치>청와대,,,,"윤석열,조태열,왕이","국가주석,한반도,중,경북,한한령,미국,일본,중국,경주,한국,한,북한","국가주석,아시아태평양경제협력체(APEC,중국 외교부,APEC,정부,중국,외교부,한국,한중관계,중국아태협력중심,한중일 외교장관 회담,미군","가시화,한령,해제,가시,기회,발전,방중,우원식,국회,의장,면담,시진핑,국가주석,소원,한중,온기,모양새,중국,한한령,限韓令,한류,제한령,해제,기대감,화장품,여행,중심,산업계,미군,주한,사드,배치,8년,한중,걸림돌,작용,한령,해제,현실화,예의주시,기류,양국,내년,개최,아시아태평양경제협력체,APEC,정상회의,모멘텀,중국,준비기구,APEC,정상,회의,준비,기구,중국아태협력중심,한국,문화사절단,파견,경주,경북,APEC,회의,양국,교류,긍정,분위기,조성,움직임,풀이,주석,7일,의장,한중,안정,유지,강조,APEC,정상,회의,국가주석,참석,관례,방한,외교,장관,회담,일본,전망,장관,조태열,외교,중국,외교,부장,양자회담,방한,주석,중국,논의,한류,콘텐츠,유통,확대,예상,외교가,외교,장관,회의,전후,부장,방한,가능,중국,화해,손길,상황,정부,중국,전략적,협력동반자관계,발전,호응,한중,서로,중요,전략적,경제적,파트너,중국,한국,최대,수출국,북한,미사일,해결,전략,한반도,평화,핵심,관계국,관세전쟁,미국,중국,경쟁,글로벌,패권,심화,전망,한중,친중,반중,양자택일,국익,도움,의미,윤석열,대통령,극우세력,혐중,반중,감정,지지,결집,불쏘시개,이용,상황,해빙,기류,찬물","중국,한중,apec,반중,국가주석,우원식,한국,정상회의,조태열,양자택일,한령,한한령,경북,시진핑,윤석열,극우세력",우원식 국회의장 방중 및 시진핑 국가주석 면담 이후 소원했던 한중 관계에 온기가 도는 모양새다. 중국이 이르면 5월 ‘한한령’(限韓令 한류 제한령)을 해제할 수 있다는 기대감이 커지고 있다. 화장품 여행 등을 중심으로 한 산업계에서는 2017년 주한 미군의 사드 배치 이후 8년간 한중 관계의 걸림돌로 작용했던 한한령 해제가 현실화할지 예의주시하는 기류다..,https://www.hankookilbo.com/News/Read/A2025022316080004726,
01101101.20250224001054001,20250224,한국일보,,[사설]  당내 잠룡들 뛰는데 정신 못 차린 국민의힘,정치>국회_정당, 정치>선거, 정치>청와대,,,,"오세훈,유승민,노무현,윤,김문수,안철수,윤석열,이준석,이재명,이,권성동,한동훈,홍준표","중국,대선주자,잠룡","국민통합,민주당,오산,헌법재판소,개혁신당,한국갤럽,더불어민주당,대국,고용노동부장관,사법부,공산,국민의힘","당내,잠룡,정신,국민의힘,국민,분위기,조기,대선,대선,그간,조기,보수진영,금기어,잠재,대선,주자,대선,염두,시작,최종변론기일,윤석열,대통령,최종,변론,기일,25일,기점,절차,탄핵,심판,공개,마무리,경쟁,본격화,공산,안철수,의원,시대교체,국민통합,호소,선언문,대선,출마,사실,선언,한동훈,대표,저서,발간,대권,행보,시작,오세훈,서울,시장,홍준표,대구,시장,김문수,고용,노동부,장관,유승민,의원,이준석,개혁,의원,대국민,접촉면,시동,상태,대선,캐스팅보트,중도,민심,한국갤럽,공개,여론,조사,결과,중도,사이,국민,지지율,일주일,포인트,하락,더불어민주당,격차,5%포인트,20%포인트,기간,중도,답변,대통령,탄핵,찬성,상승,69%,기록,정권교체,중도층,62%,민심,변화,강성,보수,결집,고무,국민,자만,결과,집권여당,대표,이재명,민주당,노력,국정,정상,정책능력,우두머리,혐의,수호대,대통령,자처,극우,유튜버,보조,부정선거론,중국,혐오,확산,헌법재판소,공격,와중,대표,중도,보수,선언,자리,국민,처방,권성동,원내,대표,카르텔,우리법연구회,사법독점,해소,사법개혁,추진,사법부,좌파,성향,사법부,대통령,구속,파면,위기,주장,국민,사건,차떼기,노무현,사태,대통령,탄핵,소추,사태,국정,농단,사태,존립,위기,여야,견제,균형,민심,기사회생,불법,계엄,사태,차원,위기,노력,민심,기회,생각,오산","중도층,사법부,김문수,권성동,홍준표,오세훈,우리법연구회,차떼기,이재명,한국갤럽,윤석열,민주당","국민의힘에서 조기 대선 분위기가 달아오르고 있다. 그간 조기 대선은 보수진영에서 금기어였지만, 잠재적 대선주자들이 5월 대선을 염두에 두고 움직이기 시작했다. 윤석열 대통령 최종변론기일(25일)을 기점으로 탄핵심판 공개 절차가 마무리되면 경쟁이 본격화할 공산이 크다. 
안철수 의원은 어제 시대교체와 국민통합을 호소하는 선언문을 발표해 대선 출마를 사실상..",https://www.hankookilbo.com/News/Read/A2025022315370004470,
01100401.20250224233135001,20250224,동아일보,,[사설]‘연금 받는 돈’ 1%P 차 못 좁히는 與野 무책임 정치 흑역사 될 것,정치>국회_정당, 정치>행정_자치, 정치>선거,,,,"문재인,윤석열","일본,유럽,계산,선진","차기,국민연,민주당,정부,이대,더불어민주당,국회,국민의힘,여야정 4자,국정협의회","연금,1%P,與野,흑역사,정치,국민,더불어민주당,국민,연금,개혁,소득대체율,의견,차이,1%포인트,대립,양당,대표,참가,지난주,여야정,국정,협의회,쟁점,실무,합의,시도,전망,불투명,상태,윤석열,대통령,탄핵,소추,판결,정국,급변,조성,연금개혁,호기,민주당,정부,여당,주장,장치,국민,연금,자동,조정,국회,승인,조건,수용,자동,조정,장치,연금,가입자,성장률,물가,연계,보험료율,소득,대체,상승,조정,제도,유럽,선진국,일본,보험료율,정치,사회적,갈등,효과,야당,제도,연금수령액,반대,전향,태도,양당,보험료율,9%,13%,합의,사실,걸림돌,자동,조정,장치,숨통,합의,연금,개혁,기대감,국민,43%,,44%,고수,소득대체율,정부,계산,소득대체율,43%,,기금,국민,연금,시점,2064년,2057년,제도,유지,예상,고갈,시점,정도,민주당,44%,결정,고갈,은퇴자들,약속,연금,지급,미래,근로자,부담,국민의힘,43%,여야,개혁안,근본적,해결,만병통치약,2007년,개혁,제도,국민연금,사회,안정,위협,폭탄,사정,문재인,정부,국민,눈높이,개혁,윤석열,대통령,직전,여야,합의,국회,논의,결정,국민,미래,중대,해결,방치,무책임,정치","국민연금,소득대체율,민주당,보험료율,무책임,보험료,연금개혁,개혁안,기대감,여야정,윤석열,협의회,불투명,국민의힘,성장률,선진국,은퇴자,일본,與野,근로자,만병통치약,은퇴자들",국민의힘과 더불어민주당이 국민연금 개혁안 중 ‘받는 돈’을 뜻하는 소득대체율에서 의견 차이 단 1%포인트를 좁히지 못해 대립하고 있다. 양당 대표가 참가한 지난주 여야정 4자 국정협의회에서도 이 쟁점에 결론을 내지 못했다. 이번 주 실무협의에서 합의를 시도한다지만 전망은 불투명하다. 이 상태에서 윤석열 대통령에 대한 탄핵소추 판결이 나올 경우 정국이 급..,https://www.donga.com/news/Opinion/article/all/20250223/131088011/2,
01100101.20250223194730001,20250223,경향신문,,"[사설]윤석열 최후진술, 내란 사과하고 ‘판정 승복’ 약속해야",정치>청와대, 정치>국회_정당, 정치>행정_자치,범죄>범죄일반>폭행,,,"홍장원,노상원,이상민,윤석열","망상,한국,대한민국,북한","국방장관,정보사령관,국회,국정원,선관위,계엄군,행정안전부,포고령,헌법재판소,헌재,재판부,비상계엄,국민의힘","윤석열,최후,진술,사과,판정,승복,약속,헌법재판소,변론,최후,대통령,윤석열,탄핵심판,종착점,변론,종결,12월,국회,탄핵소추안,의결,헌재,접수,그간,탄핵,소추,전직,대통령,윤석열,최후진술,재판부,진술,허용,마지막,심판대,무게,의미,윤석열,대리인들,12,국민,잔인,국가폭력,폭력,한국,사회,민주주의,퇴행,탄핵,심판,12,위헌,위법성,입증,국민,대다수,상식적,판단,윤석열,계엄,통치,행위,국무,회의,심의,국회,통고,생략,비상계엄,발동,요건,절차,국회,권한,제한,포고령,자체,헌법,위반,수괴,윤석열,야당,경고용,비판,포고령,작성,국방장관,태도,정치,법조,언론,체포,지시,계엄군,홍장원,국정원,증언,메모,영장,헌법,기관,선관위,탄핵,사유,수거,사살,유도,북한,충돌,장기집권,구상,노상원,정보,사령관,수첩,이상민,행정안전부,장관,지시,언론사,단전,단수,규명,윤석열,내란,전모,윤석열,불법,비상계엄,내란,증거,증언들,헌재,채택,호수,호수,그림자,궤변,윤석열,탄핵,심판,막바지,각종,여론,조사,탄핵,찬성,60%,윤석열,비호,극우세력,동조,국민,중도,이반,여론,법정,윤석열,파면,기정사실,탄핵심판,최후진술,헌정질서,유린,법치,국민,배신,대통령,윤석열,마지막,심판대,12,구체적,사과,반성,탄핵,심판,결과,승복,선언,불법계엄,운운,대통령,복귀,망상,생각,최후진술,포기,진상,사죄,판정,승복,몰역사적,내란,혼란,분열,회복,민주주의,출발점,대통령,윤석열,상처,대한민국,국민,마지막,의무,예의,명심","윤석열,탄핵심판,포고령,민주주의,언론사,비상계엄,선관위,최후진술,국정원,이반,그간,대다수,심판대,노상원,국방장관",헌법재판소가 25일 최후 변론을 잡으면서 대통령 윤석열의 탄핵심판이 종착점을 향하고 있다. 변론 종결은 지난해 12월14일 국회에서 탄핵소추안이 의결돼 헌재에 접수된 지 73일 만이다. 그간 탄핵소추된 전직 대통령들과 달리 윤석열은 최후진술도 직접 나선다고 한다. 재판부가 무제한 진술을 허용한 마지막 심판대의 무게와 의미를 윤석열과 대리인들은 깨달아야 ..,https://www.khan.co.kr/article/202502231946001,
01101001.20250223181015002,20250223,한겨레,한겨레,[사설] 중도층 등돌리는데 민주당 욕만 하는 국민의힘,정치>청와대, 정치>국회_정당, 정치>선거,,,,"윤,윤석열,우경화,이재명","구치소,12·3 비상계엄,중도","민주당,중앙선거여론조사심의위원회,극우정당,헌법재판소,서울서부지방법원,한국갤럽,더불어민주당,헌재,갤럽,국민의힘","중도층,민주당,국민의힘,중도층,국민,지지율,급락,한국갤럽,여론조사,눈길,12,윤석열,대통령,극우,보수,모습,결과,갤럽,전국,성인,대상,21일,여론조사,사항,참조,중앙,선거,여론,조사,심의,위원회,누리집,국민,일주일,5%포인트,34%,,2%포인트,40%,자신,중도,국민,민주당,지지도,22%,42%,22%,42%,일주일,5%포인트,일주일,포인트,격차,20%포인트,탄핵,대통령,중도층,의견,찬성,일주일,사이,60%,69%,반대,33%,25%,사태,대통령,무죄,주장,지지층,선동,보수층,결집,정당,지지도,국민,민주당,와중,중도층,국민,지지도,민주당,사실,조사,중도층,국민의힘,이탈,의견,탄핵,찬성,의미,헌법재판소,탄핵심판,대통령,탄핵,심판,막바지,주장,대통령,증언,진술들,공개,대통령,여당,지지,중도층,명태균,게이트,재점화,영향,계엄,탄핵,국면,국민,구치소,접견,방문,헌법,재판소,항의,과도,옹호,대통령,헌재,서울,서부,지방,법원,폭동,극우세력,부정선거론,우경,행보,중도층,실망감,누적,결과,집권,연장,여당,여론,변화,경고음,국민의힘,대표,이재명,민주당,중도,보수,발언,우클릭,행보,우측,핸들,좌측,비난,대표,진정,여부,공격,국민,합리,보수,위치,국민,민주당,비판,옹호,극우,정당,좌우,제자리,노력","민주당,일주일,중도층,국민의힘,헌법재판소,누리집,지지도,비상계엄,여론조사,재판소,보수층,이재명,재점,재점화,진술들,서울,부정선거론,한국갤럽,더불어민주당,갤럽,우클릭","중도층에서 국민의힘 지지율이 급락했다는 한국갤럽의 여론조사가 눈길을 끈다. 12 3 비상계엄 이후 줄곧 윤석열 대통령을 감싸며 극우 보수층에 휘둘리는 모습을 보여온 데 따른 결과로 볼 수 있어서다.
갤럽이 지난 18~20일 전국 성인 1002명을 대상으로 실시해 21일 발표한 여론조사(자세한 사항은 중앙선거여론조사심의위원회 누리집 참조)에서 국민의힘은 ..",http://www.hani.co.kr/arti/opinion/editorial/1183797.html,
01101101.20250222001022001,20250222,한국일보,,[사설] '근소세 물가연동' 필요하나 세수 확충 방안 함께 내놔야,경제>국제경제, 정치>국회_정당, 정치>선거,,,,"트럼프,임광현,이재명,윤석열","미국,경기,수도권","세원,정부,민주당,더불어민주당,국민의힘","근소세,물가,연동,방안,세수,확충,더불어민주당,직장인들,근로,소득세,부담,기본,공제,확대,물가연동제,추진,이재명,대표,사회관계,서비스,SNS,물가,상승,명목임금,실질임금,누진세,세금,지적,윤석열,정부,법인세,종합부동산세,취득세,인하,생활자,봉급,사실,증세,비판,의원,임광현,민주당,근소세,2009년,16년,150만,유지,기본,공제,금액,180만,소득세,물가,변화,연동,방식,부담,해결,민주당,일괄공제,현행,상속세,일괄,공제,배우자,공제,한도,5억,8억,10억,상향,상속세,개정,추진,인하,상속세,최고,세율,주장,국민,근소세,개편,검토,근소세,감세,형평성,1997년,28년,제자리걸음,한도,상속세,공제,현실화,정부,감세,정책,2년,세수,결손,86조,장기화,내수,침체,장기,대통령,트럼프,미국,관세,폭탄,세수,전망,저출생,고령화,증가,복지,지출,조세부담률,재정,확보,조세부담률,2017년,7년,18%,전망,여건,대내외,경제,여야,감세,경쟁,조기,대선,의식,대선,승패,결정,수도권,중산층,표심,영향,카드,국가,운영,수권정당,자격,감세,주장,세수,확충,방안,제시,윤석열,대통령,건전,재정,전망,낙관,경기,바탕,감세,추진,세수,결손,초래,반면교사,균형,방안,세원,확보,감세,정책,증가,정부,부채,결국,피해,국민","상속세,근소세,민주당,윤석열,소득세,임광현,미국,대내외,조세부담률,세원","더불어민주당이 직장인들의 근로소득세 부담을 줄이기 위해 기본공제 확대와 물가연동제 도입을 추진하고 있다. 이재명 대표는 지난 18일 사회관계망서비스(SNS)에 “물가 상승으로 명목임금만 오르고 실질임금은 오르지 않는데, 누진세에 따라 세금은 늘어난다”고 지적했다. 윤석열 정부가 법인세와 종합부동산세, 취득세 등을 인하하는 동안 봉급 생활자에게만 사실상 ..",https://www.hankookilbo.com/News/Read/A2025022110580005667,
01100401.20250222232749001,20250222,동아일보,,[사설]중도층 민심에 ‘모종의 균열’ 與에 날아든 극우 편승 청구서?,정치>행정_자치, 정치>선거, 정치>청와대,,,,"한덕수,윤석열,갤럽,명태균","중국,12·3 비상계엄","민주당,검찰,한국갤럽,NBS,국민의힘","중도,민심,모종,균열,청구서,극우,편승,한국갤럽,공개,여론조사,국민,민주당,지지율,34%,,1주일,국민,5%포인트,민주당,2%포인트,중도층,변화,중도층,국민,지지율,지지율,22%,,민주당,42%,사이,포인트,격차,포인트,격차,한국갤럽,백중세,양당,지지율,모종,균열,평가,국민,지지율,12,롤러코스터,계엄,초반,탄핵,한덕수,권한,대행,윤석열,대통령,체포,정국,반등,여야,지지율,정체,양상,중도층,중심,민주당,양상,여부,정권,교체,교체,교체,53%,,유지,37%,중도층,교체,교체,62%,,유지,27%,응답,정권,교체,2배,하루,전국지표조사,하루,전국,지표,조사,NBS,정권,교체,49%,,정권,40%,중도층,55%,,의견,정권,교체,갤럽조사,여론,탄핵,찬반,60%,,중도층,69%,25%,격차,여론,흐름,변화,갤럽,대통령,주장,검찰조서,공개,명태균,사건,이목,여당,부담,중도층,조짐,국민의힘,이탈,세력,그동안,극우,중심,광장,여론,탄핵,반대,국민,시그널,지지층,보수,지지,결집,국민,계엄,정당,지지율,회복,결국,한계,국면,봉착,조사,국민,지지율,응답,탄핵,반대,34%,그동안,극우,성향,인사,주도,집회,주말,국민의힘,의원,다수,참여,집회,부정선거,중국인,개입,중도층,수긍,주장들,극우세력,중도층,거부감,견제,심리,조사,반영,지적,대통령,친구,변호인,대통령,직무,복귀,메시지,여권,청구서,극우,편승","지지율,중도층,민주당,국민의힘,그동안,한국갤럽,한덕수,갤럽,1주일,비상계엄,윤석열","한국갤럽이 21일 공개한 여론조사에서 국민의힘과 민주당 지지율은 각각 34%, 40%였다. 1주일 전보다 국민의힘은 5%포인트 내려갔고, 민주당은 2%포인트 올랐다. 눈에 띄는 것은 중도층의 변화다. 중도층의 국민의힘 지지율은 22%, 민주당 지지율은 42%였다. 1주일 사이에 5%포인트 격차에서 20%포인트 격차로 벌어진 것이다. 한국갤럽은 “백중세이..",https://www.donga.com/news/Opinion/article/all/20250221/131081068/2,
01101001.20250221181010001,20250221,한겨레,한겨레,"[사설] 헌재, 엄정 신속 결단으로 헌정질서 회복시켜야",정치>청와대, 국제>중남미, 정치>국회_정당,,,,"김기현,권영세,진영,유일한,박근혜,윤석열,문형배","망상,호도,대한민국","민주당,헌법재판소,검찰,12·3 비상계엄,헌재,우리법재판소,헌재소장,국민의힘","헌재,신속,결단,헌정,질서,회복,헌법재판소,증인신문,윤석열,대통령,탄핵,심판,증인,신문,기일,최종,변론,탄핵심판,차례,대통령,탄핵,심판,최종변론,11일,박근혜,14일,노무현,중순,만큼,대통령,파면,여부,결정,가능성,16명,증인신문,헌재,증거,채택,피의자들,내란,사건,피의자,조서,검찰,진술,12,위헌,위법성,인정,헌재,국가,혼란,위기,극복,대통령,파면,결정,나라,위기,대통령,사죄,반성,계엄,주장,국민,분열,대통령,마지막,증인,신문,대리인,어른세대,청년세대,통합,미래,직무,복귀,세대,통합,대한민국,메시지,탄핵심판,거짓말,궤변,국민,분노,탄핵,재판,국민들,대통령,자격,확신,사태,책임,부하들,모습,차치,극우,유튜버,부정선거,중국,개입,주장,국익,훼손,국정,생각,국민,탄핵,기각,대통령직,복귀,나라,대통령,망상,국민의힘,일각,보수,진영,책임,국민,당대표,김기현,의원,민주당,친명,인물,통정,내란죄,탄핵,음모,제기,권영세,비상,대책,위원장,헌법재판소,법재판소,비판,권한대행,문형배,헌재소장,권한,대행,공격,국민의힘,헌재,차례,항의,방문,헌재,압박,보수언론,법조인,학자들,탄핵심판,절차,측면,부각,헌재,가세,절차,대통령,탄핵,심판,발생,여론,호도,보수,헌정,질서,파괴,대통령,파면,촉구,파면,대통령,헌정,질서,위기,극복,유일","탄핵심판,증인신문,만큼,최종변론,국민의힘,권영세,중국,비상계엄,헌재소장,재판소,문형배,헌법재판소,진영,윤석열,민주당,친명,부정선거,유튜버,위법성,박근혜,김기현,법조인,법재판소","헌법재판소가 20일 윤석열 대통령 탄핵심판 증인신문을 모두 마치고 오는 25일 최종변론 기일을 연다. 앞서 두차례 대통령 탄핵심판 결론이 최종변론 뒤 각각 11일(박근혜), 14일(노무현)이 지나 나온 만큼 다음달 중순까지는 윤 대통령의 파면 여부가 결정될 가능성이 높다. 총 16명의 증인신문과 헌재가 증거로 채택한 내란 사건 피의자들의 검찰 진술 조서..",http://www.hani.co.kr/arti/opinion/editorial/1183645.html,
01100901.20250221003447001,20250221,중앙일보,,"[사설] 탄핵심판 증인신문 마무리, 이젠 판결과 승복의 시간",정치>청와대, 사회>사건_사고, 정치>국회_정당,,,,"조지호,윤,홍장원,이상민,석동현,윤석열,한덕수",,"행정안전부,공수처,계엄,검찰,헌법재판소,경찰청장,헌재,국회,국정원,법원,재판","마무리,탄핵,심판,증인,신문,이젠,판결,승복,국무,회의,적법,체포,지시,헌재,승복,헌재,사회,합의,공감대,절실,마무리,윤석열,대통령,탄핵,심판,사건,증인신문,막판,치열,진실,공방,진행,양측,최종,변론,대통령,최후진술,차례,정도,재판,중순,헌재,결정,선고,달째,12,충격,혼란,수습,국민,헌재,상황,순간,대통령,국회,주장,평행선,헌재,증인,변론,한덕수,국무총리,홍장원,국정원,조지호,경찰청장,신문,국무회의,적법성,체포,명단,지시,여부,주장,총리,계엄,국무,회의,형식적,실체적,흠결,생각,취지,증언,이상민,행정안전부,장관,배치,입장,다수,일방적,폭주,민주주의,기본,야당,입법,폭주,지적,대통령,차장,작성,체포,명단,진술,신빙성,메모,체포,지시,주장,건강상,증인석,조지호,청장,검찰,조서,사실,입장,대통령,섬망,증세,신빙성,의문,제기,양측,재판,기싸움,국회,대통령,파면,조건,성숙,국민,국회,침탈,내란,현장,생중계,주장,대통령,탄핵,사유,납득,부당,상황,대통령,국민,호소,메시,지성,계엄,결심,국가,비상,위기,상황,재판부,설명,대통령,통상,형사재판,청구,구속,취소,위법성,공수처,내란죄,수사,위법성,만료,구속,영장,기간,기소,신병,인치,증거인멸,지적,검찰,법원,적법성,인정,반박,공수처,검찰,수사,기소,헌법재판소,탄핵심판,법원,형사재판,제기,문제들,SNS,광장,지지자들,대통령,지지자,탄핵,반대,근거,전파,대학,찬탄,반탄,집회,동시,정치권,결집,헌재,승복,공감대,조성,걱정,변호사,간담회,헌재,결과,대통령,승복,언급,다행,결정,공정,적법,촉구,조건,헌재,최종,판단,오차,용납,상황","탄핵심판,국무회의,적법성,조지호,공감대,공수처,증인신문,국정원,신빙성,형사재판,위법성,윤석열","━
 국무회의 적법성, 체포 지시 등 놓고 끝까지 맞서 
 
 ━
 헌재 결론 승복한다는 사회적 합의와 공감대 절실 
 어제 마무리된 윤석열 대통령 탄핵심판 사건의 증인신문이 막판까지 치열한 진실 공방으로 진행됐다. 이제 양측의 최종 변론과 윤 대통령의 최후진술 등만을 남겨두고 있다. 한 차례 정도의 재판 뒤 3월 중순께 헌재 결정이 선고될 것으로 보인..",https://www.joongang.co.kr/article/25315533,
01101101.20250221001023001,20250221,한국일보,,"[사설] ""계엄 전 국무회의 흠결""... 헌재서 윤 대통령 반박한 한덕수",정치>청와대, 국제>일본, 정치>국회_정당,,,,"계엄,윤석열,한덕수,한,조규홍,최상목","12·3 비상계엄,비상계엄","보건복지부,헌법재판소,헌재,국무위","계엄,국무,회의,흠결,헌재,반박,대통령,한덕수,한덕수,국무총리,변론,헌법,재판소,윤석열,대통령,탄핵,심판,증인,참석,12,국무회의,형식적,실체,흠결,생각,계엄,선포,국무,회의,심의,헌법,계엄법,조항,계엄,선포,하자,국무,정상적,대통령,주장,정면,배치,여부,국무,회의,적법,계엄,가늠,요인,총리,계엄,국무회의,국무,회의,안건,상정,제안,설명,회의,의결,절차,통상,절차,사실,인정,총리,국무위원들,발언,수사,기관,증언,권한대행,부총리,최상목,대통령,권한,대행,수사기관,회의,접견실,대기,분위기,장관,조규홍,보건,복지,안건,상정,제안,설명,의결,절차,이행,진술,대통령,계엄,선포,국무,회의,심의,의도,경고,계엄,계획,대통령,계엄,당일,총리,포함,국무,위원,호출,계엄,계획,통보,총리,제기,의결,정족수,참석자들,찬반,의사,회의,5분,종료,형식,정상,국무,회의,주장,대목,총리,대통령,이틀,행사,무역의날,참석,주장,대통령,계엄,시간,짜리,경고,총리,행사,참석,요청,의문,총리,비상계엄,만류,기억,찬성,사람,증언,대다수,국무,위원,계엄,국가,비상,상황,인식,대통령,동의,얘기,대통령,국가,위상,총리,증언,재판정,국무위원들,납득,계엄,강변,억지","국무회의,비상계엄,조규홍,수사기관,국무위원들,윤석열,한덕수,무역의날,최상목,대다수,참석자,참석자들,정족수,계엄법,부총리,재판소","한덕수 국무총리가 어제 헌법재판소 윤석열 대통령 탄핵심판 10차 변론에 증인으로 참석해 “12 3 비상계엄 선포를 위한 국무회의는 형식적, 실체적 흠결이 있었다고 생각한다”고 했다. 계엄 선포에 앞서 국무회의 심의를 거치도록 한 헌법과 계엄법 조항에 비춰 계엄 선포 과정에 하자가 있다는 말이다. 당시 국무회의가 정상적으로 이뤄졌다는 윤 대통령 측 주장과..",https://www.hankookilbo.com/News/Read/A2025022014050002127,
01100401.20250221233049001,20250221,동아일보,,"[사설]尹 탄핵 심판, 25일 최후진술 이젠 결정과 승복의 시간",정치>청와대, 정치>국회_정당, 정치>행정_자치,,,,"조지호,한동훈,윤,홍장원,여인형,곽종근,윤석열,우원식,한덕수",비상계엄,"계엄군,헌법재판소,검찰,국가정보원,경찰청장,방첩사,세울,국회,헌재,수방사,국무위원,국무위","심판,탄핵,최후,진술,이젠,결정,승복,헌법재판소,탄핵심판,윤석열,대통령,탄핵,심판,변론,종결,대통령,국회,최후변론,양측,최후,진술,변론,절차,여부,대통령,탄핵,인용,헌재,결정,중순,가능성,비상계엄,선포,달여,탄핵심판,마무리,20일,변론,대통령,여인형,방첩사령관,홍장원,국가,정보원,조지호,경찰청장,명단,체포,대상,위치,추적,요청,논란,동향,파악,요청,위치,확인,체포,지시,동향,파악,강변,차장,명단,인사,체포,메모,실물,명단,존재,증언,대통령,사람,사령관,부탁,체포,지시,탄핵,공작,본인,책임,인정,이날,헌재,출석,한덕수,국무총리,통상,국무회의,흠결,형식,절차,팩트,국무위원들,걱정,만류,증언,찬성,국무위원,질문,기억,계엄,선포,핵심,절차,국무,회의,심의,제기,청장,질문,수사기관,조사,사실,진술,열람,서명,질문,대통령,국회의원,체포,6통,닦달,전화,검찰,진술,공판,증언,거부,사실,시인,탄핵심판,40여,선포,퇴행,계엄,중대,헌법,위반,법률,위배,자리,이날,10차례,변론,대통령,계엄령,계몽령,의원,요원,호수,달그림자,호수,느낌,납득,변명,일관,계엄,실체,재판,절차적,부각,초점,일종,여론전,지적,곽종근,특전사령관,국회,출동,수방사,경비단장,1공수,여단,소속,대대장,헌재,검찰,의원,지시,진술,거짓말,부하들,정치인,체포,방첩사,요원,단체,대화방,이재명,우원식,한동훈,체포,구금시설,이동,명령,달여,군용,헬기,무장,계엄군,국회,진입,장면,국민,충격,국격,추락,경제,사태,계엄,위헌,위법성,탄핵심판,사태,차원,헌법,판단,기준,역사,심판,정치,압력,재판관,개인,신변상,위협,여지,헌재,헌법,법률,증거,입각,공정,결정,결정,승복,헌정,질서","사령관,탄핵심판,국무회의,방첩사,달여,절차적,수방사,윤석열,여론전,신변상,곽종근,국격","헌법재판소가 윤석열 대통령 탄핵심판의 변론을 25일 종결하기로 했다. 윤 대통령과 국회 측의 최후변론, 양측 최후진술을 들은 뒤 변론 절차를 끝낸다는 것이다. 이에 따라 윤 대통령 탄핵안 인용 여부에 대한 헌재의 결정은 3월 중순 나올 가능성이 높다. 지난해 12월 3일 비상계엄 선포 이후 석 달여 만에 탄핵심판이 마무리되는 것이다. 
 
20일 열린 ..",https://www.donga.com/news/Opinion/article/all/20250220/131075009/2,
01101001.20250220214005001,20250220,한겨레,한겨레,[사설] 윤 대통령 탄핵 당위성 굳힌 마지막 증인신문,정치>청와대, 국제>중남미, 국제>일본,,,,"윤,홍장원,여인형,조태용,윤석열,문형배,김건희,한덕수,한,홍","비상계엄,한","국정원장,중앙선거관리위원회,헌법재판소,국가정보원,헌재,국회,비상계엄,헌재소장","대통령,탄핵,당위,마지막,증인,신문,윤석열,대통령,헌법,재판소,증인신문,탄핵,심판,마지막,증인,신문,12,사태,책임,부하들,여인형,방첩사령관,여인,방첩,사령관,위치,추적,요청,수사,개념,홍장원,국가,정보원,대통령,체포,지시,연계,탄핵,공작,증거,대통령,내란,우두머리,모습,비상계엄,해제,탄핵,수사,만용,대통령,이날,차장,증인,신문,발언권,차장,비난,비상계엄,선포,격려,전화,차장,체포,지시,주장,체포,지시,증언,차장,증인들,궤변,자신,불리,사안,철저,방어,김건희,여사,비상계엄,비상계엄,조태용,국정원장,문자,휴대전화,통화,대통령,파면,사유,이날,추가,한덕수,국무총리,비상계엄,반나절,해제,대통령,질문,기억,야당,경고용,반나절,계엄,주장,대통령,배치,총리,비상계엄,선포,국무회의,통상,국무회의,절차적,실체,결함,국무,회의,심의,주장,대통령,총리,대통령,계엄,선포,동의,상황,예견,대통령,직전,총리,신문,자리,이날,차례,변론,기일,진행,대통령,호수,달그림자,호수,의원,요원,억지,주장,탄핵심판,절차,측면,부각,본질,대행,문형배,헌재,소장,헌법재판관들,공격,헌재,공정성,흠집,의도,무장,군인들,국회,중앙선거관리위원회,침탈,경찰,봉쇄,현장,국민,헌재,탄핵,심판,이젠,확인,정도,대통령,파면,사유,헌재,나라,국민,만장일치,파면,대통령,결정","비상계엄,탄핵심판,국무회의,문형배,절차적,반나절,증인신문,여인형,방첩사령관,국정원장,조태용,중앙선거관리위원회,군인들,위원회,부하들,사령관,홍장원","윤석열 대통령이 20일 헌법재판소에서 열린 탄핵심판 마지막 증인신문에서도 12 3 내란 사태의 책임을 부하들에게 떠넘겼다. 여인형 당시 방첩사령관의 위치추적 요청에 대해 “수사에 대한 개념이 없다 보니” 벌어진 일이라고 하는가 하면, 홍장원 전 국가정보원 1차장에 대해 “대통령의 체포 지시라고 연계해 내란 탄핵에 공작한 게 문제”라고 했다. 모든 증거는..",http://www.hani.co.kr/arti/opinion/editorial/1183487.html,
01100101.20250220200731001,20250220,경향신문,,"[사설]‘윤석열 궤변’ 끝까지 다 탄핵된 헌재 변론, 파면 뿐이다",정치>국회_정당, 정치>행정_자치, 정치>청와대,,,,"조,조지호,홍장원,여인형,윤석열,한덕수,홍","비상계엄,저도","대공,망상,포고령,헌법재판소,검찰,경찰청장,방첩사,증인신문,12·3 비상계엄,헌재,국회,국정원","윤석열,궤변,탄핵,헌재,변론,파면,헌법재판소,대통령,윤석열,탄핵,심판,증인,신문,경찰청장,조지호,홍장원,국정원,한덕수,국무총리,마무리,수순,16명,증인신문,헌재,증거,채택,피의자들,내란,사건,피의자,조서,검찰,진술,윤석열,궤변,탄핵,12,위법성,입증,국회,지방의회,정당,활동,일체,정치활동,규정,1조,계엄,포고령,헌법,국회,요구권,비상계엄,해제,요구,무력화,위헌,자체,윤석열,위헌,조항,근거,국회,계엄,해제,요구,표결,국회의장,여야,대표,체포,지시,경찰청장,검찰,전화,대통령,청장,국회,국회의원들,체포,불법,진술,이날,탄핵,심판,검찰,진술,사실,차장,윤석열,정리,국정원,대공수사권,방첩사,여인형,방첩사령관,전화,국회의장,여야,대표,14~16명,명단,체포,대상자,보좌관,정서,재확인,총리,계엄,국무회의,실체적,형식적,흠결,비상계엄,이틀,무역의날,행사,비상계엄,선포,직전,윤석열,참석,경고,계엄,반나절,계획,주장,계엄,이틀,정황,총리,계엄,반나절,해제,얘기,윤석열,이날,여인,동향,파악,위치확인,불필요,생각,차장,사람,부탁,체포,지시,사령관,지시,체포,시도,동향,파악,시도,축소,12,핵심,인물,사람,전형적,법꾸라지,행태,12,경고용,실행용,증언,증거,윤석열,국민,기만,대통령직,사람,마지막,양심,예의,파렴치,국민,실시간,목격,그날,진실,궤변,책임,전가,모르쇠,자체,망상,윤석열,헌재,파면,결정","윤석열,비상계엄,국정원,증인신문,경찰청장,대상자,조지호,사령관,여인형,포고령,반나절,국회의장,국무총리,불필요,정치활동,법꾸라지","헌법재판소의 대통령 윤석열 탄핵심판 증인신문이 20일 조지호 경찰청장, 홍장원 전 국정원 1차장, 한덕수 국무총리를 끝으로 마무리 수순에 들어갔다. 총 16명의 증인신문과 헌재가 증거로 채택한 내란 사건 피의자들의 검찰 진술 조서를 통해 윤석열의 궤변은 족족 탄핵당했고, 12 3 비상계엄 위헌 위법성은 넉넉히 입증되었다.

‘국회와 지방의회, 정당의 활..",https://www.khan.co.kr/article/202502202007001,
01101001.20250220183005001,20250220,한겨레,한겨레,"[사설] 지나친 ‘반중 자극’ 국익 훼손, 국민의힘 자중하라",국제>중국, 국제>일본, 정치>외교,사고>산업사고>화재,,,윤석열,"미국,중국,한국,한","헌법연구관,유튜브,중국,퓨리서치센터,외교통일위,국회,트위터,대국,행정부,국민의힘,중국대사","자극,국익,훼손,국민,자중,주한,중국,대사,한국,진행,혐중,음모,자제,당부,국민,극우,언론,유튜브,인용,제기,중국,중국,부정,선거,개입설,언급,수준,가짜뉴스,국민,눈앞,정치,이익,경제,외교적,중요,나라,중국,훼손,무책임,선동,다이빙,중국,대사,김석기,국회,외교,통일,위원장,국민의힘,중요,양국,분야,교류,협력,강화,공감,한국,세력,루머,감정,조장,표명,엑스,X,트위터,한국,중국,가짜뉴스,작심,쓴소리,10여년,20~30대,중심,한국,대중,감정,악화,사실,미국,퓨리서치센터,자료,한국인,정서,50%,사드,위기,2017년,61%,,코로나19,위기,70%대,중국,그동안,배타,민족주의,국제,규범,무시,안하무,태도,산업,본격화,경쟁,요인,복합적,작용,12,사태,상황,악화,윤석열,대통령,12월,대국민,담화,노골적,혐중,음모,체포설,선거,연수원,중국,간첩,헌법,연구관,중국인,가짜뉴스,걱정,대리,대통령,국민,정략,목적,악순환,구조,형성,탄핵,찬성,집회,참석자,상표,촛불,우유갑,중국어,평소,중국,불만,20~30대,정서,정치,이익,극대화,의도,해석,세계,미국,구호,행정부,트럼프,출범,협력,상태,미국,협상,대비,중국,국민,국익,무책임,행동","중국,한국,미국,혐중,무책임,가짜뉴스,개입설,민족주의,김석기,코로나19,본격화,안하무,우유갑,유튜브,대국민,연구관,악순환,참석자,위원장,중국어,쓴소리",주한 중국대사가 한국에서 진행 중인 도를 넘는 ‘혐중 음모론’에 대해 자제를 당부했다. 현재 국민의힘이 극우 언론 유튜브 등을 인용하며 제기하는 중국 관련 ‘부정선거 개입설’ 등은 언급하기도 부끄러운 수준의 ‘가짜뉴스’가 대부분이다. 국민의힘은 눈앞의 정치적 이익에 눈이 멀어 경제 외교적으로 중요한 나라인 중국과의 관계를 훼손하는 무책임한 선동을 멈춰야..,http://www.hani.co.kr/arti/opinion/editorial/1183453.html,
01100901.20250220003709001,20250220,중앙일보,,[사설] 탈북 어민 강제북송 1심 유죄 반인권 범죄 반성해야,정치>청와대, 정치>외교, 사회>사건_사고,범죄>범죄일반>살인,,,"노영민,김연철,문재인,정의용","판문,동해상,대한민국,북한","정부,서울중앙지법,통일부,검찰,국가정보원,대통령비서실,해군,국가안보실,재판부,법원,북한,재판","유죄,어민,강제,북송,반인권,범죄,반성,문재인,정부,안보,라인,핵심,전원,유죄,징역형,선고,유예,사과,문재인,정부,시절,어민,강제,북송,사건,재판,인사들,정부,안보,라인,핵심,인사,법원,유죄,인정,법원,피고인들,참작,사정,선고유예,결정,서울중앙지법,정의용,국가안보실장,서훈,국가정보원장,징역,개월,선고,유예,서울중앙지법,노영민,대통령비서실장,김연철,통일부,장관,징역,선고,유예,검찰,상태,기소,판결,정부,외교,안보,정책,총괄,고위,인사,의무,보호,수행,국민,사과,반성,모습,사건,해군,동해상,북방한계선,NLL,북한,목선,나포,북한,어민,대한민국,귀순,의사,서류,작성,문재인,정부,당사자들,의사,무시,북한,당국,윤석열,정부,출범,통일부,영상,사진,공개,파장,영상,사진,판문점,북한,발버둥,모습,강제북송,어민,강제,북송,문재인,정부,북한,비위,인권,무리수,비판,탈북민,헌법,법률,대한민국,국민,인정,당사자,북송,정의용,실장,어민,흉악범,강제,북송,주장,어민,탈북,16명,동료,선원,살해,혐의,흉악범,법률,수사,재판,강제,북한,용납,판결,재판부,흉악범,재판,국가,권력,기본권,침해,위험,발상,지적,어민,범죄,흉악성,판결,재판부,설명,식량,부족,인권,탄압,고통,북한,주민,행렬,전망,탈북민,국민,보호,자격,권리,강제북송,어민,강제,북송,문재인,대통령,보고,관여,설명,판결,정치,목적,인권,사실,환기,계기","문재인,탈북민,흉악범,통일부,서울중앙지법,당사자,대한민국,강제북송,무리수,정의용,인사들,재판부,한계선,북방한계선,동해,동해상","━
 문재인 정부 안보 라인 핵심 4명, 전원 유죄 
 
 ━
 징역형 선고는 유예 진솔한 사과 뒤따라야 
 문재인 정부 시절 ‘탈북 어민 강제북송’ 사건으로 재판에 넘겨진 지난 정부 안보 라인 핵심 인사들에 대해 법원이 유죄를 인정했다. 다만 법원은 피고인들에게 참작할 만한 사정이 있었다고 보고 선고유예를 결정했다. 서울중앙지법은 어제 정의용 전 국가..",https://www.joongang.co.kr/article/25315241,
01101101.20250220001028001,20250220,한국일보,,"[사설] 탈북어민 강제북송 선고유예...위법성 인정, 정치 의도는 배척",사회>사건_사고, 정치>청와대, 정치>행정_자치,범죄>범죄일반>살인,,,"노영민,허경무,서훈,정의용,김연철","대한민국,북한","형사합의21부,정부,서울중앙지법,청와대,통일부,검찰,국가정보원,대통령비서실,국가안보실,재판부,법원","선고유예,강제,북송,선고,유예,위법성,인정,정치,의도,배척,법원,어민,강제북송,혐의,재판,인사들,문재인,정부,외교,안보,고위급,인사,판결,징역형,선고,유예,강제북송,위법성,인정,정상,참작,처벌,서울중앙지법,형사,합의,허경무,부장판사,국가,정보원,위반,혐의,기소,정의용,청와대,국가,안보,실장,서훈,국가정보원장,노영민,대통령비서실장,김연철,통일부,장관,유죄,판결,징역,6~10월,선고,유예,선고유예,유죄,판단,선고,유예,실제,처벌,처분,16명,동료,선원,살해,지목,어민,귀순,의사,강제,북한,공무원,의무,지시,혐의,기소,자체,강제,북송,행위,유죄,인정,흉악,범죄,신중,검토,나포,시점,이틀,북송,결정,닷새,실제,북송,행위,책임,형사법,목적,절차,무용,판단,재판부,재판부,정치,의도,인정,재판부,남북,분단,형성,대결,의식,구축,유사,사안,적용,법률,지침,미비,제도,개선,사람,처벌,의문,선고,유예,배경,설명,주목,검찰,중립성,쓴소리,재판부,수사,각하,결정,사건,정권,수사,기소,검사,객관의무,준수,의문,해소,지적,판결,아전인수,해석,곤란,흉악범,국민,헌법,대한민국,탈북민,전광석화,북송,문재인,정부,정권,3년,북송,사진,공개,종북몰이,윤석열,정부,검찰,책임,자유,재판부,판결","재판부,선고유예,강제북송,대한민국,고위급,문재인,징역형,서울중앙지법,청와대,위법성,부장판사,허경무,비서실장,대통령비서실장,김연철,종북,종북몰이,노영민","법원이 2019년 탈북 어민 2명을 강제북송한 혐의로 재판에 넘겨진 문재인 정부 외교안보 고위급 인사들에게 모조리 징역형 선고유예 판결을 내렸다. 강제북송의 위법성은 인정하면서도 정상을 참작해 처벌은 면해준 것이다.
서울중앙지법 형사합의21부(허경무 부장판사)는 어제 국가정보원법 위반 등 혐의로 기소된 정의용 전 청와대 국가안보실장, 서훈 전 국가정보원..",https://www.hankookilbo.com/News/Read/A2025021917190002872,
01100401.20250220232537001,20250220,동아일보,,[사설]‘주반야대’ 탄핵 반대 외치면서 대선주자들에 몰려가는 與,정치>선거, 정치>국회_정당, 정치>청와대,,,,"김문수,오세훈,유승민,권영세,전,박근혜,안철수,윤석열,모드로,한동훈,홍준표,오 시장",,"연일,헌법재판소,고용노동부,헌재,국회,후보군,국민의힘","주반야대,탄핵,반대,대선주자들,국민,조기,대선,윤석열,대통령,탄핵,반대,탄핵,심판,선고,가능,포스트,탄핵,모드,조기,대선,전환,모습,후보군,공개,행보,소속,의원,국민의힘,의원,김문수,고용,노동부,장관,초청,노동,개혁,토론회,의원,절반,58명,참석,닷새,생각,대선,출마,장관,질문,이날,출마,말씀,가능성,오세훈,서울,시장,지난주,지난주,개헌,토론회,지도부,의원,참석,한동훈,대표,계엄,탄핵,정국,출간,활동,재개,예고,홍준표,대구,시장,언론,대선,후보,공언,안철수,의원,플랜B,나름,준비,출마,시사,유승민,의원,박근혜,대통령,오해,출마,채비,여당,지도부,연일,헌법,재판소,편파성,의원들,대통령,지지자,집회,참석,탄핵,반대,목소리,풍경,권영세,비상,대책,위원장,2주,탄핵,확정,조기,대선,분위기,조장,부화뇌동,헌재,항의,방문,집회,탄핵,반대,참석,의원들,장관,시장,토론회,참석자,당내,조기,대선,대선,조기,얘기,주반야대,탄핵,반대,조기,대선,얘기,대통령,강성,지지,눈치,탄핵,기각,주장,현실적,가능성,조기,대선,가능,준비,여당,실상,탄핵,심판,막바지,대통령,국회,무력,지시,정치인,체포,증언,외면,자초,딜레마,지지층,모래알,대선,주자,의미,지지율","토론회,가능성,의원들,김문수,지지층,지도부,권영세,홍준표,정치인,오세훈,참석자,주반야대,윤석열","국민의힘이 겉으로는 “조기 대선은 금기어”라며 윤석열 대통령 탄핵 반대를 외치고 있지만 다음 달 탄핵 심판 선고 가능성이 커지자 ‘포스트 탄핵’의 조기 대선 모드로 전환하고 있는 모습이다. 차기 후보군들이 대놓고 공개 행보를 늘리고 있고 소속 의원들도 이들에게 몰려가고 있다. 
 
 국민의힘 의원들이 19일 김문수 고용노동부 장관을 초청해 연 노동개혁 ..",https://www.donga.com/news/Opinion/article/all/20250219/131066418/2,
01100101.20250219181544001,20250219,경향신문,,"[사설] ‘탈북 어민 강제 북송’ 죄 묻지 않은 법원, 검찰 반성해야",사회>사건_사고, 정치>청와대, 정치>북한,범죄>범죄일반>살인,,,"노영민,정,김연철,허경무,서훈,윤석열,정의용","북한,북방","형사합의21부,검찰,국가정보원,국가안보실,법원,국정원,대한민국 법질서,정부,서울중앙지법,청와대,통일부,대통령비서실,재판부","어민,강제,북송,법원,검찰,반성,법원,문재인,정부,어민,강제,북송,사건,선고,유예,판결,처벌,의미,서울중앙지법,형사,합의,재판장,허경무,위반,국가,보안법,혐의,기소,정의용,청와대,국가,안보실장,서훈,국가정보원장,징역,개월,선고,유예,기소,노영민,대통령비서실장,김연철,통일부,장관,징역,선고,유예,사건,윤석열,정권,대표적,사례,검찰,남용,거론,실장,2명,북한,어민,귀순,의사,국정원,통일부,공무원들,기관,공무원,강제,북송,지시,혐의,재판,북한,어민,동료,도끼,망치,잔인,살해,증거물,바다,불법적,북방한계선,도주,흉악범,문재인,정부,검찰,2년,조사,실장,처분,대통령,윤석열,사건,공개적,지시,국정원,고발,검찰,대대적,수사,착수,결국,기소,진행,재판부,실장,행위,형법,직권,남용,권리,행사,방해죄,흉악범,재판,기본권,침해,사안,적용,법률,지침,상태,공무원들,처벌,의문,제기,검찰,비판,재판부,대한민국,법질서,모순,공백,수년간,수사,인력,공소유지,인력,투입,피고인들,징역,실형,집행유예형,자격정지형,벌금형,부과,실제,해결책,의문,윤석열,정부,검찰,중립성,독립성,상실,정권,사냥개,노릇,과언,전임,정부,진행,정치,판단,정책,결정도,수사,대상,대표적,사례,사건,검찰,법원,선고,유예,결정,반성,법원,남북관계,경제정책,고도,정치적,정책적,요소,개입,사안,사법,판단,최소화","윤석열,방해죄,통일부,흉악범,국정원,공무원들,재판부,공무원,문재인,서울중앙지법,청와대,결정도,증거물,북방한계선,벌금형,재판장,피고인들,피고인",법원이 문재인 정부 당시 일어난 ‘탈북 어민 강제 북송’ 사건에 선고유예 판결을 내렸다. 죄는 있지만 처벌하지 않겠다는 의미다. 서울중앙지법 형사합의21부(재판장 허경무)는 19일 국가보안법 위반 등 혐의로 기소된 정의용 전 청와대 국가안보실장과 서훈 전 국가정보원장에게 각각 징역 10개월의 선고를 유예했다. 함께 기소된 노영민 전 대통령비서실장과 김연..,https://www.khan.co.kr/article/202502191815011,
01100901.20250219003510001,20250219,중앙일보,,"[사설] 낯 뜨거운 반도체법 불발 ‘네 탓 공방’, 한심한 국회 모습",정치>국회_정당, 정치>청와대, 정치>행정_자치,,,,"권성동,윤석열,최종구,최상목,이재명","홍콩,싱가포르,무산,한국","소위,민주당,임시국회,산업통상자원중소벤처기업위,국정협의체,더불어민주당,국회,기획재정위원회,국민의힘,국정협의회,국제금융협력 대사","반도체법,불발,공방,국회,모습,몽니,이재명,국힘,몽니,권성동,대표,거짓말,민생,법안,표류,국정협의체,접점,산업,반도체,경쟁력,방안,경쟁력,반도체,특별법,제정,임시,국회,무산,위기,국민,더불어민주당,인력,반도체,근로제,시간,근로,예외,합의,소위,국회,산업,통상,자원,중소,벤처,기업위,특별법,통과,여야,이견,노력,서로,책임,공방,대표,이재명,민주당,조항,시간,예외,합의,국민의힘,무책임,몽니,이견,처리,주장,대표,얼마,얼마,근로시간,적용,의견,정치,지도자,국가,대계,반대,의견,설득,용기,결단력,대표,당내,반발,노동계,비판,의식,후퇴,모습,비판,위기,반도체,특별법,좌초,이재명,거짓말,조기,대선,국민,책임,집권여당,반도체특별법,필수,법안,견인,무능력,국정,책임,여당,야당,의원,설득,입장,선회,물밑,노력,처지,소수,여당,권성동,국민,원내대표,대표,성장,정작,성장,거짓말,리스트,비난전,열중,여야,추가,경정,예산안,편성,연금개혁,핵심,의제,평행선,반도체,기업,시설투자,세액공제율,K칩스법,국회,기획,재정,위원회,통과,윤석열,대통령,탄핵,인용,민생법안들,필수,민생,법안,임시,국회,물론,조기,대선,표류,가능성,예정,국회,정부,국정협의회,반도체특별법,이견,출신,경제,관료,권한대행,최상목,대통령,권한,대행,정치,목적,민생,정치,방법,소통,표시,홍콩,싱가포르,한국경제설명회,대사,최종구,국제,금융,협력,해외,투자자,한국,대통령,탄핵심판,반도체,특별법,여부,밸류업,기업,가치,프로그램,지속,가능,상속세,완화,구체적,경제,관심,국정,리더십,공백,상태,여야,정치,선거,의식,포퓰리즘,정책,추진,대립,무책임,민생법안,처리,국민","반도체,이재명,특별법,반도체특별법,거짓말,몽니,최종구,한국,무책임,경쟁력,민생법안,권성동,최상목,가능성","━
 이재명 “국힘 몽니 탓”, 권성동 “이 대표 거짓말 탓” 
 
 ━
 민생법안 표류 우려, 국정협의체서 접점 찾아야 
 국내 반도체 산업의 경쟁력 제고 방안을 담은 반도체특별법 제정이 2월 임시국회에서 무산될 위기에 처했다. 국민의힘과 더불어민주당이 반도체 연구개발 인력에 대한 ‘주 52시간 근로제’ 예외에 합의하지 못했기 때문이다. 국회 산업통상..",https://www.joongang.co.kr/article/25314959,
01100801.20250219002742001,20250219,조선일보,조선일보,[사설] 엉터리 탄핵이라지만 재판 중에 사유를 바꾸다니,사회>사건_사고, 정치>청와대, 정치>행정_자치,범죄>범죄일반>폭행,,,"이창수,이,한덕수,김건희,이진숙,이재명",,"국정감사장,민주당,정부,헌법재판소,검찰,지휘부,헌재,국회,도이치모터스,서울중앙지검","엉터리,탄핵,재판,사유,이창수,서울,중앙지검장,검사,탄핵,사건,헌법재판소,변론기일,민주당,탄핵,사유,변경,탄핵안,지검장,도이치모터스,주가,조작,사건,김건희,여사,처분,의무,정치,중립,위반,탄핵,사유,지검장,처분,당일,회견,거짓말,지검장,기자회견,검사,국정감사장,허위,증언,탄핵소추,국감장,탄핵,심판,진행,엉터리,탄핵,자인,검찰,사건,처리,비판,탄핵소추,중대,헌법,법률,위반,행위,민주당,중대,헌법,법률,위반,구체,증거,제시,탄핵,민주당,이재명,대표,수사,진행,서울중앙지검,지휘부,마비,정략,목적,탄핵,탄핵,증거,실제,준비기,헌법,탄핵,소추,사유,각하,경고,민주당,대리인,증거,헌재,확보,요청,검사,판사,증거,요구,사유,이젠,탄핵,변경,탄핵,사유,변경,국회,의결,헌재,사건,즉시,각하,기각,사건,민주당,출범,윤석열,정부,국회,일방,통과,탄핵소추,13건,근거,탄핵,계엄,선포,반대,한덕수,권한대행,내란,혐의,탄핵소추,이진숙,방송통신,위원장,취임,이틀,탄핵소추,대표,대북,송금,사건,수사,검사,탄핵소추,이용,정치,폭력,헌재,사건들,이진숙,위원장,대표,수사,검사,탄핵,기각,선고,174일,270일,헌재,직무유기","민주당,탄핵소추,지검장,이진숙,기자회견,위원장,도이치모터스,이창수,윤석열,이젠,탄핵안,권한대행,한덕수,감사장",이창수 서울중앙지검장 등 검사 3명 탄핵 사건에 대한 헌법재판소의 첫 변론기일에서 민주당이 탄핵 사유를 변경했다. 이 탄핵안은 이 지검장 등이 ‘도이치모터스 주가조작’ 사건에서 김건희 여사를 무혐의 처분해 정치 중립 의무를 위반했다는 것이다. 그 탄핵 사유 중 하나가 이 지검장이 무혐의 처분 당일 기자회견에서 거짓말을 했다는 것이었다. 하지만 이 지검장..,https://www.chosun.com/opinion/editorial/2025/02/19/UWWTC4L5NFD3HKSM3ND3JSGFDM/?utm_source=bigkinds&utm_medium=original&utm_campaign=news,
01101101.20250219001042002,20250219,한국일보,,"[사설] 쏟아지는 김건희 여사 국정 개입 의혹, 진상 규명 철저히",정치>국회_정당, 정치>청와대, 정치>선거,,,,"명태균씨,김,초부,박근혜,조태용,윤석열,김건희",,"정치브로커,국정원장,정부,브로커,검찰,국가정보원","의혹,김건희,여사,국정,개입,진상,규명,윤석열,대통령,김건희,여사,의혹,국정,개입,계엄,계엄,정보기관,수장,연락,브로커,특정인,공천,부탁,여당,의원,선거,판세,단서,확인,수사,의혹,규명,요구,정치,브로커,명태균,여사,조국,수사,검사,국회의원,얘기,사건,수사,검찰,압수,수색,영장,청구,여사,명씨,대통령,유리,여론조사,요청,의심,정황,의견,법원,의원,얘기,바탕,여당,보수,정권,역사,승리,대통령,배우자,언행,영향력,행사,의심,탄핵심판,대통령,탄핵,심판,여사,계엄,당일,국가정보원장,조태용,국가,정보원장,연락,사실,국정원장,대통령,배우자,안부,여사,계엄,간여,개연성,장면,명품백,사건,한동훈,문자,대국민,사과,사건,여사,대통령,임기,자신,본분,사실,정치,특보,민원,창구,노릇,실세,영향력,행사,당선,내조,약속,농단,壟斷,언덕,이익,독식,행위,선출,권력,대통령,영향,이익,사실,박근혜,정부,비선실세,사건,확인,검사,대통령,농단,의혹,개탄,대통령,형사,헌법재판,별도,여사,실제,규정,나랏일,개입,수준,영향력,행사,수사,규명,정권,경계,의혹","영향력,조태용,정보기관,박근혜,배우자,김건희,개연성,여론조사,국가정보원장,헌법재판,대국민,국정원장,특정인,탄핵심판,정보원장,壟斷,명품백","윤석열 대통령 배우자 김건희 여사의 국정 개입 의혹이 잇따라 터져나오고 있다. 계엄 때 정보기관 수장과 연락하는가 하면, 브로커에게 특정인 공천을 부탁하고, 여당 의원들로부터 선거 판세 분석을 전해들었을 수 있다는 단서가 확인됐다. 엄정한 수사와 의혹 규명이 요구된다. 
정치브로커 명태균씨 측에 따르면 김 여사는 지난해 2월 ‘조국 수사 검사가 국회의원..",https://www.hankookilbo.com/News/Read/A2025021814590001426,
01100401.20250219232748001,20250219,동아일보,,"[사설]조지호 “尹, 의원 체포 6번 닦달” “호수 위 달그림자”가 말이 되나",정치>국회_정당, 정치>청와대, 정치>행정_자치,,,,"조지호,권영세,윤,곽종근,윤석열,조성현",평의,"포고령,검찰,경찰청장,수방사령관,국회,헌재,수방사,대리인단,국민의힘","조지호,6번,의원,체포,호수,달그림자,호수,조지호,경찰청장,계엄,전후,윤석열,대통령,6통,전화,국회의원,체포,닦달,검찰,진술,파악,국회,활동,계엄,포고령,위반,명분,의원들,체포,지시,반복,취지,청장,국회,봉쇄,해제,지시,진술,계엄,계엄,대통령,국회,마비,탄핵심판,핵심,쟁점,헌법,보장,국회,요구,계엄,해제,계엄,위헌성,곽종근,특전사령관,헌재,출석,대통령,국회,인원,지시,증언,헌재,직권,증인,채택,제1경비,조성현,수방사,경비,단장,수방사령관,내부,국회,본청,진입,국회의원,지시,거짓말,부하들,대통령,호수,그림자,억지,주장,절차,측면,부각,사안,본질,헌재,진행,변론,국회,대리인단,대통령,국회,국회의원들,체포,불법,청장,검찰,진술,증거,채택,대통령,재판,증인,출석,인물,조서,증거,인정,위법,반발,수사기관,조서,탄핵심판,증거,인정,헌재,평의,지난달,결정,사안,대통령,이의,제기,헌재,과거,사례,법리,별도,설명,인정,헌재,공정성,흠집,의도,여당,헌재,가세,계엄,옹호,모습,비상대책위원장,국민의힘,권영세,비상,대책,위원장,계엄,계엄,계엄,국회,현장,표결,참여,헌재,항의,방문,30여,여당,의원,헌재,국정,마비,공범,압박,헌재,변론,예정,절차,시비,실체,진실","국회의원,사령관,조지호,권영세,국민의힘,수방사,조성현,탄핵심판,수사기관,곽종근,특전사령관,수방사령관,부하들,비상대책위원장,제1경비,30여,의원들,거짓말","조지호 경찰청장이 “계엄 전후 윤석열 대통령으로부터 걸려온 6통의 전화 모두 결론적으로 국회의원 체포를 닦달하는 내용이었다”고 검찰에 진술한 것으로 파악됐다. 국회의 활동을 금지한 계엄 포고령을 위반했다는 명분으로 의원들을 체포하라는 지시를 반복했다는 취지다. 조 청장은 “국회 봉쇄를 해제하라는 지시를 받은 적 없다”는 진술도 했다고 한다. 
 
 계엄..",https://www.donga.com/news/Opinion/article/all/20250218/131058077/2,
01100101.20250218183207001,20250218,경향신문,,"[사설] 체포지시 6번 받았다는 조지호, 윤석열 파면 증거 쌓인다",정치>국회_정당, 정치>청와대, 정치>행정_자치,,,,"조,조지호,홍장원,여인형,조태용,윤석열,우원식 국회의장,한동훈,이재명,김동현","12·3 비상계엄,비상계엄","국정원장,계엄군,헌법재판소,검찰,경찰청장,국가정보원,국방부,국회협력단,더불어민주당,국회,헌재,국민의힘","체포,지시,조지호,증거,윤석열,파면,12,조지호,경찰청장,국회의원들,체포,지시,수사기관,증거,관련자,진술,확인,헌법,재판소,윤석열,탄핵,심판,변론,국회,공개,청장,피의자,신문,조서,청장,검찰,전화,대통령,청장,국회,국회의원들,체포,불법,통화,대통령,진술,청장,12월,11시,다음날,1시,윤석열,통화,청장,여인,방첩사령관,통화,사령관,번째,대표,이재명,더불어민주당,우원식,국회,의장,김동현,판사,포함,15명,체포자,명단,번째,한동훈,국민,대표,추가,진술,청장,구체적,일관성,홍장원,국가,정보원,차장,증언,일맥상통,사령관,12,실패,부하들,방첩사,리스크,신병확보,명단,작성,진술,증거,사령관,명단,정치인,체포,작성,동시,체포,위법,의미,지시,정치인,체포,여부,체포조,존재,윤석열,탄핵,심판,핵심,쟁점,그동안,윤석열,한동훈,대표,우원식,국회,의장,체포,지시,조태용,국정원장,헌재,증인,차장,메모,정치인,체포,거짓,생각,청장,조서,공개,윤석열,심판정,이날,헌재,일방적,퇴장,거짓말,들통,반박,불가능,작정,헌재,탄핵,심리,막바지,윤석열,파면,증거들,경고,계엄,윤석열,주장,12월,계엄군,전력,국회,본관,차단,사실,검찰,이날,국회,안내,의혹,제기,국방부,국회,협력단,상대,강제수사,착수,내란,세력,궤변,진실,왜곡,시민,헌법재판관,헌재,윤석열,연기,신청,변론,예정,20일,결정,헌재,신속,심판,진행,하루,수괴,파면,헌법,법치주의","윤석열,사령관,정치인,비상계엄,우원식,조지호,한동훈,국방부,피의자,체포자,국회의원들,체포조,더불어민주당,이재명","12 3 비상계엄 당시 대통령 윤석열이 조지호 경찰청장에게 ‘국회의원들을 체포하라’고 총 6차례 지시했다고 한다. 수사기관이 증거와 관련자 진술로 확인한 내용이다. 18일 헌법재판소에서 열린 윤석열 탄핵심판 9차 변론에서 국회 측이 공개한 조 청장의 피의자 신문조서에 따르면, 조 청장은 검찰에서 “전화를 받았더니 대통령은 저에게 ‘조 청장! 국회에 들어..",https://www.khan.co.kr/article/202502181831001,
01100901.20250218003527001,20250218,중앙일보,,[사설] 중도층 등 돌리는데 탄핵 반대에만 매달리는 국민의힘,정치>국회_정당, 정치>선거, 정치>청와대,,,,"권영세,권성동,윤석열,문형배,이재명","전주,비상계엄","의대,민주당,국민연,관훈클럽,더불어민주당,한국갤럽,서울구치소,교섭단,헌재,NBS,국민의힘","중도층,탄핵,반대,국민의힘,한동안,상승,여당,지지율,답보,상태,포기,광장,정치,매몰,중도,확장,결과,한동안,상승세,국민,지지율,답보,양상,조사,리얼미터,정권교체,의견,51.5%,집권여당,정권,연장,의견,44.5%,오차,범위,직전,조사,정권교체론,2.3%,포인트,상승,정권연장론,0.7%,포인트,하락,여당,후보,대표,이재명,더불어민주당,양자,대결,추세,조사,조사,한국갤럽,윤석열,대통령,탄핵,심판,결과,인용,59%,응답,기각,32%,답변,진행,전국지표조사,NBS,탄핵,인용,찬성,58%,전주,3%포인트,응답,탄핵,기각,38%,전주,대비,포인트,하락,12,국민,지지율,한동안,상승세,무차별,탄핵,국정,발목,민주당,이재명,대표,책임론,부각,보수층,결집,흐름,양상,대표,상속세,완화,우클릭,정책,변신,시도,52시간,진정성,의문,제기,국민,무기력,모습,국민,연금,개혁,의대,증원,집권여당,면모,지난주,교섭,단체,대표,연설,권성동,원내,대표,비난,야당,대표,할애,공세,탄핵,이슈,우왕좌왕,권영세,비상,대책,위원장,토론회,관훈,클럽,초청,비상계엄,조치,평가,의결,계엄,해제,국회,현장,표결,참여,강성,지지,의식,궁색,답변,여당,중진,여론,계엄,반대,우세,상황,서울구치소,대통령,면회,메시지,의원,헌재,사퇴,문형배,헌법,재판관,요구,명분,탄핵,불복,비판,자초,조기,대선,승패,중도층,국민,중도층,민주당,현실,외면,강성,지지,눈치,탄핵,반대,보수,정치,입지,비판,조기,대선,야당,전망,선거,선거,급변,정세,여당,여당,국정,중심,비판","비상계엄,전주,한동안,문형배,민주당,이재명,지지율,권영세,권성동,집권여당,토론회,한국갤럽,더불어민주당,중도층,상승세","━
 한동안 상승하던 여당 지지율 답보 상태 뚜렷 
 
 ━
 광장정치 매몰 중도 확장 포기한 결과 아닌가 
 한동안 상승세가 이어지던 국민의힘 지지율이 답보 양상이다. 어제 발표된 조사(리얼미터)에선 ‘야권에 의한 정권교체’ 의견이 51.5%로 ‘집권여당의 정권 연장’ 의견(44.5%)을 오차 범위 밖에서 앞선 것으로 나타났다. 직전 조사보다 정권교체..",https://www.joongang.co.kr/article/25314672,
01100901.20250218003321001,20250218,중앙일보,,"[사설] 안 그래도 갈라지는 나라, 가짜뉴스 망령까지 동원하나",국제>중국, 정치>행정_자치, 국제>아시아,범죄>성범죄>음란물, 사회>사회갈등>시위, 사회>사회갈등>반란_혁명_폭동,"박근혜,문형배,김건희","중국,12·3 비상계엄,광주","동원,계엄군,정부,경찰,가짜뉴스,서울서부지법,주한미군,선관위,국민의힘","나라,가짜,망령,동원,헌법재판관,허위,대통령,부부,딥페이크,좌우,가짜,양산,당국,대응,탄핵,정국,정보,허위,조작,혼란,가짜뉴스,이름,망령,특유,생존력,사회,신뢰,권한대행,문형배,헌법,재판소장,권한,대행,출신,고교,온라인,카페,정보,허위,조작,공격,대상,15년,카페,음란물,게시,권한,게시물,댓글,주장,삽시간,국민,대변인,인용,헌법재판관,자격,의혹,근거,댓글,이미지,조작,국민,팩트,사실,점검,부족,사과,입장,권한,사퇴,야동,판사,지지자들,대통령,지지자,시위,경찰,접수,신고,211건,공소시효,2009년,상황,가짜뉴스,파생,상황,사태,서울,서부,지법,난동,경찰,시위대,난입,폭동,주도,음모론,극우,유튜버,주장,허위,정보,정치권,확대,광주,집회,탄핵,찬성,부부,대통령,딥페이크,영상,논란,단체,속옷,대통령,수영복,차림,김건희,여사,조작,영상,반복,재생,대통령실,조롱,인격,모독,인권,침해,입장,가짜뉴스,국경,정도,매체,우파,성향,12,99명,중국인,간첩,신병,확보,혐의,선거,개입,자백,가짜뉴스,보도,혐의,경찰,조사,허위,정보,선관위,주한미군,경찰,부인,정보,소식통,인용,보도,일각,지지,세력,사실,탄핵,심판,변론,인용,국제뉴스,가짜뉴스,박근혜,정국,대통령,탄핵,태블릿PC,조작설,대표,조작설,허위,사법,판단,세력,의구심,가짜뉴스,SNS,시대,중독성,치명적,정치권,정부,당국,가짜뉴스,대응,이해,관계자,무비판적,수용,자세,역사,명심","가짜뉴스,문형배,계엄군,딥페이크,조작설,중국인,야동,비상계엄,정치권,광주,헌법재판관,재판관,태블릿","━
 헌법재판관엔 허위 사실, 대통령 부부엔 딥페이크 
 
 ━
 좌우 편 갈라 가짜 양산 엄정한 당국 대응 있어야 
 가뜩이나 어수선한 탄핵 정국에 허위 조작 정보가 혼란을 부추기고 있다. ‘가짜뉴스’라는 이름의 망령이 특유의 생존력으로 우리 사회의 신뢰를 갉아먹고 있는 것이다. 
 
 문형배 헌법재판소장 권한대행은 출신 고교 온라인 카페와 관련한 난..",https://www.joongang.co.kr/article/25314670,
01100801.20250218002607001,20250218,조선일보,조선일보,[사설] 민주당 의원들이 사전 연습 회유한 특전사령관 증언,정치>국회_정당, 정치>행정_자치, 정치>청와대,,,,"김현태,김,증언,윤,홍장원,곽종근,윤석열,박범계,부승찬,곽,김병주,박선원","패장,진위,하길","계엄군,민주당,특수전사령부,국회,국방위,국정원","민주당,의원,사전,연습,회유,특전,사령관,증언,계엄군,국회,투입,707단장,김현태,특수전,사령부,단장,국방위,국회,계엄,계엄,민주당,의원,곽종근,특수전사령관,회유,정황,진술,사령관,민주당,박범,부승찬,의원,면담,동석,전문위원,민주당,전문,위원,대세,민주당,의원,사령관,얘기,요구,본인,문장,사령관,요구,사령관,민주당,답변,연습,사령관,민주당,의원,면담,당일,국회,윤석열,대통령,국회,의원들,지시,진술,대통령,국회,중지,탄핵,소추,쟁점,근거,사령관,변론,탄핵,심판,대통령,국회의원,인원,기억,진술,민주당,회유,정황,단장,민주당,김병주,박선원,의원,특전사,형식,항의,방문,사령관,인터뷰,예상,질문지,답변,준비,사령관,민주당,의원,지시,목소리,답변,점령군,패장,심문,모습,단장,민주당,의원,사령관,변호사,소개,발언,기억,답변,변호사,약속,회유,홍장원,국정원,차장,메모,체포,명단,민주당,의원,공개,메모,작성,장소,의심,대통령,파면,결정,탄핵,심판,증거,정확,진술,회유,진위","민주당,사령관,김현태,특수전,변호사,의원들,김병주,국정원,707단장,특수전사령관,점령군,질문지,홍장원,국회의원,곽종근,특전사,부승찬,박범","계엄군으로 국회에 투입됐던 김현태 특수전사령부 707단장이 17일 국회 국방위에서 계엄 직후 민주당 의원들이 곽종근 전 특수전사령관을 회유한 정황에 대해 진술했다. 지난 12월 10일 곽 전 사령관이 민주당 박범계, 부승찬 의원과 면담할 때 “동석했다”고 밝혔다. 당시 민주당 전문위원은 “대세는 기울었다. 민주당이 지켜줄 것”이라고 말했다고 한다. 또 ..",https://www.chosun.com/opinion/editorial/2025/02/18/ABJB2ZMI6NCA5FTSYVAKXH2CJQ/?utm_source=bigkinds&utm_medium=original&utm_campaign=news,
01100401.20250218233119001,20250218,동아일보,,"[사설]명태균 件 서울로, 황금폰도 다 복원 ‘게이트’ 싹 열어젖혀야",정치>국회_정당, 정치>선거, 정치>청와대,,,,"김,오세훈,김진태,전,명,윤석열,전현직,김 전,김상민,박완수,홍준표,조은희,윤상현,김영선","창원,서울로,의창,이태원","게이트,보궐선거,브로커,대전고검,창원지검,경남선거관리위원회,대통령직인수위원회,공천관리위,서울중앙지검,국민의힘","명태균,서울,명태균,황금폰,복원,게이트,부부,윤석열,대통령,의혹,공천,개입,명태균,게이트,수사,창원지검,중간,수사,결과,사건,서울중앙지검,경남선거관리위원회,수사,의뢰,창원지검,사건,검사,수사과,배치,수개월간,방치,9월,부부,대통령,김영선,의원,보궐,선거,공천,의혹,파문,전담,수사,수사,104일,의원,정치,자금,위반,혐의,구속,기소,정도,조사,여사,사건,서울중앙지검,이송,부부,대통령,공천,개입,여론,조사,무상,제공,의혹,수사팀,서울중앙지검,이동,수사,진행,명태균,게이트,정치,브로커,공천,국정,인사,개입,국정,농단,의혹,사건,제출,황금폰,휴대,전화,휴대용,저장장치,USB메모리,포렌식,창원지검,마무리,수사,만큼,서울중앙지검,그동안,제기,의혹들,판도라,상자,주목,의원,공천,대통령,윤상현,공천관리위원장,이야기,녹음파일,공개,대통령,여론,조사,비용,지급,의원,공천,영향력,행사,의혹,부부,대통령,경선,대선,후보,경선,보고서,여론,조사,최소,확인,수사,만큼,추가,여사,김상민,총선,직전,대전,고검,검사,창원,의창,국회의원,부탁,통화록,등장,부부,대통령,박완수,경남,도지사,김진태,강원도,지사,의원,국민의힘,조은희,공천,관여,의혹,오세훈,서울,시장,홍준표,대구,시장,인사들,유력,인사,명태균,리스트,등장,대선,기간,사용,황금폰,저장,국회의원,연락처,140명,명태균,게이트,의혹,해소,대통령,인수,위원회,인사,관여,취임,대통령,여사,대응,논의,이태원,참사,대응,일정,해외,순방,조언,역할,참모,의혹,서울중앙지검,수사,특검,목소리,특검","명태균,서울중앙지검,황금폰,창원지검,국회의원,만큼,경남,서울,위원회,김진태,홍준표,이태원,박완수,오세훈,국민의힘",윤석열 대통령 부부의 공천 개입 의혹 등 이른바 ‘명태균 게이트’를 수사 중인 창원지검이 17일 중간 수사 결과를 발표하고 사건을 서울중앙지검으로 넘겼다. 경남선거관리위원회가 명 씨를 수사 의뢰한 것은 2023년 12월이다. 창원지검은 이 사건을 검사가 없는 수사과에 배치하는 등 수개월간 방치했다. 그러다가 지난해 9월 명 씨가 윤 대통령 부부를 통해 ..,https://www.donga.com/news/Opinion/article/all/20250217/131049430/2,
01100101.20250217181902001,20250217,경향신문,,[사설]하다 하다 목사 스님에 선거 감독 맡기자는 전광훈,정치>행정_자치, 정치>선거, 국제>국제일반,사회>사회갈등>시위,,,"전광훈,윤석열,문형배",광화문,"관훈클럽,헌재,서울서부지법,사랑제일교회,국민의힘","목사,스님,선거,감독,전광훈,목사,전광훈,사랑,제일교회,집회,대통령,윤석열,탄핵,반대,광화문,선관위,해체,지역별,목사,스님들,선거,감독,부정,선거,음모,주장,목사,발언,코미디,치부,현실,생각,위력,행사,부정선거부패방지대,극우단체,출근,시간대,권한대행,문형배,헌법,재판소장,권한,대행,애호,소아성애,포르노,문형배,사퇴,음란,수괴,행번방,손팻말,시위,손팻말,거짓정보,달간,7시,6시,집회,규모,경찰,신고,기각,윤석열,탄핵,압박,헌재,대행,공격,서울,서부,지법,난입,사태,충격,극우,난동,전광훈,극우,변방,정국,대통령,여당,중심부,이젠,제도,정치,진입,국민,요즘,행태,의원,나라,국민,호소,계엄,내란,옹호,헌재,원내,조작,정보,문형배,재판관,미성년자,게시물,댓글,논평,사과,권영세,비대,위원장,이날,관훈클럽,초청,토론회,부정선거,단정,정도,상황,대통령,투표,의문,정도,철저,리뷰,검토,부정,선거,음모,냄새,헌정질서,부정,세력,동조화,주류,보수,정당,민주화,국민,지지층,극우세력,활용,생각,현실,국민,극우세력,잠식,모양새,국민,보수,시작,각국,해외,역사,극우,지지,소탐대실,헌정질서,위협,자해적,국민,추구,보수,가치,근본적,성찰","문형배,전광훈,부정선거,이젠,손팻말,행번방,윤석열,권영세,헌정질서,광화문,토론회,소아성애,극우세력,게시물,민주화,미성년자,지역별,대변인,각국,위원장,재판소장,자해적","전광훈 사랑제일교회 목사가 지난 15일 대통령 윤석열 탄핵 반대 광화문 집회에서 “선관위를 완전히 해체시켜야 한다”며 “지역별로 목사와 스님들이 (선거)감독을 하면 된다”고 했다. 부정선거 음모론을 퍼트리더니 이런 주장을 하기에 이른 것이다.

문제는 전 목사의 황당한 발언을 코미디로만 치부할 수 없게 된 현실이다. 이제 그런 생각을 가진 이들이 몰려다..",https://www.khan.co.kr/article/202502171818001,
01100101.20250217181557001,20250217,경향신문,,"[사설] 진실 덮다 서울로 넘긴 창원지검, ‘명태균 수사’ 시늉만 했나",사회>사건_사고, 정치>국회_정당, 사회>미디어,,,,"오세훈,김,김진태,조국,안철수,윤석열,김 전,김상민,박완수,강혜경,추경호,김영선,김건희,홍준표,오 시장","경남지사,회계,의창구,창원국가산업단지,서울,적도,비상계엄,서울로","부산지검,국회 법사위,검찰,헌법재판소,여사,창원지검,국회,강원지사,서울중앙지검,국민의힘,특수3부","진실,서울,창원지검,명태균,수사,시늉,창원지검,게이트,명태균,수사,결과,12월,명씨,김영선,국민의힘,의원,정치,자금,위반,혐의,구속,기소,검찰,공개,수사,성과,곁가지,의원,혐의,이해,충돌,방지,위반,국민,관심사,언론,브리핑,기자들,질문,사건,서울중앙지검,수사,양다리,헌법재판소,윤석열,탄핵,심판,수사,여부,결정,속셈,언론,보도,명태균,의혹,본격적,9월,창원지검,부산지검,차장,검사,파견,12명,검사,전담,수사,수사,의원,녹취록,확인,수준,부부,대통령,윤석열,공천,개입,의혹,수사,진전,명씨,김건희,여사,친분,창원,국가,산업,단지,지정,개입,의혹,의원,의원,박완수,경남,지사,김진태,강원지사,공천,개입,의혹,베일,오세훈,안철수,시장,서울,시장,보선,후보,단일,시장,조작,여론조사,제공,의혹,추경호,국민,원내대표,홍준표,대구,시장,의혹,검찰,사건,관련자,서울,수사,지지부진,변명,검찰,윤석열,부부,명씨,카카오톡,텔레그램,메시지,캡처,파일,복원,107쪽,수사보고서,11월,작성,명씨,검사,휴대,전화,폐기,권유,법정,증언,이날,명씨,여사,자신,김상민,검사,조국,수사,고생,김상민,의창구,국회의원,폭로,검사,윤석열,서울중앙지검장,소속,특수,명태균,게이트,내란,방아쇠,의혹,명씨,12월,휴대전화,검찰,야당,제출,윤석열,부부,압박,다음날,윤석열,비상계엄,선포,규명,사건,진상,특검,방법,진실,증거,수사,검찰,걸림돌,국회,법사위,명태균,특검법,상정,심의,국회,특검법,통과,비위,윤석열,부부,물론,검찰,수사,의혹","윤석열,명씨,명태균,서울,창원지검,홍준표,김상민,박완수,특검법,휴대전화,오세훈,부산지검,관심사,녹취록,곁가지","창원지검이 17일 ‘명태균 게이트’ 수사 결과를 발표했다. 지난해 12월3일 명씨와 김영선 전 국민의힘 의원을 정치자금법 위반 등 혐의로 구속 기소한 지 76일 만이다. 그러나 검찰이 새로 공개한 수사 성과는 곁가지 축에도 못 드는 김 전 의원의 이해충돌방지법 위반 혐의가 거의 전부다. 국민적 관심사임에도 언론 브리핑과 기자들의 질문은 피했고, 사건을 ..",https://www.khan.co.kr/article/202502171815001,
01101001.20250217181011001,20250217,한겨레,한겨레,[사설] ‘명태균 수사’ 이제 와서 중앙지검에 넘긴 검찰,정치>청와대, 정치>국회_정당,,,,,"오세훈,윤,명,김영선,김 전,김건희,홍준표,명태균","서울,12·3 비상계엄,창원,대구,비상계엄,서울로","게이트,보궐선거,검찰,경상남도선거관리위원회,창원지검,국회,중앙지검,서울중앙지검,국민의힘","명태균,수사,중앙지검,검찰,창원지검,게이트,명태균,중간,수사,결과,윤석열,김건희,개입,부부,공천,의혹,서울중앙지검,이송,부부,대통령,수사,대상자,서울,궁색,변명,수사,초기,중앙지검,사건,1년,김영선,국민의힘,의원,구속기소,대통령,여당,불리,수사,검찰,국민,불신,명태균,게이트,대통령,대선,명씨,대선,여론조사,각종,도움,대가,명씨,친분,의원,공천,창원,보궐,선거,의혹,핵심,창원지검,경상남도선거관리위원회,경상남도,선거,관리,위원회,의원,명씨,혐의,정치,자금,위반,수사,의뢰,사건,검사,수사과,배당,명씨,참고인,신분,조사,9개월,방치,검찰,보도,언론,의혹,공천,개입,검사들,파견,수사팀,강화,이날,공개,수사,결과,의원,동생,지역,사업가,기소,홍준표,대구,시장,오세훈,서울,시장,정치인,언급,대구,서울,공익신고자,강혜경씨,기소,언론,국회,폭로,보복성,기소,의심,대통령,12,선포,진짜,명태균,게이트,정도,사건,부부,대통령,치명적,비상계엄,12월,명씨,부부,대통령,통화,음성,황금폰,공개,의사,창원지검,부부,대통령,명씨,공천,통화,공천,사실,파악,시간순,정리,수사,보고서,11월,대통령,부부,조사,내란죄,특권,인정,대통령,민간인,신분,김건희,여사,얼마,조사,서울중앙지검,당장,여사,당장,소환,조사,국민,납득,수사,결과,특검","명씨,서울,명태균,창원지검,비상계엄,창원,대구,정치인,김건희,서울중앙지검,오세훈,홍준표,경상남도선거관리위원회,중앙지검,9개월",창원지검이 17일 ‘명태균 게이트’ 중간수사 결과를 발표하면서 ‘윤석열 김건희 부부 공천 개입’ 의혹을 서울중앙지검으로 이송한다고 밝혔다. 윤 대통령 부부를 비롯한 수사 대상자들이 대부분 서울에 있다는 이유를 댔다. 참으로 궁색한 변명이다. 그럴 거면 왜 수사 초기에 중앙지검으로 넘기지 않고 사건을 1년 가까이 붙들고 있었나. 지난해 12월 명씨와 김영..,http://www.hani.co.kr/arti/opinion/editorial/1182892.html,
01101001.20250217181011002,20250217,한겨레,한겨레,[사설] 국민의힘 수렁으로 모는 권영세 선 넘은 내란 옹호,정치>국회_정당, 정치>청와대,,범죄>기업범죄>거래제한,,,"권영세,윤석열,신기하,한동훈,권",비상계엄,"계엄군,관훈클럽,비상입법기구,국회,헌재,대국,국민의힘","국민,수렁,권영세,내란,옹호,권영세,국민,비상대책위원장,토론회,관훈클럽,비상계엄,선포,국회,현장,계엄,해제,표결,참여,한동훈,대표,위헌,위법,얘기,생각,대표,계엄,위헌,계엄,위법성,확인,해제,계엄,자신,계엄,해제,찬성,12,합법,국민의힘,공식,입장,12,위헌,불법성,윤석열,대통령,전시,사태,심의,실질,국무,회의,통보,계엄,선포,계엄,상황,제한,국회,정상,활동,중단,실제,경찰,국회,투입,계엄,선포,문제점,국민,계엄군,국회,침탈,사안,법조인,출신,정치,경륜,위원장,합헌,적법,야당,의원들,여당,의원,계엄,해제,의결,명단,정치인들,체포,국회,대체,비상입법기구,국민,기본,제한,방향,요인,수거,사살,방안,수첩,지옥도,현실화,상황,국민들,위원장,계엄,해제,투표,위원장,50%,헌재,신뢰,헌재,부정,선거,음모,대통령,투표,의문,정도,철저,리뷰,여지,위원장,국민의힘,상대적,합리적,여당,대표,대국민,사과,검토,위원장,주장,결집,극우,세력,보수정당,편승,소탐대실,건강,보수정당,위원장,역할","위원장,권영세,국민의힘,보수정당,관훈클럽,비상계엄,법조인,정치인들,소탐대실,정치인,현실화,지옥도,윤석열,상대적,비상입법기구,의원들,한동훈,대국민,불법성,토론회,비상대책위원장",권영세 국민의힘 비상대책위원장이 17일 관훈클럽 토론회에서 “(비상계엄 선포 당시) 국회 현장에 있었더라도 (계엄 해제) 표결에 참여하지 않았을 것”이라고 했다. 그러면서 “한동훈 전 대표가 바로 ‘위헌이고 위법’이라고 얘기한 부분에 대해서는 조금 성급하지 않았나 생각한다”고 했다. 한 전 대표가 계엄 당시 위헌 위법성을 제대로 확인하지 않은 채 계엄 ..,http://www.hani.co.kr/arti/opinion/editorial/1182893.html,
01100901.20250217003515002,20250217,중앙일보,,"[사설] 이재명 대표의 상속세 개편안, 진실성 의심받는 이유",경제>경제일반, 정치>국회_정당, 정치>청와대,,,,"초부,이,윤석열,이재명","서울,일본,최대주주,한국","민주당,정부,OECD,최대주주,더불어민주당,경제협력개발기구,국민의힘","이재명,대표,상속세,개편안,진실,의심,추진,공제,상향,최고,세율,인하,초부자,감세,국민,재추진,행보,불신,자초,대표,이재명,더불어민주당,세금,상속세,개편,5억,현행,일괄,공제,8억,5억,배우자,공제,10억,민주당,개정,최대,세금,부담,서울,아파트,중위,매매,가격,12억,아파트,상속세,대상,자산,가치,상승,상황,금액,과표,구간,일괄,공제,금액,25년,필요성,만큼,개편,사실,대표,국민의힘,정부,추진,인하,상속세,최고,세율,소수,초부자,특권,감세,최고세율,한국,상속세,최고,세율,과세,표준,초과,50%,경제협력개발기구,OECD,회원국,일본,55%,최대,주주,지분,상속,할증,20%,세율,최대,60%,상속세,경영권,위협,대표,대표,상속세,개편,윤석열,대통령,탄핵,인용,조기,대선,염두,상속세,최고세율,공제한도,부과,방식,쟁점,공제,한도,상한,제안,대선,포퓰리즘,성격,소수,자산가,이익,소수,초부자,특권,감세,표현,정부,여당,최고,세율,개편,반대,모습,전형적,진정성,대표,모습,정부,여당,개편,세제,상속세,개편,접근,세수,30조,예산,대비,연속,펑크,세수,정도,재정,여건,마당,유권자,환심,감세,골몰,지도자,정치,자세,상속세,최대,주주,할증,폐지,상속자산,실제,상속,유산,세금,유산취득세,정부,여당,논의,변경,정책,노선,우클릭,논란,정작,대표,우클릭,원래,제자리,반도체특별법,시간,예외,적용,방안,모습,신속,추경,편성,포기,국민,25만,지급,민생,회복,소비쿠폰,예산,민주당,추경,포함,진실성,의심,행태","상속세,최고세율,민주당,진실성,우클릭,공제한도,5억,포퓰리즘,자산가,소비쿠폰,서울,윤석열,이재명","━
 공제 상향 추진하면서 최고세율 인하엔 “초부자 감세” 
 
 ━
 전 국민 25만원 재추진 등 갈팡질팡 행보로 불신 자초 
 이재명 더불어민주당 대표가 “세금 때문에 집 팔고 떠나지 않게 하겠다”며 상속세 개편안을 꺼내들었다. 현행 일괄공제 5억원을 8억원으로, 배우자 공제 5억원을 10억원으로 올리겠다는 내용이다. 민주당 안대로 법 개정이 이뤄지..",https://www.joongang.co.kr/article/25314395,
01100801.20250217002537001,20250217,조선일보,조선일보,"[사설] 차벽 양쪽의 光州 두 집회, 분단 상황 같았다니",정치>행정_자치, 정치>청와대, 정치>선거,사회>사회갈등>시위,,,"전한길씨,윤석열,이재명","광주광역시,강성,한국,전남지사,광주","민주당,경찰,북한,세이브코리아,사람인,민주당·조국혁신당,헌법재판소,한국갤럽,지도부,헌재,광주,기독교,국민의힘","양쪽,光州,집회,분단,상황,지난주,광주광역시,집회,윤석열,대통령,탄핵,찬반,동시,세이브코리아,보수,성향,기독교,단체,주관,집회,탄핵,반대,전한길씨,한국사,강사,전한길,국민의힘,의원,참석,광주,지역,단체,주최,집회,탄핵,찬성,광주광역시장,전남지사,민주당,조국혁신당,의원,참석,경찰,양측,충돌,중간,버스,차벽,설치,양측,집회,참석,광주,집회,보수,성향,인파,경찰,차벽,사이,집회,탄핵,찬반,동시,사회,분열,극단적,상징적,한국갤럽,지난주,여론,조사,대통령,탄핵,57%,찬성,38%,반대,응답,조사,찬성,찬성,75%,,반대,21%,조사,응답자,4명,헌법재판소,신뢰,헌재,심판,대통령,탄핵,진행,탄핵,갈등,분열,수위,공정성,신속성,헌재,속도전,편향,시비,불신,초래,분열,치유,정치권,조기,대선,염두,결집,강성,지지,갈등,고조,광주,이례적,보수,성향,집회,민주당,반응,이재명,대표,광주,불법,계엄,옹호,시위,사람,피해자,상가,살인자,옹호,행패,악마,민주당,지도부,극우,세력,인면수심,민주주의,모욕,자들,만행,극언,국민,4명,탄핵,반대,상황,극우,자신들,생각,2030세대,고립,오만,폭력,전체주의,옹호,약자,폭력,탄압,배제,극우,과거,파시즘,나치즘,인민,억압,국가,통제,왕조,북한,극우,자체,민주당,북한,비판,모순,국민,광주,전국,집회,탄핵,반대,국민의힘,의원,집단적,참석,비상계엄,사과,유감,표명,지도부,입장,배치,나라,헌법재판소,심판,대통령,탄핵,결정,사회,후폭풍,정치권,갈등,조장","광주,민주당,차벽,국민의힘,지도부,4명,정치권,헌법재판소,재판소,한국사,응답자,윤석열","지난주 말 광주광역시에서 윤석열 대통령 탄핵 찬반 집회가 동시에 열렸다. 보수 성향 기독교 단체 ‘세이브코리아’가 주관한 탄핵 반대 집회에는 한국사 강사 전한길씨와 국민의힘 의원 일부가 참석했다. 광주 지역 야권 단체들이 주최한 탄핵 찬성 집회에는 광주광역시장, 전남지사와 민주당 조국혁신당 의원 등이 참석했다. 경찰은 양측 충돌을 막기 위해 중간에 버스..",https://www.chosun.com/opinion/editorial/2025/02/17/SIFV7Y6E5ZB4TFIE3U3QRYUKR4/?utm_source=bigkinds&utm_medium=original&utm_campaign=news,
01101101.20250217001104002,20250217,한국일보,,[사설] 중국대사관 난입 시도 尹측 ‘혐중’ 조장이 낳은 범죄다,정치>청와대, 국제>일본, 국제>중국,사회>사회갈등>시위,,,윤석열,"안중,명동,서울,중국,아메리카,한국","대사관,정부,헌법재판소,중국대사관,대국,국가인권위원회,주한미군","시도,중국,대사관,난입,혐중,조장,범죄다,지지자,윤석열,대통령,난입,주한,중국,대사관,시도,경찰,체포,대통령,비상계엄,주장,근거,혐중,주장,와중,외교,균열,남성,24일,중국대사관,서울,명동,중국,대사관,난입,시도,경찰,체포,마블,캐릭터,캡틴,아메리카,복장,안씨,중국대사관,테러,범행,체포,소셜미디어,혐중,여론,피부,목적,메시지,전달,대통령,지지자들,수위,혐중,시위,안씨,국가인권위원회,권고안,대통령,방어,보장,권고,상정,10일,복장,지지자들,건물,출입,통제,시진핑,지난달,중국대사관,멸공,페스티벌,집회,대통령,탄핵,반대,참여,사람들,관광객,중국인,여성,영상,배후,대통령,물론,대통령,대국민,담화,중국발,안보,근거,계엄,발동,시작,헌법,재판소,탄핵,심판,주한,미군,중국인,간첩,체포,가짜뉴스,인용,중국,선거,개입설,주장,외교문제,비화,따위,안중,태도,중국대사관,내정,한국,내정,중국,무리,연계,반대,입장문,시도,대사관,난입,유감,한국,정부,전달,이례,일탈,치부,중국인들,거주,중국인,한국인들,중국,거주,한국인,직접적,위협,상황,양국,외교,회복,상태,안씨,경찰,수사,훈방,조치,정의,승리,선동글,행위,외교,자해,조금,선처","중국,혐중,중국대사관,중국인,대사관,안씨,지지자,한국,시진핑,아메리카,마블,윤석열,서울,지지자들,명동","윤석열 대통령 지지자가 주한 중국대사관 난입을 시도하다가 경찰에 체포됐다. 윤 대통령 측이 비상계엄 정당성을 주장하며 근거 없는 ‘혐중’ 주장을 이어온 와중에 벌어진 일이다. 이러다 정말 한중 외교관계에 심각한 균열이 생기지 않을지 우려된다.
40대 남성 안모씨가 지난 24일 오후 서울 명동 중국대사관에서 문이 열린 틈을 타 난입을 시도하다 경찰에 체포..",https://www.hankookilbo.com/News/Read/A2025021615560002997,
01100101.20250216185542001,20250216,경향신문,,[사설]시민 학살한 5 18 현장에서 ‘윤석열 내란’ 옹호하다니,정치>행정_자치, 정치>청와대, 정치>선거,,,,"김기현,전한길씨,황현필,윤석열","비상계엄,한국,대한민국,광주,금남로,몽둥이","기독교단체,세이브코리아,계엄군,독일,신군부,헌법재판소,나치,서울대,하나회,금남로,국민의힘","시민,학살,5,윤석열,옹호,5,운동,역사,현장,광주,금남로,수괴,내란,윤석열,탄핵,찬성,반대,집회,5,총구,몽둥이,시민,희생,금남로,위헌적,세력들,비상계엄,동조,세력,윤석열,연호,집회,집회,탄핵,찬성,동시,불상사,광주,시민,가슴,민주화,상징,금남로,친위쿠데타,집회,윤석열,옹호,여기저기,울분,45년,악몽,세이브코리아,이날,기독교,단체,세이브,코리아,국가비상기도회,이름,집회,탄핵,반대,연단,전한길씨,한국사,강사,전한길,독재자,5,기억,계몽령,국민들,윤석열,대통령,석방,주장,시민,계엄군,광주,정신,12,계몽령,강변,어이,집회,탄핵,찬성,주최,주최,추산,황현필씨,한국사,강사,황현필,광주,집회,수괴,옹호,홀로코스트,독일,나치,추종자,집회,비판,대한민국,민주,성지,금남로,극우,세력,망발,공간,지적,한술,윤석열,지지자,계엄군,총격,흔적,전일빌딩,전두환,하나회,사진,시민들,빨갱,욕설,막무가내식,언동,그날,서울대,아크로폴리스,광장,탄핵,찬반,학생들,충돌,대학가,사회,분열,갈등,증폭,국민,극단,언행,실망,김기현,의원,군대,헌법,유린,계엄,나라,대통령,마음,포장,나라,만신창이,정치적,무책임,태도,행태,극우,세력,금남로,집회,뒷배,작용,윤석열,헌법,전문,동의,5,대한민국,민주주,역사,모독,행위,헌법재판소,내란,비호,극단,세력,준동,하루,윤석열,파면","윤석열,금남로,광주,계엄군,한국사,대한민국,계몽령,전두환,나치,전일빌딩,비상계엄,세력들,희생정신,민주화,시민들",5 18민주화운동의 역사적 현장인 광주 금남로에서 지난 15일 ‘내란 수괴’ 윤석열의 탄핵 찬성 반대 집회가 열렸다. 5 18 당시 계엄군의 총구와 몽둥이에 수많은 시민이 희생됐던 금남로에서 위헌적인 비상계엄 동조 세력들은 “윤석열”을 연호했다. 이 집회에 맞서 탄핵 찬성 집회가 동시에 열렸지만 불상사는 없었다. 하지만 광주 시민들은 가슴을 쳐야 했다...,https://www.khan.co.kr/article/202502161854001,
01101001.20250216183004001,20250216,한겨레,한겨레,"[사설] 계엄군 ‘국회 단전’ 실행, 더욱 굳어진 계엄 위헌성",정치>국회_정당, 정치>행정_자치, 정치>청와대,,,,"김현태,곽종근,윤석열",,"계엄군,특수전사령부,헌법재판소,더불어민주당,국회,국정조사특,대국","단전,계엄군,국회,실행,계엄,위헌성,12,사태,계엄군,실제,국회,본관,지하,전력,차단,사실,폐회로텔레비전,CCTV,영상,확인,단전,시점,국회,계엄,해제,요구,결의안,통과,5분,계엄군,조금,본회의장,전력,차단,계엄,해제,상황,국회,국정조사특위,의원들,소속,더불어민주당,의원,공개,영상,설명,12월,0시,분께,707특수,김현태,특수전,사령부,특수,임무단장,계엄군,국회,본관,창문,내부,진입,보좌관,당직자,저항,7명,0시,분께,4층,6분,배회,1시,승강기,지하,1시,분께,분전,지하,전력,차단,국회,1시,결의안,계엄,해제,통과,계엄군,본회의장,창문,진입,본회의,진입,단전,가능성,단장,실제,김현태,헌법재판소,출석,0시,분께,전기,차단,방법,전화,곽종근,특전,사령관,증언,병력,지하층,이동,보좌관,저지,본회의장,진입,상황,단전,명령,전기,시설,지하층,의도,국회,암흑천지,투표,계엄,해제,계엄군,단전,실행,확인,계엄군,투입,차원,질서,유지,윤석열,대통령,주장,억지,12월,대국민,담화,국회,마비,단전,단수,조치,실제,지연,헬리콥터,이동,예상,의원,집결,시민,저항,장병,소극,태도,지시,이행,국회,표결,천우신조,계엄군,국회,단전,배후,계엄,해제,대통령,지시,사실,부정,의원들,지시,생각,계엄,위헌,불법성,만큼,대통령,만큼,파면","계엄군,김현태,분께,본회의장,곽종근,만큼,의원들,지하층,보좌관,결의안,더불어민주당","‘12 3 내란 사태’ 때 계엄군이 실제 국회 본관 지하 1층 전력을 차단했다는 사실이 폐회로텔레비전(CCTV) 영상을 통해 확인됐다. 단전 시점도 국회가 계엄 해제 요구 결의안을 통과시킨 지 불과 5분 뒤였다. 만약 계엄군이 조금만 일찍 본회의장 전력까지 차단했다면, 계엄 해제가 가로막히는 아찔한 상황이 벌어질 뻔했다.
국회 ‘내란 국정조사특위’ 소속..",http://www.hani.co.kr/arti/opinion/editorial/1182732.html,
01100101.20250216181618001,20250216,경향신문,,"[사설]실행된 국회 단전과 끔찍한 노상원 메모, 내란 전모 밝혀야",정치>행정_자치, 정치>국회_정당, 정치>청와대,,,,"이상현,노상원,곽종근,이상민,윤석열,노,김용현,곽,최상목","장교,12·3 비상계엄,비상계엄","계엄군,기재부,민주당,검찰,국방부,더불어민주당,국회,행안부,비상계엄,친위쿠데타","실행,국회,단전,노상원,메모,내란,전모,12,전력,국회,본관,차단,계엄,그간,경고,국회,마비,단전,단수,조치,대통령,윤석열,단전,조치,실제,더불어민주당,공개,국회,본관,폐쇄,회로,CC,TV,영상,이동,자료,12월,0시,분쯤,본관,16명,특전사,군인,7명,4층,배회,1시,분쯤,엘리베이터,지하,1시,분26초,분전,지하,일반조명,비상조명,차단기,동시,지하층,조명,5분,초간,국회,비상계엄,해제,요구,가결,1시,국회,분전,층별,본회의장,분전,2층,민주당,계엄군,본회의장,2층,진입,시도,직원들,진입,계엄군,행적,국회,표결,방해,시도,일환,의심,윤석열,공소장,윤석열,12월,0시,0시,사이,곽종근,특전사령관,국회의원,150명,사령관,부하,장교,전기,차단,지시,이상현,공수특전여단장,검찰,사령관,상부,국회,의결,국회의원,전기,차단,지시,진술,연장선,조치,본관,지하,단전,합리,정치,법조,종교,언론,연예계,수거,인사,계획,노상원,국군정보사령관,메모,비상계엄,선포,전후,기재부,장관,이상민,행안부,장관,전달,후속,조치,문건,기습적,비상계엄,실행용,메모들,지시,작성,규명,70쪽,노상원,메모,사령관,경찰,김용현,국방부,장관,대로,진술,장관,부하들,노상원,지시,지시,비상계엄,윤석열,김용현,노상원,라인,중심,준비,기간,윤석열,의중,규명,헌법,유린,친위쿠데타,관용,은폐,검찰,특검,메모,실체,북풍공작,김건희,여사,관여,여부,명태균,게이트,관련성,범죄,전모","비상계엄,사령관,윤석열,노상원,계엄군,2층,그간,국회의원,김용현,본회의장,김건희,이상현,기재부,특전사","12 3 비상계엄 당시 계엄군이 국회 본관 전력 일부를 차단한 것으로 드러났다. 그간 “경고용 계엄”이고 “국회 기능을 마비시키려 했다면 단전 단수 조치부터 취했을 것”이라는 대통령 윤석열의 말과 달리, 단전 조치가 실제 있었다는 것이다.

더불어민주당이 16일 공개한 당시 국회 본관 폐쇄회로(CC)TV 영상과 군 이동 분석 자료를 보면, 지난해 12월..",https://www.khan.co.kr/article/202502161815001,
01101101.20250215001055001,20250215,한국일보,,"[사설] 팩트도 틀린 문형배 인신공격, 국민의힘 도 넘었다",IT_과학>보안, 정치>청와대,,,,,"김기현,박민영,이,홍장원,권성동,문,윤석열,문형배,한덕수,강승규,이재명",논평,"헌법재판소,국가정보원,더불어민주당,집권여,헌재,국민의힘","팩트,문형배,인신공격,국민,국민,허위정보,가짜뉴스,근거,문형배,헌법,재판소장,권한,대행,사퇴,촉구,논평,수정,대행,헌법재판소,몰두,사고,박민영,대변인,논평,대행,졸업,고교,동창,활동,인터넷,카페,게시,성착취물,대행,댓글,주장,조작,사진,온라인상,유통,허위정보,집권,여당,대변인,입장,공식,논평,작성,확인,기초,사실,카페,인터넷,불법,음란물,게시,사실,대행,해킹,가능,포함,경찰,적극,요청,국민의힘,음란물,묵인,방조,책임,사퇴,대행,요구,무리,트집,진보성향,대행,공격,권성동,원내,대표,5년,모친,빈소,정도,대표,절친,주장,조문,조의금,헌재,반박,번복,국민,대행,형사처벌,김기현,의원,겁박,와중,강승규,의원,대행,탄핵심판,윤석열,대통령,탄핵,심판,의무,국가,공무원,성실,정치,중립,탄핵소추안,국민의힘,조장,극우,보수,진영,공격,대행,인터넷,연락처,대행,공개,협박,문자,사회,추락,걱정,국민,헌재,신뢰,자락,탄핵,불복,조기,대선,활용,심산,집권여당,국가,무책임,처사,헌재,중단,탄핵,심판,결과,겸허,헌재,대통령,신청,기각,한덕수,국무총리,홍장원,국가,정보원,증인,추가,채택,변론,기일,20일,대통령,탄핵,심판,신속성,요구,인식,절차,흠결,시비,만전","문형배,대변인,국민의힘,탄핵심판,집권여당,음란물,윤석열,권성동,허위정보,더불어민주당,이재명,성착취물,온라,온라인상,국무총리,홍장원,한덕수,진보성향",국민의힘이 허위정보(가짜뉴스)를 근거로 문형배 헌법재판소장 권한대행 사퇴를 촉구하는 논평을 냈다가 수정했다. 문 대행과 헌법재판소 흔들기에만 몰두하다 벌어진 사고다. 박민영 대변인은 13일 논평에서 문 대행이 졸업한 고교 동창들이 활동하는 인터넷 카페에 게시된 미성년자 성착취물에 문 대행이 댓글을 달았다고 주장했으나 조작된 사진과 함께 온라인상에서 유통..,https://www.hankookilbo.com/News/Read/A2025021415580002020,
01101101.20250215001054001,20250215,한국일보,,"[사설] '500명 수거처리' '3선개헌' 노상원 메모, 수사로 확인해야",정치>국회_정당, 정치>청와대, 정치>북한,,,,"윤석열,노","비상계엄,북한","정부,공소사,방첩사령부,희망사,검찰,군부,정보사령관,선거관리위원회","수거,처리,3선,개헌,노상원,메모,수사,확인,노상원,정보사령관,수첩,노상원,메모,충격적,윤석열,대통령,반대,500명,분야,인사,수거,체포,처리,처형,유도,북한,공격,계획,장기,집권,내란,외환,혐의,대목,확인,사실,모의,실행,철저,수사,언론,보도,메모,사령관,체포,대상,A급,D급,분류,A급,문재인,이재명,조국,이준석,임종석,이름,포함,대통령,갈등,대통령,비판,수첩,북방한계선,NLL,유도,공격,문구,북한,공격,유도,비상계엄,구실,아이디어,대통령,장기,집권,획책,개헌,국회의원,축소,국민,출국,조치,기본,제한,언급,메모,사령관,개인적,정부,관계자,연계,공모,확인,검찰,파편적,사령관,진술,거부,공소사실,제외,비상계엄,사령관,위상,단순,예비역,장성,군부,영향력,행사,거물,현직,정보,사령관,햄버거집,지시,방첩,사령부,간부,연락,확보,선거,관리,위원회,전산실,재촉,민간인,신분,비화폰,사용,의혹,노상원,메모,주술,심취,평소,행동,개인,희망,사항,포함,실제,예비,실행,단계,헌정,유린,내란,특검,출범,가능,특검,시작,외환,북한,공격,유도,당장,검찰,수사,확인,개인,구상,정부,지시,동조,세력","사령관,노상원,전산실,임종석,비상계엄,문재인,이준석,3선,정보사령관,한계선,장성,영향력,예비역,a급,비화폰,민간인,공소사실,이재명","노상원 전 정보사령관의 수첩(‘노상원 메모’) 내용이 충격적이다. 윤석열 대통령에 반대하는 각 분야 인사 500명을 ‘수거’(체포)해 ‘처리’(처형)한다는 내용이 담겼다. 북한 공격 유도, 장기 집권 계획 등 내란 외환 혐의로 볼 수 있는 대목도 확인됐다. 어디까지가 사실인지, 모의나 실행으로 이어지진 않았는지 철저한 수사가 필요하다.
언론에 보도된 메..",https://www.hankookilbo.com/News/Read/A2025021414420000739,
01100401.20250215233133001,20250215,동아일보,,[사설]“아무리 거짓말을 해도 부하들은 다 안다”,정치>국회_정당, 정치>청와대,,,,,"유일한,이,이진우,홍장원,곽종근,윤석열,조성현,김용현",12·3 비상계엄,"헌법재판소,국가정보원,경찰청장,국방부,방첩사,국회,헌재,수방사,비상계엄,수도방위사령부,전투통제실","거짓말,부하들,12,출동,제1경비단장,조성현,수도,방위,사령부,경비단장,헌법,재판소,윤석열,대통령,탄핵,재판,이진우,수방,사령관,국회의원,지시,증언,단장,대통령,자신,진술,허위,의인,1경비단장,부하,지휘관,거짓말,부하들,거짓말,생각,단장,헌재,직권,채택,유일,증인,국회,투입,행위,주장,대통령,질서,유지,차원,입법부,무력,비상계엄,위헌,불법성,판단,헌재,그간,대통령,그간,대통령,의원,요원,주장,수방사령관,형사재판,상황,현장,지휘관,증언,진실,중요,단장,지시,내부,국회,본청,의원,증언,단장,지시,사령관,전화,역할,단독,재고,요청,유혈,사태,초래,지시,실행,현장,군인들,판단,작용,대목,대통령,그간,계엄,시간,짜리,경고,의원,정치인,체포,지시,주장,의원,지시,증언,단장,출동,군인들,곽종근,특수전사령관,전투,통제실,마이크,예하,인원,예하,라이브,생방송,정치인,체포자,명단,대통령,홍장원,증언,국가,정보원,신뢰성,자체,부정,방첩사령관,명단,전달,사람,차장,경찰청장,방첩사,관계자,이름,인원,일치,김용현,국방부,장관,포고령,위반,대상자,사실,인정,대통령,자신,혐의들,호수,그림자,뒷다리,이야기,자신,유리,증언자,영어,칭찬,사람,이중,태도,지시,지시,부인,계엄,그날,진실","사령관,비상계엄,그간,조성현,예하,정치인,거짓말,지휘관,입법부,윤석열,군인들,이진우,수방사령관,포고령,경비단장,국방부,사령부,방첩사,신뢰성,대상자,경찰청장,김용현,관계자,증언자,뒷다리,방첩사령관",12 3 비상계엄 당시 국회에 출동했던 조성현 수도방위사령부 제1경비단장이 13일 헌법재판소의 윤석열 대통령 탄핵 재판에서 “이진우 수방사령관으로부터 국회의원을 끌어내라는 지시를 받았다”고 증언했다. 조 단장은 윤 대통령 측이 자신의 진술을 허위로 몰아가는 데 대해 “저는 의인이 아니다. 1경비단장으로서 제 부하의 지휘관이다. 제가 아무리 거짓말을 해도..,https://www.donga.com/news/Opinion/article/all/20250214/131035956/2,
01100101.20250214183051001,20250214,경향신문,,"[사설]한국 콕 집은 트럼프 상호관세, 여야정 합심해 총력 대응해야",경제>무역, 정치>외교, 국제>미국_북미,,,,"러트닉,조태열,트럼프,마코,도널드 트럼프,최상목","하워드,독일,미국,일본,중국,루비오,미,한국","EU,미국,일대일로,정부,인도,백악관,타깃,한국,유럽연합(","한국,한국,트럼프,상호,관세,여야정,합심,총력,대응,대통령,도널드,트럼프,13일,현지시간,상대국,세계,무역,예외,상호관세,부과,행정명령,서명,4월,방안,국가,대응,마련,상호관세,적용,한국,미국,자유무역협정,FTA,체결,품목,대미,수출입,적용,미국,장벽,한국,상호주의,교역,위배,사례,지목,영향,상호관세,특정,상품,상대국,관세율,트럼프,관세,보조금,부가가치세,장벽,환율,정책,종합,검토,상호관세,부과,미국,무역적자,원인,판단,정책,규제,하워드,러트닉,상무,장관,후보자,상호관세,국가별,일대일,각국별,협상,4월,상호,관세,부과,시작,한국,미국,상품,관세,철폐,FTA,체결,상태,상호관세,부과,근거,장벽,당국자,백악관,고위,중국,경쟁자,유럽연합,EU,일본,한국,동맹,상관,이용,한국,특정,언급,한국,기준,9번,대미,무역,흑자국,미국,한국,자동차,안전,환경,규제,규제,온라인,플랫폼,기업,독과점,의약품,가격,환율,정책,타깃,상호관세,압박,가능성,거론,트럼프,철강,알루미늄,수입품,25%,관세,적용,주력,수출품,자동차,반도체,관세,폭탄,예고,트럼프,관세,전쟁,본격화,각국,비상,일본,인도,트럼프,정상회담,미국,에너지,수입,확대,제시,협상,EU,미국,조치,반발,물밑,미국,설득,분주,한국,윤석열,내란,탄핵,정국,국가,리더십,부재,트럼프,통상압박,본격화,권한대행,최상목,대통령,권한,대행,트럼프,대통령,전화통화,상황,조태열,외교,장관,독일,마코,루비오,국무,장관,회담,한국,입장,한국,전달,뮌헨안보회의,계기,만남,대화,관계부처,수립,대책,토대,정부,여야,합심,총력,대응,통상전략,여야정,특별,기구,방안,검토","한국,미국,상호관세,여야정,국가별,각국,자동차,본격화,일본,후보자,상대국,조태열,루비오,마코,독과점,독일,러트닉,백악관,수입품,하워드,최상목","도널드 트럼프 대통령이 13일(현지시간) 세계 무역 상대국에 예외 없이 상호관세를 부과하는 행정명령에 서명했다. 그러면서 오는 4월1일까지 국가별 대응 방안을 마련해 상호관세를 적용하겠다고 했다. 한국은 미국과 자유무역협정(FTA)을 체결해 대미 수출입 품목에 대해 대부분 무관세를 적용받고 있다. 하지만 미국이 비관세 장벽을 고려키로 한 데다, 한국을 ..",https://www.khan.co.kr/article/202502141830001,
01101001.20250214183009001,20250214,한겨레,한겨레,"[사설] 계엄 전날 당일 국정원장과 문자 나눈 김건희, 내란 공모 수사해야",정치>국회_정당, 정치>청와대, 정치>외교,,,,"김,조,김봉식,윤석열,한동훈,윤건영,이상하","서울,삼청동,비상계엄","국정원장,서울경찰청장,국가정보원,더불어민주당,여사,국회,대리인단,국민의힘","계엄,당일,국정원장,문자,김건희,공모,수사,김건희,여사,조태용,국가,정보원장,12,당일,문자,메시지,사실,공직자,대통령,배우자,정보기관,수장,연락,사실,자체,여사,연루,가능,광범위,여부,국정,개입,수사,원장,여사,연락,사실,13일,윤석열,대통령,탄핵,심판,변론,기일,증인,신문,공개,국회,대리인단,증인,원장,비상계엄,비상계엄,대통령,영부인,문자,메시지,그날,답장,다음날,12월,답장,메시지,연락,사실,자체,인정,국회,대리인단,계엄,당일,영부인,문자,국정원장,영부인,문자,물음,여사,의혹,그간,각종,국정,개입,12,직접적,연루,의혹,대통령,비상계엄,국무,회의,계획,계엄,선포,와이프,와이프,언급,국정원장,비상계엄,직전,연락,사실,확인,계엄,준비,여사,역할,의구심,제기,원장,3월,4월,대통령,비상,대권,언급,모임,서울,삼청동,대통령,안가,참석자,야당,여사,연루,가능,의심,원장,여사,연락,이날,소통,짐작,여사,원장,연락,보장,여사,개입,그간,공천,국정,전반,영향력,행사,의혹,총선,1월,한동훈,국민,한동훈,비상대책위원장,5차례,텔레그램,문자,사실,의원,윤건영,더불어민주당,여사,공직자,지급,비화폰,폭로,대통령,비상계엄,선포,가정사,언급,사실,김봉식,서울경찰청,증인,신문,공개,획책,여사,실제,개입,민간인,대통령,배우자,정보기관,수장,연락,의혹,국정,개입,국민,의구심,철저,수사,규명","비상계엄,영부인,의구심,그간,국정원장,한동훈,공직자,김건희,조태용,서울,윤석열,윤건영,더불어민주당,대리인단,와이프","김건희 여사와 조태용 국가정보원장이 12 3 내란사태 전날과 당일 문자메시지를 주고받은 사실이 드러났다. 공직자도 아닌 대통령 배우자가 정보기관 수장과 연락을 주고받았다는 사실 자체가 놀랍다. 김 여사의 내란 연루 가능성은 물론 광범위한 국정 개입 여부를 수사를 통해 밝혀내야 한다.
조 원장과 김 여사가 연락을 주고받은 사실은 지난 13일 열린 윤석열 ..",http://www.hani.co.kr/arti/opinion/editorial/1182564.html,
01100101.20250214182959001,20250214,경향신문,구혜영 논설위원 koohy@kyunghyang.com,"[사설] ‘문재인 유시민 등 500명 체포 제거’, 충격적인 노상원 메모 진상 밝혀야",정치>청와대, 정치>국회_정당, 국제>미국_북미,범죄>범죄일반>유괴/납치,,,"홍장원,문재인,윤석열,이준석,김어준,조성현,유창훈,차범근,박정훈,조국,노상원,유시민,이재명,김제동,김용현","연평도,북한","북,동원,민주당,검찰,조국혁신당,개혁신당,정보사령관,국방장관,한겨레,국정원,MBC,망상,노무현재단,방첩사,해병대,수도방위사령부","문재인,유시민,체포,제거,충격적,진상,노상원,메모,12,내란,혐의,구속기소,노상원,정보사령관,수첩,문재인,대통령,이준석,개혁,의원,유시민,노무현재단,이사장,다수,인사,체포,대상,검찰,확보,70쪽,수첩,노상원,D급,분류,수거,대상,체포,감금,제거,계획,의미,표현들,포함,생각,충격적,정도,검찰,철저,수사,수첩,불법,계엄,연관성,규명,MBC,한겨레,보도,노상원,수첩,수집,수거,대상,처리,방안,사살,문구,수거,여의도,언론,100~200,언론,100~200,표현,등장,체포,대상자,명단,대표,이재명,민주당,조국,조국혁신당,대표,이준석,의원,야당,정치인,포함,방첩사,정치인,체포,명단,대표,이재명,구속영장,기각,유창훈,판사,방송인,김어준,김제동씨,차범근,축구감독,대령,해병수사단장,메모,해병대,박정훈,대령,지목,경악,이송,막사,사용,잠자리,폭발물,확인,사살,체포,대상자,제거,구체적,방법,시사,표현들,메모,대상,체포,간첩죄,연평도,접경지대,수용,이송,사고,처리,추정,NLL,인근,유도,표현,정적,제거,북한,구상,비상계엄,후속,조치,집권,구상,방안,개정,후계자,지목,표현,등장,불법,계엄,정적,제거,개헌,장기,집권,민주주,말살,시나리오,일각,노상원,개인,망상,수첩,신빙성,반응,수첩,메모,대통령,윤석열,내란,세력,공식,단정,노상원,김용현,국방장관,소통,내란,모의,계엄,당일,현직,군인,지시,북파공작,HID,동원,내란,핵심,역할,인물,김용현,장관,노상원,지시,지시,부하들,정황,수첩,메모,단순,개인,생각,치부,사안,경위,메모,작성,철저,수사,지시,정치인,체포,12,위법성,핵심,쟁점,홍장원,국정원,차장,메모,경비단장,조성현,수도,방위,사령부,구체적,진술,노상원,수첩,계획,정치인,체포,방증,윤석열,탄핵,사유","노상원,정치인,이재명,조성현,김용현,여의도,유시민,윤석열,이준석,대상자,비상계엄,폭발물","12 3 불법 계엄과 관련한 내란 혐의로 구속기소된 노상원 전 정보사령관의 수첩에 문재인 전 대통령, 이준석 개혁신당 의원, 유시민 전 노무현재단 이사장 등 다수의 야권 인사들이 체포 대상으로 적혀 있었던 것으로 나타났다. 검찰이 확보한 70쪽 짜리 수첩엔 노상원이 A~D급으로 분류한 ‘수거 대상’이 적혀 있고,이들을 체포한 뒤 감금 제거할 계획을 의미..",https://www.khan.co.kr/article/202502141829001,
01101001.20250214182008001,20250214,한겨레,한겨레,"[사설] ‘500명 수거, 사살’ 노상원 수첩, 도대체 어떤 세상을 노린 건가",정치>청와대, 국제>러시아, 국제>중남미,범죄>범죄일반>살인,,,"김,조지호,김철진,홍장원,문재인,윤석열,김 전,박정훈,차범근,노상원,여인형,노,유시민,문상호,김제동,김용현","망상,중국,북한","북,중국,검찰,국가정보원,경찰,국방부,정보사령관,정보사령부,한겨레,NLL,아군,경찰청장,축구대표팀","수거,사살,수첩,세상,건가,12,모의,실행,혐의,구속기소,노상원,정보사령관,수첩,상상,잔인,계획들,포함,정도,충격적,계획,모의,실제,정도,실행,철저,진상,규명,한겨레,확보,70쪽,수첩,수거,여의도,언론,100~200,언론,100~200,어용판사,500여명,수집,대상,적시,홍장원,국가,정보원,조지호,경찰청장,계엄,계엄,체포,명단,일치,문재인,대통령,유시민,작가,박정훈,해병대,수사단장,방송인,김제동,차범근,축구,대표,감독,이름,충격적,수집소,수용,살해,계획,막사,사용,잠자리,폭발물,확인,사살,교도소,한곳,통째,수감,음식물,급수,화학약품,사용,대목,생각,천인공노,내란,세력,척결,세력,계엄,중국,부정,선거,개입,음모론,제기,정작,목적,달성,북한,중국,이용,계획,수첩,아군,내국인,사용,수사,외부,중국,용역업체,활용,방안,북한,접촉,보안대책,접촉,보안,대책,엔엘엘,NLL,인근,공격,유도,격침,나포,직전,방안,대목,집권,구상,방안,후계자,무력,장기,집권,정황,수첩,사령관,개인,망상,치부,사령관,경찰,조사,김용현,국방부,장관,대로,진술,여인형,방첩사령관,체포,명단,장관,하달,윤석열,대통령,평소,사석,부정적,평가,인물들,검찰,진술,계엄,이틀,햄버거,정보,사령부,간부,계엄,작전,계엄,모의,사령관,9월,계엄,당일,공관,국방부,장관,22차례,방문,내란,개입,정황,공소장,대통령,장관,문상호,정보,사령관,노상원,장군,지시,장관,수행,김철진,군사,보좌관,계엄,실패,장관,상원,통화,검찰,진술,민간인,사령관,계엄,개입,생명,위협,계획,규명,만큼,진상,사령관,계엄,중요,역할,부여,수첩,잔인,계획,모의,계획,실제,계엄,실행,단계,정도,진척,철저,조사,진행,검경,수사,대목,특검","사령관,노상원,중국,국방부,여의도,방송인,김철진,나포,폭발물,정보사령관,문상호,만큼","12 3 내란을 모의 실행한 혐의로 구속기소된 노상원 전 정보사령관의 수첩에는 상상 이상의 잔인하고 끔찍한 계획들이 포함돼 있는 것으로 드러났다. 입을 다물 수 없을 정도로 충격적이다. 이런 계획을 함께 모의한 게 누구인지, 실제 어느 정도로 실행에 옮길 셈이었는지 철저한 진상 규명이 이뤄져야 한다.
한겨레가 확보한 70쪽짜리 ‘노상원 수첩’에는 “여의..",http://www.hani.co.kr/arti/opinion/editorial/1182560.html,
01100901.20250214003538001,20250214,중앙일보,,[사설] 헌재는 헌정질서 최후의 보루 ‘흠집’도 ‘흠결’도 안 된다,정치>청와대, 정치>국회_정당,,범죄>성범죄>음란물, 범죄>범죄일반>폭행,,"윤,정형식,홍장원,이진우,윤석열,문형배,한덕수,조성현,안중근","일본,평의,한국","공소사,헌법재판소,검찰,현대,헌재,국회,국정원,대리인단,수도방위사령부,공산","헌재,헌정,질서,최후,보루,흠집,흠결,지정,변론,기일,마무리,대통령,반발,역사,판단,헌법,질서,신뢰,회복,지혜,헌법재판소,윤석열,대통령,탄핵,심판,사건,차례,지정,변론,기일,마무리,변론기일,18일,한덕수,국무총리,홍장원,국정원,여부,증인,채택,평의,대통령,일정,최후,변론,확정,헌재,결정,법조,한국,현대사,변곡점,역사,판단,순간,시점,헌재,공세,대통령,탄핵심판,대리인단,중대,결심,헌재,대통령,증인,신청,기각,검찰,조서,증거,채택,대통령,방어권,보장,불만,현직,검사장,일본,일제,치하,재판관,안중근,의사,주장,경청,헌재,비판,논란,지지자들,대통령,지지자,권한대행,문형배,헌법,재판소장,권한,대행,고교,동창,온라인,카페,음란물,게시,경찰,고발,탄핵심판,청구인,국회,피청구인,대통령,주장,대립,본질,곤란,재판,제1경비단장,조성현,수도,방위,사령부,경비단장,이진우,사령관,국회,본청,내부,진입,의원들,지시,증언,사령관,답변,거부,검찰,공소사실,부합,진술,대통령,단장,진술,앞뒤,반발,재판관,맥락,진술,지적,정치인,체포,진술,신빙성,논란,홍장원,국정원,대통령,정치,중립,취지,주장,변론,막바지,지엽적,사실관계,침소봉대,근거,헌재,흠집,주장,속출,공산,헌재,결정,승복,혼란,수습,빌미,위험요소,헌재,탄핵심판,제기,불만,최소화,각고,노력,충격적,12,발발,폭로,시시각각,증언,시각,판단,사회갈등,후유증,나라,존망,재판,단위,제한,대통령,반발,헌재,협박,대중,폭력,대처,선동,국회,국회,주장,사이,균형,회복,헌법,질서,헌법재판관들,지혜","재판관,탄핵심판,조성현,사령관,문형배,국정원,홍장원,변론기일,후유증","━
 8차례 지정 변론기일 마무리, 윤 대통령 측 반발 계속 
 
 ━
 역사적 판단 앞두고 헌법질서 신뢰 회복 지혜 모아야 
 헌법재판소가 윤석열 대통령의 탄핵심판 사건에 대한 여덟 차례의 지정 변론기일을 어제 마무리하고 추가 변론기일을 18일로 잡았다. 오늘은 한덕수 국무총리와 홍장원 전 국정원 1차장 등 증인 채택 여부에 대한 평의를 연다. 윤 대..",https://www.joongang.co.kr/article/25313923,
01100801.20250214001542001,20250214,조선일보,조선일보,"[사설] 민주당은 감사원 농단, 헌재는 재판 방치",정치>행정_자치, 정치>청와대, 정치>국회_정당,,,,"오세훈,이,윤석열,이재명","대통령 관,장악,서울시","감사원장,민주당,헌법재판소,방송통신위,윤 정부,장악,감사원,헌재,국회,농단","민주당,감사원,농단,헌재,재판,방치,민주당,헌정,사상,최재해,감사원장,탄핵소추,윤석열,대통령,사태,계엄,선포,중요,헌법재판소,감사원장,탄핵,소추,69일,심리,감사원장,탄핵,소추,민주당,탄핵소추,정략성,헌재,방치,헌재,12일,변론,감사원장,탄핵,심판,69일,변론,종료,변론,3시간,민주당,탄핵소추,부실,변론,헌재,탄핵소추,특정,민주당,부실,감사원장,탄핵,감사원,대행,체제,헌재,탄핵심판,대통령,신속,심리,진행,감사원장,탄핵,계획,감사원,연간,감사,국회,29건,감사,요구,포함,예년,정도,국회,의결,감사,요구,감사원,감사,제도,여야,합의,감사,요구,국회,장악,민주당,11월,감사,요구,단독,결의,감사원,기관,민주당,하부,민주당,감사,요구,정부,오세훈,시장,서울시,민주당,비판,공무원들,감사,대통령,관저,감사,사안,민주당,결과,감사,민주당,이진숙,방송통신,위원장,정치,중립,의무,위반,감사,요구,위원장,탄핵소추,직무,정지,민주당,비판,이재명,대표,수사,검사들,연쇄,탄핵,민주당,반발,집단,성명,검사들,감사,요구,정도,국회,이용,국정,농단,민주당,한편,감사원,특수활동비,특정업무경비,삭감,감사원,성과,특정사안,감사,예년,절반,감사원,손발,자신,정략,감사,리스크,대표,사법,민주당,국회,장악,난맥,국정,현장","민주당,감사원,감사원장,탄핵소추,위원장,탄핵심판,검사들,이진숙,헌법재판소,활동비,오세훈,최재해,공무원들,특정업무경비,재판소,특수활동비","민주당은 지난해 12월 5일 헌정 사상 처음 최재해 감사원장을 탄핵소추했다. 윤석열 대통령은 이 사태를 계엄 선포의 한 이유로 밝히고 있다. 이처럼 중요한 문제인데 헌법재판소는 감사원장 탄핵소추 후 69일 동안 심리를 하지 않았다. 감사원장 탄핵소추도 민주당의 다른 탄핵소추와 마찬가지로 정략성이 짙었지만 헌재는 이를 거의 방치해 놓고 있었다. 
 
그러..",https://www.chosun.com/opinion/editorial/2025/02/14/P5OXWT4KGZH6HJDKB2HJJZXTDI/?utm_source=bigkinds&utm_medium=original&utm_campaign=news,
01101101.20250214001016002,20250214,한국일보,,"[사설] 군함 건조 급한 미국, K조선 기회 살리길",국제>미국_북미, 정치>외교,,,,,"윤석열,도널드 트럼프","지평,미국,일본,중국,함정,미,조선","K조선,미국,일대일로,한미 동맹,중국,해군,한미,한국,주한미군,미군,정부,조선소,북대서양조약기구,공화당,해안경비대","군함,건조,미국,기회,상원의원들,미국,공화당,상원,의원,해군,함정,동맹국,건조,허용,해군,해안경비대,준비,태세,보장법,발의,미국,1965년,미군,선박,부품,미국,조선소,미국인,고용,강제,법안,미국,상호방위조약,국가,북대서양조약기구,회원국,건조,해군,함정,우리나라,군함,건조,시장,진출,미국,60년,중국,일대일,육상,해상,실크,로드,전략,해양,패권,견제,동맹국,중국,함정,350척,미국,293척,추월,미국,연간,선박,건조,능력,10만,톤수,중국,2,325만,비교,조선업,생태,격차,미국,도움,시장,기회,동맹국,군함,예산,우리나라,일본,미국,2054년,1조,달러,1,500조,364척,신규,군함,건조,계획,대통령,도널드,트럼프,당선,당선,윤석열,대통령,통화,협력,한미,조선,강조,염두,포석,법안,통과,만큼,신중,접근,2021년,법안,발의,조선소,지역구,반대,통과,한국,군함,껍데기,단순,하청,전락,경계,국익,극대화,정부,차원,외교력,총동원,한편,민관,팀코리아,한미,동맹,안보,경제,반도체,원전,조선,확대,지평,관세,주한,미군,방위비,분담금,압박,지렛대,협상,카드,활용,금상첨화","미국,중국,동맹국,조선,한미,보장법,미군,조선소,우리나라,조선업,방위비,윤석열,공화당,도널드,극대화,외교력,총동원,반도체,경비대,북대서양조약기구,지렛대,1조,팀코리아",미국 공화당 상원의원들이 해군 함정을 동맹국에서 건조하는 걸 허용하는 ‘해군 해안경비대 준비태세 보장법’을 발의했다. 미국은 1965년부터 미군 선박과 주요 부품은 반드시 미국 내 조선소에서 미국인을 고용해 만들도록 법으로 강제했다. 그러나 새 법안엔 “미국이 상호방위조약을 맺은 국가 또는 북대서양조약기구 회원국에 해군 함정 건조를 맡길 수 있다”는 내..,https://www.hankookilbo.com/News/Read/A2025021315400003036,
01100101.20250213190808001,20250213,경향신문,,"[사설] 윤석열이 안중근인가, 일제 순사보다 못한 현직 검사장",국제>일본, 정치>정치일반, 국제>중국,,,,"이,이진우,윤석열,안,이영림,이토 히로부미,조성현,안중근","일본,일제,한,동도독부","검찰,국회,지방법원,수방사,법원,헌법재판소,일제,헌재,법무부,재판부,춘천지검장,동아일보,사법부,국민의힘","윤석열,안중근,일제,순사,현직,검사장,이영림,춘천지검장,검찰,내부망,이프로스,일본,일제,치하,재판관,헌재,제목,안중근,의사,암살,이토,히로부미,재판,최후,진술,사례,언급,일제,재판부,의사,주장,경청,헌법,재판소,공정,지검장,절차,존중,여유,헌재,재판관,태도,일본,일제,치하,재판관,생각,헌재,반헌법적,불법적,행위,국민,판단,대상,헌재,겁박,지검장,궤변,망언,분노,현직,지검장,가치,판단,수준,역사,인식,일제,강점기,순사,일제,원흉,사살,자신,책임,독립운동가,처벌,책임,부하들,거짓말,면피,수괴,동급,자체,어불성설,지검장,주장,사실,동아일보,보도,윤석열,헌재,탄핵,심판,변론,1만,발언,군인,시민,폭행,상황,윤석열,육성,일본,법원,의사,재판,공정,전형,일제,논리,의사,지방법원,일본,관동,도독부,지방,법원,14일,6회,재판,재판,의사,판사,일본인,검사,일본인,변호사,일본인,통역관,일본인,방청인,일본인,벙어리,연설회,귀머거리,방청,설명,불만,토로,정도,형식적,진행,공판,마지막,일제,각본,사형,선고,탄핵심판,막바지,윤석열,결정,중대,운운,헌재,공격,윤석열,옥중정치,대행,국민,헌재,골몰,변론,이날,제1경비단장,조성현,수방사,경비단장,이진우,수방사령관,국회,의원들,지시,증거,증언,윤석열,내란,헌법,위반,시민들,12월,뜬눈,사태,목격,공무원,정치,중립,위반,법치주의,공격,일제,사법부,찬양,지검장,응분,책임,법무부,지검장,감찰","지검장,윤석열,일본,일본인,이프로스,탄핵심판,재판관,안중근,수방사,조성현,히로부미,이토",이영림 춘천지검장이 12일 검찰 내부망 이프로스에 ‘일제 치하 일본인 재판관보다 못한 헌재를 보며’라는 제목의 글을 올렸다. 그는 안중근 의사가 이토 히로부미 암살로 재판받을 당시 1시간30분 최후 진술했던 사례를 언급하면서 “(일제) 재판부는 안 의사가 스스로 ‘할 말을 다 하였으니 더 이상 할 말이 없다’고 할 때까지 주장을 경청했다”며 헌법재판소 ..,https://www.khan.co.kr/article/202502131907001,
01101001.20250213190006002,20250213,한겨레,한겨레,"[사설] 궤변 거짓말 얼룩진 탄핵심판, 헌재 이젠 결단 내려야",정치>청와대, 정치>국회_정당, 정치>행정_자치,,,,"이,윤,이진우,홍장원,곽종근,윤석열,조성현",망상,"중앙선거관리위원회,서울경찰청장,유일,헌법재판소,국가정보원,12·3 비상계엄,헌재,국회,수방사,비상계엄,수도방위사령부,국정원","궤변,거짓말,탄핵심판,헌재,이젠,윤석열,대통령,탄핵,심판,변론,진행,헌법재판소,변론,주장,입증,정리,기회,변론,절차,마무리,단계,그동안,판단,근거,제시,변론기일,추가,대통령,궤변뿐,헌재,이날,헌재,유일,직권,증인,채택,1경비,조성현,수도,방위,사령부,단장,12월,수도방위사령관,자정,이진우,수도,방위,사령관,내부,국회,본청,진입,국회의원들,외부,지시,사실,재판관,질문,내부,의원들,증언,사령관,증언,거부,지시,부하,인정,곽종근,특수전사령관,일관,증언,현장,투입,수방사,지휘관,증언,만큼,의원,지시,부인,사실,변론,그동안,헌재,계엄,요인,계엄,체포,시도,뒷받침,증언,대통령,계엄,주장,부정선거설,증언,비상계엄,위헌,위법성,수반,각종,불법,행위,물증,증언,대통령,거짓말,궤변,국민,헌재,농락,대통령,이날,홍장원,국가,정보원,통화,격려,전화,생각,계엄,선포,당일,국정원,차장,통화,국회,봉쇄,김봉식,서울경찰청장,칭찬,망발,변론,대통령,계엄령,계몽령,의원,요원,말장난,실제,발언,계엄,설명,국회,연설,박수,부정선거론,계엄,선포,자초,자신,탄핵,탄핵,공작,운운,망상,궤변,12,전시,사변,헌법,규정,요건,위헌,계엄,무장,군인들,국회,중앙선거관리위원회,침탈,경찰,국회,봉쇄,현장,국민,탄핵심판,위헌,불법,대통령,대통령직,수행,여부,판단,절차,판단,근거,내란,사태,매듭,외교,안보,경제,다방면,위기,나라,대통령,신속,파면,나라,국민","그동안,사령관,비상계엄,탄핵심판,조성현,이진우,수도방위사령관,의원들,만큼,윤석열,거짓말,국정원,곽종근,서울경찰청,서울경찰청장,다방면,국회의원들,특수전사령관,국회의원,위원회,말장난,사령부,정보원","13일 윤석열 대통령 탄핵심판 8차 변론을 진행한 헌법재판소가 “오는 18일 9차 변론을 열고 지금까지의 주장과 입증을 정리할 기회를 주겠다”고 밝혔다. 변론 절차가 마무리 단계에 들어선 것이다. 그동안 윤 대통령 탄핵 필요성을 판단할 근거는 충분히 제시됐다. 변론기일마다 추가되는 건 윤 대통령의 궤변뿐이었다. 헌재는 이제 결론을 내려야 한다.
이날 헌..",http://www.hani.co.kr/arti/opinion/editorial/1182353.html,
01101001.20250213182012001,20250213,한겨레,한겨레,[사설]‘탄핵 공작’ 주장에 ‘민주당 기획설’로 떠받치는 권영세,정치>국회_정당, 정치>청와대, 정치>행정_자치,,,,"권영세,조지호,윤,홍장원,이진우,윤석열,권,김병주,성일종,곽종근,여인형,박범계,박선원",내란,"민주당,김대우,헌법재판소,불공정,국가정보원,경찰청장,더불어민주당,방첩사,커넥,헌재,국민의힘","탄핵,공작,주장,민주당,기획설,권영세,권영세,국민,비상대책위원장,12,곽종근,특수전사령관,홍장원,국가,정보원,증언,더불어민주당,기획설,제기,윤석열,대통령,탄핵,공작설,주장,무책임,탄핵심판,비대,13일,주장,핵심,사령관,차장,민주당,사람,증언,객관적,사실,민주당,커넥션,기획설,의심,합리적,판단,주장,사람,폭로,김병주,박범계,박선원,민주당,의원,접촉,회유,성일종,국민의힘,의원,주장,언론,보도,거론,기획설,주장,사령관,차장,민주당,회유,의혹,제기,불순,사람,대통령,계엄,선포,문짝,도끼,기회,지시,일관,진술,인물들,기관,발언,표현,미세,수정,대통령,국회,계엄령,해제,요구,가결,저지,정치인,체포,지시,본질,여인형,방첩사령관,김대우,방첩사,수사단장,이진우,수도방위사령관,조지호,경찰청장,관계자들,수사기관,국회,진술,일치,국민,민주당,사이,핵심,증인,거대,조작,음모론,대통령,변론,헌법,재판소,12월,홍장원,공작,곽종근,특전사령관,출연,김병주,티브이,내란,프레임,탄핵,공작,시작,여당,대통령,탄핵,심판,결정,불리,증언,먹칠,헌재,결정,신뢰도,의도,헌법재판관,야당,대표,친분,정치,성향,시비,커넥션,언급,불복,헌재,결정,준비,헌재,결정,예상,분열,혼란,최소화,방안,궁리,여당,국정,국민,무책임,공작설,당장","민주당,사령관,기획설,김병주,위원장,곽종근,홍장원,공작설,무책임,탄핵심판,계엄령,성일종,권영세,최소화,이진우,관계자,수사단장,수도방위사령관,관계자들,정치인,여인형,수사기관,방첩사,경찰청장,방첩사령관","권영세 국민의힘 비상대책위원장이 12 3 내란사태에 관한 곽종근 전 특수전사령관과 홍장원 전 국가정보원 1차장의 증언을 두고 ‘더불어민주당 기획설’을 제기했다. 윤석열 대통령의 ‘탄핵 공작설’ 주장과 궤를 같이하는, 뻔뻔하고 무책임한 탄핵심판 흔들기다. 권 비대위원장은 13일 “내란 주장의 핵심인 곽 전 사령관과 홍 전 차장이 민주당과 끈끈한 관계를 맺..",http://www.hani.co.kr/arti/opinion/editorial/1182339.html,
01100901.20250213003707001,20250213,중앙일보,,[사설] 정치가 제 역할 못하니 거리가 들끓는다,정치>행정_자치, 정치>청와대,,,,,"전한길씨,이철우,박구용,교육연수원장,윤석열,이재명","부산역,광주광역시,민주광장,한국,광주,동대구역,금남로","세이브코리아,개신교,민주당,헌법재판소,더불어민주당,전남대,철학과,서울서부지법,국민의힘","정치,역할,거리,주말,광주,탄핵,찬반,집회,충돌,여당,강경파,눈치,야당,세대,논란,윤석열,대통령,탄핵,반대,개신교,단체,세이브코리아,부산역,동대구역,광주광역시,집회,개최,강기정,광주광역,시장,세력,내란,선동,자리,5,불허,금남로,집회,신고,신고,인원,1만,구심점,탄핵,반대,강사,한국사,일타,전한길씨,참여,집회,탄핵,찬성,광주비상행동,참석,인원,정치권,참여,촉구,비상행동,집단,난동,인원,세이브코리아,예상,집회,장소,인접,시간대,물리,충돌,가능성,시민들,집회,의사,표현,헌법,권리,장외,대결,형국,대통령,탄핵,여부,헌법재판소,심판,결정,광장,사람,결과,장외,의견,정치,정당,역할,정치권,여당,국민,탄핵,반대,세력,장외,강경,포획,상태,지난주,동대구역,집회,10여,소속,의원,참여,이철우,경북도,지사,선거법,저촉,자리,애국가,비상계엄,지지자,자세,더불어민주당,대표,지난주,이재명,집회,참석,독려,장외,대결,태세,한편,특정,세대,자극,시도,민주당,교육,연수원장,박구용,전남대,철학,교수,사태,서울,서부,지법,난동,청년층,가담,언급,소수,고민,고립,발언,논란,교수,교육연수원장직,사퇴,설득,비전,정책,지지층,확대,반대파,배제,생각,자리,방증,정도,심리,내전,물리,충돌,폭력,민주주의,존중,관용,승복,미덕,발휘,유지,생각,사람,집회,평화,정치권,과도,장외,대결,조장,편승,경찰,집회,만전,불법,행위,대응","세이브코리아,동대구역,비상행동,광주,정치권,민주당,강기정,애국가,이철우,일타,연수원장,전남대,한국사,박구용,광주광역시,이재명","━
 주말 광주에서 대규모 탄핵 찬반 집회 충돌 우려 
 
 ━
 여당은 강경파 눈치, 야당은 세대 갈라치기 논란 
 윤석열 대통령의 탄핵에 반대하는 개신교 단체인 세이브코리아 측이 부산역과 동대구역에 이어 15일 광주광역시에서 집회를 개최한다. 강기정 광주광역시장이 “내란 선동 세력이 들어설 자리가 없다”며 5 18 민주광장 사용을 불허하자 이들은 금..",https://www.joongang.co.kr/article/25313628,
01100801.20250213002542001,20250213,조선일보,조선일보,[사설] 李 대표 “출마 전 대법원 재판 끝내 달라” 요청해야,정치>국회_정당, 사회>사건_사고,,,,,"이,윤석열,이재명",,"민주당,재판부,대법원,법원","출마,대표,재판,요청,대표,이재명,민주당,자신,선거법,위반,사건,걱정,정리,대표,사건,징역형,선고,판결,확정,의원직,대선,출마,자신,무죄,3월,예상,선고,걱정,사건,판결,확정,5월,형사,소송법,절차,불가능,탄핵안,윤석열,대통령,탄핵,3월,인용,대선,조기,대선,자신,출마,대표,형사,소송법,절차,상고심,언급,상고심,선고일,판결,7일,상고장,상고,이유서,피고인,법원,소송,기록,접수,통지,20일,제출,법원,소송,기록,대법원,1~2주,대표,상고장,제출,상고,이유서,재판,시작,40일,가량,대표,선고,불가능,재판,지연,선고,무죄,자신,대표,그동안,재판,지연,수단,판결,소송,기록,접수,통지서,변호인,선임,추가,증인,신청,재판,얼마,재판부,선거법,허위,공표죄,헌법,위배,제청,위헌,심판,신청,노골적,재판,지연,대표,재판,지연,성공,출마,당선,사법,리스크,국가적,대통령,임기,재판,혐의,징역형,가능,예상,결과,대표,대통령직,수행,짐작,재판,지연,무리수,국정,파행,반발,역풍,대표,판결,대선,출마,자신,국민,도리,대표,상고장,제출,상고,이유서,최대,신속,선고,불가능,대법원,요청,대통령,사람,자세","대법원,이유서,징역형,불가능,상고심,선거법,통지서,윤석열,상고장,이재명,민주당,공표죄,변호인",이재명 민주당 대표가 자신의 선거법 위반 사건 2심에 대해 “아무 걱정을 하지 않는다. 빨리 정리되는 게 좋다”고 했다. 이 대표는 이 사건 1심에서 징역형을 선고받았다. 이 판결이 확정되면 의원직을 잃고 대선 출마도 하지 못한다. 그런데 자신은 무죄여서 3월로 예상되는 2심 선고를 걱정하지 않는다는 것이다. 그러면서도 이 사건의 대법원 확정 판결이 5..,https://www.chosun.com/opinion/editorial/2025/02/13/VVE5RDLF4NAOTDVWBASZVKF34Q/?utm_source=bigkinds&utm_medium=original&utm_campaign=news,
01100801.20250213002126001,20250213,조선일보,조선일보,"[사설] 근거 없이 중국발 부정선거 의혹 제기, 국익 저해",국제>중국, 정치>선거, 국제>일본,,,,윤석열,"미국,중국,한국,러시아,동북","주한미군사령부,중국,선거연수원,미군 부대,대리인단,선관위,정부,헌법재판소,유튜브,국가안보실장,비상계엄,대국,국민의힘","근거,중국발,부정,선거,의혹,제기,국익,저해,대리인단,윤석열,대통령,심판,헌법,재판소,탄핵,중국,우리나라,선거,얼마,관여,상황,야당,친중,親中,비상계엄,중국,사이버,공격,작전,수단,동시,활용,하이브리드전,전개,중국,위장,사이트,거짓,정보,선거,중국,부정,개입,주장,근거,제시,신원식,국가,안보,실장,대통령,선거연수원,계엄,당일,선거,연수원,중국인,체포,시설,미군,부대,조사,부정선거,자백,언론,보도,연일,중국,개입,의혹,주장,선관위,주한미군사령부,부인,국민,의원,집회,탄핵,찬성,중국인들,참여,근거,제시,러시아,중국,권위주,국가,외국,선거,개입,의혹,미국,제기,일반인,대통령,주변,여당,국회의원,인사들,주장,근거,제시,유튜브,제기,의혹,외국,범죄,집단,곤란,외교,비화,그동안,중국,행태,오만,자체,사드,보복,3불,강요,경제,문화,보복,압박,원칙,국제,평화,언급,극언,한국,세계,비밀,경찰서,운영,2만,사이버,부대,각종,해킹,의혹,동북,공정,김치,한복,역사,문화,왜곡,주변국,대국주의,중국,부정,인식,80%,중국,국민,정서,중국,선거,정치,개입,인사들,정부,여당,인사,주장,차원,국민,혐중,정서,정치,이용,대통령,부정,선거,증거,증거,제시,외교적,비화,국익,도움","중국,중국인,미군,인사들,부정선거,중국발,신원식,윤석열,선관위,경찰서,친중,한국,하이브리드전,親中,사드,주변국,3불",윤석열 대통령 대리인단이 헌법재판소 탄핵 심판에서 “중국이 우리나라 선거에 얼마든지 관여할 수 있는 상황에서 야당이 ‘친중(親中)’인 걸 고려하면 비상계엄이 불가피했다”고 했다. 또 “중국이 (사이버 공격 등 다양한 작전 수단을 동시에 활용하는) 하이브리드전을 전개할 수 있다” “중국이 위장 사이트를 통해 거짓 정보를 퍼뜨린다”고도 했다. 우리 선거에 ..,https://www.chosun.com/opinion/editorial/2025/02/13/23JPK2HTL5ABFLNZ3KOX7A457M/?utm_source=bigkinds&utm_medium=original&utm_campaign=news,
01100801.20250213001600001,20250213,조선일보,조선일보,[사설] 현직 검사장 “일제 재판만도 못한 헌재”,사회>사건_사고, 정치>청와대, 정치>국회_정당,,,,"윤,박근혜,윤석열,이영림,문형배,이토 히로부미,한덕수,안중근","일본,일제,한국","동원,검찰,헌재,재판부,춘천지검장,법원","현직,검사장,일제,재판,헌재,현직,검사장,이영림,춘천지검장,내부망,검찰,일본,일제,치하,재판관,헌재,제목,일제,재판,부도,안중근,의사,이토,히로부미,사살,진술,문형배,헌법,재판관,변론,증인,신문,윤석열,대통령,발언,기회,요청,묵살,한국,법원,간첩,주장,방어,보장,정치인,방면,기회,헌재,대통령,적법,절차,방어,따위,중요,헌재,탄핵심판,대통령,탄핵,심판,당사자,부인,검찰,조서,증거,대통령,불리,검찰,진술,증거,형사소송법,피고인,검찰,진술,법정,부인,증거,탄핵심판,형사소송법,준용,헌재,헌법,재판,형사,재판,증거,신빙,재판부,판단,여부,증거,능력,법률,기준,일반,재판,초시계,동원,핵심,증인,신문,90분,제한,반박,기회,봉쇄,대통령,신청,한덕수,총리,증인,신문,대통령,신청,증인,8명,채택,박근혜,대통령,탄핵,심판,변론,17차,진행,대통령,8차,재판,대통령,파면,주권자,국민,선거,결정,국가,중대사,신속,진행,공정,적법,절차,중요,결과,국민,수긍,이영림,검사장,헌재,불법,행위,국민,판단,대상,걱정,국민","탄핵심판,재판관,검사장,문형배,안중근,이영림,소송법,박근혜,형사소송법,윤석열,중대사,한국","현직 검사장인 이영림 춘천지검장이 12일 검찰 내부망에 ‘일제 치하 일본인 재판관보다 못한 헌재를 보며’라는 제목의 글을 올렸다. 그는 일제 재판부도 안중근 의사에게 이토 히로부미를 사살한 이유를 진술할 시간으로 1시간 30분을 줬는데, 문형배 헌법재판관은 6차 변론에서 증인 신문 이후 윤석열 대통령 측의 3분 발언 기회 요청을 묵살했다고 했다. “(한..",https://www.chosun.com/opinion/editorial/2025/02/13/HIVXSTN7M5EG5FAL5RK3ODETNU/?utm_source=bigkinds&utm_medium=original&utm_campaign=news,
01101101.20250213001048002,20250213,한국일보,,[사설] 탄핵심판에 검찰조서 증거 채택 시비 尹 여당 무리하다,정치>청와대, 국제>미국_북미, 국제>아시아,,,,"윤석열,권성동",,"검찰,헌법재판소,불공정,헌재,법원,국민의힘","탄핵심판,검찰,조서,증거,채택,시비,여당,무리,윤석열,대통령,여권,연일,헌법,재판소,편파성,불공정성,지적,공격,대통령,여당,헌법,기관,신뢰도,국론,분열,권성동,국민,원내대표,의원,헌재,항의방문,헌재,해석,사건,진행,편파적,불공정,주장,원내회의,헌재,무시,신뢰,불신,조장,발언,여당,신문조서,검찰,피의자,신문,조서,조서,증거,능력,헌재,탄핵심판,대통령,탄핵,심판,계엄,관계자,사령관,조서,증거,사용,부당,반발,탄핵,심판,절차,형사소송법,준용,개정,형소법,피고인,동의,조서,공범,포함,재판,증거,결국,대통령,결국,조서,계엄,관계자,동의,헌재,헌법,재판,증거,논리,대통령,주장,논리,헌재법,형소법,헌법,재판,성격,준용,규정,무죄,적정,형량,형사재판,여부,헌법,위반,헌법재판,목적,입증,수준,헌법,재판,성격,준용,여부,헌재,판단,사건,적용,원칙,사건,대통령,증거,능력,부정,특혜,논란,상황,조서,무시,주장,선고,결국,내란,사건,선고,헌재,헌재,법원,부속기관,자체적,증거능력,평가,권한,능력,보유,기관,헌재,야기,혼란,얘기,억지,공격,반복,헌재,평판,헌법기관,신뢰,도박,정권,부작용,위험,불장난","헌법재판,탄핵심판,형소법,신뢰도,헌법기관,관계자,피의자,부작용,권성동,원내대표,불공정성,형사재판,부속기관,편파성,소송법,항의방문,형사소송법,신문조서,증거능력,재판소,불공정","윤석열 대통령과 여권이 연일 헌법재판소의 ‘편파성’과 ‘불공정성’을 지적하며 거친 공격을 일삼고 있다. 대통령과 여당이 앞장서 헌법기관 신뢰도를 떨어뜨리자, 국론 분열은 더 심각해지는 중이다.
권성동 국민의힘 원내대표는 어제 의원들을 이끌고 헌재를 항의방문해 “헌재가 멋대로 법을 해석한다”면서 “사건 진행이 편파적이고 불공정하다”고 주장했다. 원내회의에..",https://www.hankookilbo.com/News/Read/A2025021214290001319,
01100401.20250213232809001,20250213,동아일보,,[사설]“시민이 軍 폭행” “박수 한번 안 쳐” “열띤 국무회의” “쪽지만 얼핏”,정치>청와대, 정치>국회_정당, 정치>외교,,,,"이,윤,이상민,윤석열","12·3 비상계엄,비상계엄","계엄군,행정안전부,소방청장,헌법재판소,군대,국회","시민,폭행,박수,국무회의,윤석열,대통령,헌법,재판소,탄핵,심판,변론,12,국회,투입,국회,경비,질서,유지,군인,시민,폭행,상황,무장,군인,국회,진입,시민,폭행,가해자,표현,대통령,계엄,선포,설명,국회,연설,박수,대화,타협,기본,박수,야당,대통령,계엄,그간,경고,내란,프레임,변명,일관,유리창,이젠,국회,군대,국민,대의,기관,유린,행위,시민,가해자,둔갑,대통령,군인,억압,공격,사실,현장,투입,군인들,현명,대처,덕분,유혈사태,초래,지시,실행,불상사,대통령,지시,자체,부인,강변,대통령,계엄,선포,책임,야당,국회,연설,야당,박수,대목,실소,역대,대통령,국회,연설,여야,박수,대통령,칭찬,비판,대상,마련,대통령직,무게,대통령,박수,생각,시절,과거,군사,독재,권위,의식,개원식,민주,이래,국회,참석,대통령,얘기,증인,이상민,행정안전부,장관,주장,상식,장관,직전,비상계엄,선포,국무회의,실질적,토론,의사,전달,참석자들,비정상,무효,주장,언론사,단전,단수,문건,종이쪽지,지시,지시,소방청장,증언,배치,주장,대통령,헌정질서,탄핵심판,궤변,억지,주장,책임,장관,대통령,자신,책임,앞뒤,사람,검사,판사,출신,법률가,현란,증언,위헌,불법,계엄,사태,본질,구차","비상계엄,탄핵심판,가해자,그간,계엄군,이젠,국무회의,참석자들,참석자,유혈사태,법률가,비정상,이상민,재판소,종이쪽지,언론사,앞뒤,행정안전부,대통령직,개원식","윤석열 대통령이 11일 헌법재판소 탄핵심판 변론에서 12 3 비상계엄 당시 계엄군의 국회 투입에 대해 “(국회) 경비, 질서 유지를 하러 간 군인이 시민에게 폭행당하는 상황이었다”고 말했다. 무장한 군인의 국회 진입을 막아선 시민을 ‘폭행 가해자’로 표현한 것이다. 윤 대통령은 또 계엄 선포 이유를 설명하면서 “(국회에) 연설하러 가면 아무리 미워도 박..",https://www.donga.com/news/Opinion/article/all/20250212/131020769/2,
01100101.20250212185721001,20250212,경향신문,,"[사설] 윤석열 부부 근처도 못 간 명태균 수사, 특검으로 밝혀야",사회>사건_사고, 정치>국회_정당, 정치>행정_자치,,,,"윤석열,김영선","창원산단,비상계엄","법사위,국회 법제사법위,검찰,창원지검,국회,대국,재보궐선거,불법 비상계엄,국민의힘","근처,윤석열,부부,명태균,수사,특검,국회,법제,사법,위원회,회의,발의,명태균,특검,법안,상정,법사위,명씨,긴급,현안,증인,채택,국민의힘,의원,반대,퇴장,명태균,게이트,정치브로커,국정,공천,인사,이권,개입,역대,권력,비리,사건,자신,수사,윤석열,하야,탄핵,명씨,정권,농단,민낯,사안,검찰,수사,윤석열,배경,비상계엄,망동,의혹,특검,국민의힘,명태균,특검,방탄,내란범,윤석열,특검법안,갈래,지방,선거,국회의원,보궐,선거,총선,명씨,공천,선거,개입,국정농단,선거,개입,윤석열,대가,여론,조사,명씨,김영선,의원,공천,거래,의혹,대표적,윤석열,대국민,담화,부인,명씨,육성,녹취록,공개,국정농단,창원산단,선정,정책,결정,개입,의혹,핵심,하나하나,정권,도덕,치명적,사안들,특검,법안,발의,의혹들,불법,비상계엄,트리거,방아쇠,주장,다수,국민,의심,명씨,수사,창원지검,11일,이달,중간,수사,결과,예정,수사,그간,검찰,진상,규명,은폐,의심,명씨,법정,지난달,검사,증거,국정,농단,핵심,황금폰,폐기,권유,폭로,검찰,윤석열,부부,명씨,280개,메시지,파일,복원,107쪽,수사보고서,작성,3개월,사실,사정,국민,검찰,수사,명씨,변호사,특검,진정,의혹,특검,포함,신신당부,국회,명태균,특검법,통과,국정,농단,의혹,규명,내란,관련성,자신,권력,비리,국가,위기,용서,국민,진실,윤석열,파면,조기,대선,치명타,특검,내란범,윤석열,탄핵,진상,명태균,게이트,역사,기록,국민,국민,역사","윤석열,명씨,명태균,국정농단,비상계엄,국민의힘,특검법안,국회의원,그간,내란범,위원회,3개월,방아쇠,107쪽,녹취록",국회 법제사법위원회가 12일 전체회의를 열고 야 6당이 발의한 ‘명태균 특검법안’을 상정했다. 법사위는 명씨를 오는 19일 긴급현안질의 증인으로도 채택했다. 국민의힘 의원들은 반대하며 퇴장했다. ‘명태균 게이트’는 정치브로커가 국정 공천 인사 이권에 개입한 역대급 권력형 비리 사건이다. “(자신을 수사하면) 한 달이면 (윤석열이) 하야하고 탄핵”이라는 ..,https://www.khan.co.kr/article/202502121856001,
01100101.20250212181647001,20250212,경향신문,,"[사설] 선관위 국정원 다 아니라는 ‘윤석열 부정선거론’, 이제 멈추라",정치>선거, 정치>국회_정당,,,,,"백,백종욱,윤석열,황교안","12·3 비상계엄,신성,한국","중국,국가정보원,더불어민주당,서울대,국정원,선관위,사법연수원,헌법재판소,유튜브,중앙선관위,헌재,법대,환구시보,국민의힘","선관위,국정원,윤석열,부정,선거,헌법,재판소,탄핵심판,대통령,윤석열,탄핵,심판,백종욱,국가,정보원,선관위,내부,침입,흔적,점검,영역,발견,차장,국정원,선관위,보안,점검,업무,인물,윤석열,자신,유리,증언,사람,차장,증인,부정선거,확인,사무총장,김용빈,선관위,부정선거,일축,총장,장소,사전,투표함,보관,CCTV,시간,공개,개표,감시,수검표,부정선거,생각,국민들,총장,윤석열,동기,서울대,법대,사법연수원장,자리,임명,국민,임명,환영,더불어민주당,비판,성명,윤석열,그간,기회,부정,선거,증거,12,선포,중앙선관위,투입,부정선거,선거,소송,검표,가짜,투표지,발견,얘기,증거,제시,탄핵심판,주장,반복,부정,선거,맹신론자,황교안,총리,대리인,영입,신성,법정,유튜브,태극기집회,얘길,증거,부정선거,주장,윤석열,제시,부정,선거,자체,존재,증명,무릎,사죄,부족,윤석열,국민,추가,조사,검증,선관위,서버,억지,중국,선거개입설,외교,비화,환구시보,중국,관영,매체,환구,시보,사설,중국,한국,선거,개입,주장,한국,극우,보수,조작,정치,희극,술수,싸구려,정치,비판,부정선거론,탄핵,심판,쟁점,확대,극우,지지,선동,헌재,결정,불복,명분,국론,분열,주변,국가,갈등,유발,부정,선거,음모,제2,내란,외환,시도,윤석열,부정선거론,주권자,예의","윤석열,선관위,부정선거,중국,탄핵심판,한국,국정원,맹신론자,비상계엄,서울대,김용빈,부정선거론,신성,유튜브,태극기집회,대리인","11일 헌법재판소에서 열린 대통령 윤석열 탄핵심판에서 백종욱 전 국가정보원 3차장이 “선관위 내부 시스템이 침입당한 흔적은 점검한 영역 내에선 발견되지 않았다”고 밝혔다. 백 전 차장은 2023년 국정원에서 선관위 보안 점검 업무를 담당한 인물이다. 윤석열은 자신에게 가장 유리한 증언을 해줄 사람으로 백 전 차장을 골라 증인으로 세웠지만, ‘부정선거가 ..",https://www.khan.co.kr/article/202502121815001,
01101001.20250212181019001,20250212,한겨레,한겨레,[사설] 윤석열 쪽 증인들도 부정한 ‘부정선거 망상 음모론’,정치>국회_정당, 정치>청와대, 정치>선거,,,,"백,신원식,윤,백종욱,윤석열,김용빈","망상,비상계엄","중국,국가정보원,국가안보실,국정원,선관위,중앙선거관리위원회,미래통합당,망상,헌법재판소,유튜브,헌재,대국,국민의힘","윤석열,증인들,윤석열,증인,부정,부정,선거,망상,음모론,우두머리,혐의,구속기소,윤석열,대통령,12,부정선거설,망상,탄핵심판,헌법,재판소,탄핵,심판,확인,증인,사무총장,김용빈,중앙,선거,관리,위원회,대통령,증인,백종욱,국가,정보원,신원식,국가,안보실장,부정,선거,주장,객관,근거,부정선거설,계엄,근거,자체,어불성설,헌재,공식,변론,총장,헌재,증언,정부,지원,선거,서버,개선,상황,부정,선거,주장,생각,부정,선거,가능,일축,선관위,보안,점검,차장,선관위,내부,침입,흔적,확인,게’,증언,대통령,12월,대국민,담화,선관위,전산,부실,국정원,보고,충격,주장,차장,보고,대통령,보고,실장,중국,가능성,선거,개입,가능,대리인,대통령,질문,답변,거부,대통령,부정선거,주장,부정,선거,동조,부정선거설,총선,미래통합당,참패,총선,국민,참패,극우,유튜브,중심,부정선거론,반복,극우,유튜브,대통령,비상계엄,선포,부정선거,어이,내란죄,혐의,구속기소,대통령,극우,지지,의식,이젠,부정선거론,설파,선거,참패,자신,원인,선거,자체,의심,망상,그동안,공식,부정선거론,거리,국민,부정선거설,편승,움직임,정략,민주주,정당,부정,행위,사회,저급,지성,논란,창피,대통령,신속,탄핵,민주주의,부정선거설","부정선거,선관위,부정선거설,윤석열,선거설,김용빈,부정선거론,가능성,탄핵심판,신원식,그동안,유튜브,민주주,구속기소,재판소,내란죄,대국민",내란 우두머리 혐의로 구속기소된 윤석열 대통령이 12 3 계엄의 이유로 들고 있는 ‘부정선거설’이 한갓 망상에 불과하다는 게 헌법재판소 탄핵심판 과정에서도 거듭 확인됐다. 지난 11일 증인으로 나선 김용빈 중앙선거관리위원회 사무총장은 물론 윤 대통령 쪽이 증인으로 세운 백종욱 전 국가정보원 3차장과 신원식 국가안보실장조차도 부정선거 주장에 선을 그었다...,http://www.hani.co.kr/arti/opinion/editorial/1182124.html,
01101001.20250212181018002,20250212,한겨레,한겨레,"국힘의 도넘는 헌재 공격, 법치주의 근간 흔든다 [사설]",정치>국회_정당, 정치>선거, 정치>청와대,,,,"원희룡,김기현,오세훈,박근혜,권성동,윤석열,문형배,권,이재명",,"민주당,탄핵소추단,헌법재판소,불공정,검찰,더불어민주당,국토교통부,헌재,재판부,일부,국민의힘","국힘,헌재,공격,법치주의,근간,사설,국민,헌법재판소,지도부,중진,주자들,잠재,대선,주자,경쟁적,헌재,훼손,비방전,가세,양상,윤석열,대통령,변론,기일,종료,13일,헌재,탄핵,심판,결정,가시화,가열,1차,헌재,결정,대표,이재명,더불어민주당,판결,공직,선거법,총공세,가능성,탄핵,인용,염두,헌재,결정,불복,분위기,조성,의구심,법치주의,근간,위협,위험,처신,권성동,국민,원내대표,12일,헌재,항의,방문,헌재,진행,각종,심판,사건,편파적,불공정,진행,주장,헌재,조서,검찰,피의자,증거능력,인정,법치,권한대행,문형배,헌법,재판소장,권한,대행,인치,차례,대행,대표,이재명,민주당,친분,인신공격,사례,제시,모친상,문상,주장,사실무근,대행,헌재,심리,공정성,흠집,악의,피의자,조서,증거,인정,대행,혼자,결정,재판관,보수,성향,포함,재판부,판단,탄핵심판,형사,소송법,규정,준용,피청구인,주장,무한정,탄핵소추단장,박근혜,탄핵,소추단장,원내,억지,탄핵,반대,눈치,극렬,지지,극단,세력,아첨,헌법,규정,기구,최종,심판,부정,민주주의,정당,자격,관심법,재판,김기현,의원,헌재,헌법도망소,원희룡,국토,교통부,장관,국민,헌재,공격,목소리,오세훈,서울,시장,헌법재판관,정치적,성향,가세,극단,주장,제어장치,국민의힘,헌재,결정,혼란,갈등,당장,헌재","피의자,이재명,문형배,재판관,탄핵심판,오세훈,재판부,윤석열,법치주의,박근혜,민주당,더불어민주당",국민의힘의 헌법재판소 흔들기가 도를 넘고 있다. 당 지도부는 물론 중진과 잠재 대선 주자들까지 경쟁적으로 헌재의 정당성을 훼손하는 비방전에 가세하고 있다. 이런 양상은 윤석열 대통령 변론기일 종료가 13일로 다가오고 헌재의 탄핵심판 결정이 가시화하면서 더욱 가열되고 있다. 1차적으로는 헌재 결정을 이재명 더불어민주당 대표의 공직선거법 2심 판결 뒤로 최..,http://www.hani.co.kr/arti/opinion/editorial/1182122.html,
01100801.20250212003113001,20250212,조선일보,조선일보,[사설] 2030 세대를 “고립시키자”는 민주당,정치>행정_자치, 정치>선거, 정치>청와대,,,,"유시민,박구용,교육연수원장,윤석열,강기정,이재명","광주시,계산,비상계엄","점령군,민주당,친(親)민주당,더불어민주당,전남대","세대,고립,민주당,더불어민주당,교육,연수원장,교수,박구용,전남대,2030세대,소수,고민,고립,원장,사유,思惟,계산,2030세대,고민,생각,이익,원장,12월,집회,대통령,탄핵,여성,남성,발언,사과,참석자들,대통령,탄핵,반대,집회,참석자,중장년,중심,2030세대,확산,탄핵,찬성,일색,대학,탄핵,반대,공개,주장,목소리들,탄핵,갈등,대학가,진보,성향,민주당,인식,현상,비상계엄,민주당,이재명,대표,그동안,방탄,연쇄,탄핵,폭주,행태,관심,탄핵소추,민주당,점령군,행세,거부감,기성세대,586세대,민주당,지지,반감,작용,민주당,자신들,지지,연령층,비난,전력,과거,발언,유시민씨,윤석열,대통령,투표,남성,쓰레기야,민주당,총선,정치,현수막,청년,비하,민주당,소속,강기정,광주,시장,단체,탄핵,반대,15일,예고,18광장,광주시,광장,집회,사용,불허,장소,대통령,퇴진,요구,집회,허용,집회,탄핵,반대,불허,민주주의,생각,공존,시작,자신들,생각,2030세대,고립,단체,탄핵,반대,극우,내란,세력,집회,불허,민주주의,법치주의,부정,민주당,본심","민주당,2030세대,광주시,박구용,더불어민주당,강기정,전남대,현수막,자신들,민주주의,거부감,그동안,기성세대,목소리들,대학가,思惟,연수원장,유시민,유시민씨,연령층,광주,법치주의,윤석열,점령군,이재명",더불어민주당 교육연수원장인 박구용 전남대 교수가 최근 2030세대에 대해 “그들을 우리 편으로 끌어올 것인가가 아니라 그들을 어떻게 소수로 만들 것인가를 고민해야 한다”고 했다. 이어 “스스로 말라 비틀어지게 만들고 고립시켜야 한다”고 했다. 박 원장은 “그들은 사유(思惟)는 안 하고 계산만 있다”고 했다. 2030세대가 고민이나 생각 없이 자기 이익만..,https://www.chosun.com/opinion/editorial/2025/02/11/LK5IJRSYX5HLVE3O4IAH2EQC3M/?utm_source=bigkinds&utm_medium=original&utm_campaign=news,
01100801.20250212002549001,20250212,조선일보,조선일보,[사설] 尹 대통령의 이해할 수 없는 태도,정치>청와대, 국제>중남미, 정치>국회_정당,,,,윤석열,"미국,영국","동원,민주당,국회,한국","대통령,이해,태도,윤석열,대통령,구치소,면회,의원,자유,수호,운동,주권,회복,진정성,뒷받침,국민,사랑,계엄,국민,자유,주권,군대,동원,제한,조치,계엄,선포,사람,자유,주권,앞뒤,계엄,미국,영국,국가들,자유,민주,국가,한국,민주주의,위협,권위주,시대,회귀,비판,계엄,국가,자유,민주,위상,한순간,추락,대통령,분들,영세,자영업자,연휴,분들,추위,생계,걱정,계엄령,환율,증시,민생,경제,강등,국가,신용,등급,송년회,신년회,취소,자영업자,소상공인,주름,대통령,책임,탄핵,심판,변론,호수,그림자,느낌,국회의원,체포,유혈,사태,불법,무장,군인,국회,난입,장면,국민,생중계,목격,범행,실패,사람,납득,사람,대통령,민주당,방탄,연쇄,탄핵,국정,방해,국민,공감,사실,계엄,계엄,헌법,전쟁,사태,선포,계엄,리더십,붕괴,한국,미국,트럼프,글로벌,경제,안보,전화,대통령,자신,책임,인정,국민,호소,당부","자영업자,분들,한국,미국,구치소,계엄령,국회의원,권위주,송년회,신년회,진정성,민주주의,소상공인,민주당,생중계,윤석열,뒷받침,영국,앞뒤,국가들,계엄,대통령,국민,자유,국가","윤석열 대통령이 10일 구치소로 면회 온 친윤계 의원에게 “당이 자유 수호, 주권 회복 운동을 진정성 있게 뒷받침해주면 국민의 사랑을 받지 않겠느냐”고 말했다. 계엄은 국민의 자유와 주권을 군대를 동원해 제한하는 조치인데 계엄을 선포한 사람이 자유, 주권을 말하니 앞뒤가 맞지 않는다. 계엄에 대해 미국 영국 등 자유 민주 국가들은 “한국 민주주의에 대한..",https://www.chosun.com/opinion/editorial/2025/02/12/6TCOJPYXJBDKTLHQ7CPKKSQYLY/?utm_source=bigkinds&utm_medium=original&utm_campaign=news,
01101101.20250212001116001,20250212,한국일보,,"[사설] 尹 감싸기에 책임회피 급급한 이상민, 개탄스럽다",정치>청와대, 정치>국회_정당,,,,,"이,권한,이상민,윤석열",이태원,"행정안전부,소방청장,헌법재판소,국회,비상계엄,소방청,국무위","책임회피,이상민,개탄,이상민,행정안전부,장관,헌법재판소,계엄,주장,논리,윤석열,대통령,판사,출신,장관,사안,본질,계엄,발령,요건,외면,모습,언론사,단수,단전,소방청장,통화,사실,인정,자신,지시,책임,장관,변론,대통령,탄핵,심판,계엄,권한,헌법,대통령,대통령,행사,대통령,심사숙고,결정,난센스,비상계엄,내란,위헌,위법,프레임,대통령,주장,요건,비상계엄,발령,대통령,고심,계엄법,전시,사변,국가,비상,사태,구체적,규정,계엄,당일,전쟁,경찰력,치안,감당,사변,비상사태,국무회의,하자,해제,요구,국회,대통령,탄핵소추,장관,언론사,전기,차단,지시,관여,의혹,인정,대통령,집무실,소방청,단전,단수,쪽지,소방청장,전화,쪽지,만일,대비,국민,안전,당부,설명,대통령실,소방청장,대통령,탁상,파악,지시,연결고리,장관,성립,얘기,지시,주체,대통령,근거,주장,무리,궤변,상황,국민,생명,안전,국무위원,진실,대통령,논리,책임,회피,일관,대통령,측근,부당,탄핵소추,이태원,참사,생각,법조인,양심,국무위원,책임감,행태,개탄","소방청장,비상계엄,언론사,이상민,비상사태,국무위원,소방청,심사숙고,탄핵소추,윤석열,경찰력,법조인,책임감,계엄법,이태원,국무회의,연결고리,대통령실,행정안전부,헌법재판소,집무실,재판소","이상민 전 행정안전부 장관이 헌법재판소에 나와 계엄 정당성을 주장하는 윤석열 대통령 논리에 힘을 실었다. 판사 출신 이 전 장관이 사안의 본질인 ‘계엄 발령 법적 요건’을 애써 외면한 모습은 안타깝다. 그는 언론사 단수 단전과 관련한 소방청장과의 통화 사실은 인정하면서, 자신이 지시하지는 않았다며 책임을 피해 갔다. 
이 전 장관은 어제 윤 대통령 탄핵..",https://www.hankookilbo.com/News/Read/A2025021115170002813,
01100401.20250212232826001,20250212,동아일보,,[사설]위기 수습 비전 없이 ‘남 탓’만 한 權 대표 연설 집권여당 맞나,정치>국회_정당, 정치>청와대, 정치>선거,,,,"이,권성동,권,이재명","무산시,대한민국","민주당,정부,한미동맹,교섭단,국회,국민의힘","비전,위기,수습,연설,대표,집권,여당,맞나,권성동,국민,원내대표,국회,본회의,교섭,단체,대표,연설,12,집권,여당,책임,통감,진심,사과,민생,추경,통과,반도체,특별법,필요성,언급,국정,위기,유발자,이재명,대표,민주당,야당,공격,집중,40분,이재명,연설,도중,18번,민주당,44번,원내,세기,대한민국,납득,비상조치,민주당,연쇄,탄핵,특검법,거론,헌정,파괴,실록,비판,국정,혼란,목적,대표,방탄,대표,확정,국정,파국,조기,대선,유도,대통령직,차지,정치,모반,대통령,시대착오,계엄,경제,안보,위기,상황,성찰,집권,여당,사태,비전,일관,정부,의정,갈등,민주당,수수방관,막바지,국회,정부,여당,무산,합의,직전,연금,개혁,좌초,민주당,정부,여당,책임,원내,대표,외교,경제,언론관,망라,비판,대표,한미동맹,강조,조기,대선,겨냥,위장술,실용주의,표방,경제관,정치,말들,주장,카톡,검열,논란,거론,공포정치,일상화,가능성,조기,대선,가능,염두,야당,유력,주자,비판,연설,할애,원내,분권,개헌,주장,민주당,대표,외면,지적,대표,개헌,소극적,사실,개혁,입법,성과,정치력,개헌,여당,대통령,방어,야당,협치,상대,설득,노력,부족,인정,야당,야당,매사,야당,여당,수권,능력,불신","민주당,맞나,이재명,대한민국,반도체,특별법,특검법,본회의,유발자,실용주의,비상조치,위장술,필요성,한미",권성동 국민의힘 원내대표가 11일 국회 본회의 교섭단체 대표 연설에서 12 3 계엄 사태에 대해 “집권 여당으로서 책임을 깊이 통감한다. 진심으로 사과드린다”고 밝혔다. 하지만 짤막한 사과 이후에는 민생 추경과 반도체 특별법 통과의 필요성을 잠시 언급했을 뿐 “국정 위기 유발자는 이재명 대표와 민주당”이라며 야당 공격에 집중했다. 40분간의 연설 도중 ..,https://www.donga.com/news/Opinion/article/all/20250211/131012915/2,
01100401.20250212232506001,20250212,동아일보,,[사설]6명만 몰래 부른 尹 애초에 국무회의는 할 생각 없었던 셈,정치>청와대, 정치>국회_정당,,,,,"이상민,윤석열,조태열,박성재,한덕수,송미령,김영호,이,조태용,김용현,한,조규홍,최상목,오영주","12·3 비상계엄,비상계엄","보건복지부,검찰,국방부,국가정보원,중소벤처기업부,계엄사,회의록,행정안전부,통일부,외교부,기획재정부,국무총리,농림축산식품부,법무부,국무위원,국무위","6명,애초,국무회의,생각,12,국무총리,장관,연락,대통령실,소집,파악,결과,대통령,검찰,조사,결과,이날,8시,한덕수,총리,장관,조태열,외교,장관,김영호,통일부,장관,박성재,법무부,김용현,국방부,장관,전화,얘기,대통령실,이상민,행정안전부,장관,김용현,장관,연락,대통령,국무위원,조태용,국가,정보원장,참석,지시,계엄,선포,국무,회의,심의,헌법,규정,사안,중대,만큼,대통령,혼자,판단,국무위원들,숙의,취지,대통령,정족수,국무,회의,의결,11명,비상계엄,통보,국무회의,생각,생각,장관,시늉,의심,대목,총리,제기,장관,최상목,부총리,기획,재정부,장관,송미령,농림,축산,식품부,장관,조규홍,보건,복지,장관,오영주,중소,벤처,기업부,4명,연락,도착,정족수,국무,회의,안건,부여,회의록,작성,회의,남짓,대통령,12일,탄핵,심판,변론,국무위원,대통령실,간담회,국무회의,주장,이상민,장관,실질,국무,회의,총리,참석자,정상,국무,회의,대통령,장관,형국,계엄법,규정,무시,여럿,계엄,총리,패싱,국무,회의,심의,계엄사령관,임명,계엄,선포,공고,생략,계엄,선포,요건,부합,차치,절차,얘기,계엄,억지","국무회의,대통령실,비상계엄,정족수,오영주,송미령,조규홍,조태열,이상민,조태용,만큼,부총리,참석자,최상목,김영호,김용현,통일부,법무부,박성재,국무위원","12 3 비상계엄 선포 당일 윤석열 대통령이 국무총리와 장관 5명에게 먼저 연락해 대통령실로 소집한 것으로 파악됐다. 검찰 조사 결과 윤 대통령은 이날 오후 8시경 한덕수 총리와 조태열 외교부 장관, 김영호 통일부 장관, 박성재 법무부 장관, 김용현 전 국방부 장관에게 직접 전화해 “아무에게도 얘기하지 말라”며 대통령실로 불렀고, 이상민 전 행정안전부 ..",https://www.donga.com/news/Opinion/article/all/20250211/131012913/2,
01100101.20250211200151001,20250211,경향신문,,"[사설] 오리발에 책임 전가, 법꾸라지 윤석열 빼닮은 이상민",정치>청와대, 정치>행정_자치, 사회>사건_사고,범죄>범죄일반>폭행,,,"전두환,이,이상민,허석곤,허,윤석열,한덕수","중구,12·3 비상계엄,비상계엄","행정안전부,소방청장,고위공직자범죄수사처,헌법재판소,검찰,국가정보원,행정안전위원회,국회,헌재,이상민#전 행정안전부 장관,소방청,국무위","오리발,책임,전가,법꾸,윤석열,이상민,이상민,행정안전부,장관,헌법,재판소,12,경향신문,언론사,단전,단수,지시,문서,구두,지시,대통령실,종이쪽지,쪽지,소방청,단전,단수,윤석열,문서,지시,쪽지,어이,작성자,지시자,하늘,쪽지,장관,허석곤,소방청장,단전,단수,지시,청장,지난달,국회,행정,안전,위원회,출석,비상계엄,당일,11시,분쯤,소방청,간부,대책회의,장관,언론사,단전,단수,지시,전화,증언,장관,청장,헛것,세력,과거,전두환,시도,언론,탄압,자발적,기획,장관,부하,책임,오리발,윤석열,장관,비상계엄,국무,회의,하자,윤석열,주장,보조,국무,실질,경찰,진술,한덕수,국무총리,진술,정면,배치,심산,법꾸,대통령,법꾸,장관,윤석열,변론,이날,헌재,국회,질서,유지,군인들,시민들,폭행,국무,회의,문서,사후,국무,위원,부서,헌재,절차,딴지,헌법재판소법,검찰,피의자,신문,조서,탄핵심판,활용,재판관들,판단,윤석열,기관,중구난방,조사,상충,검찰,경찰,고위공직자범죄수사처,수사,결과,부정,증거,물증,부정,선거,음모,반복,윤석열,신청,윤석열,헌재,백종욱,국가,정보원,부정,선거,주장,동의,헌재,심리,막바지,세력들,막가,파식,행태,일당,윤석열,자비,헌재,신속,심판,진행,의견,재판관,만장일치,수괴,하루,파면,거짓,증언,궤변,시민,헌재,능멸,장관,구속,수사","윤석열,비상계엄,재판관,소방청,법꾸,피의자,만장일치,전두환,재판소,종이쪽지,언론사,이상민,공직자,군인들,탄핵심판,작성자,지시자,수사처,위원회,중구난방","이상민 전 행정안전부 장관이 11일 헌법재판소에 나와 12 3 비상계엄 당시 대통령 윤석열로부터 경향신문 등 언론사 단전 단수 지시가 적힌 문서를 받거나 구두로 지시를 받은 적이 없다고 밝혔다. 그러면서 “대통령실에서 종이쪽지 몇개를 멀리서 본 게 있는데, 그 쪽지 중에 소방청 단전 단수 이런 내용이 적혀 있었다”고 말했다. 윤석열로부터 문서나 지시를 ..",https://www.khan.co.kr/article/202502112000001,
01100101.20250211181559001,20250211,경향신문,,"[사설]계엄 사과하며 남 탓, 국정은 자화자찬, 권성동의 후안무치",정치>국회_정당, 정치>청와대, 정치>선거,,,,"윤석열,권성동,권,이재명","대한민국,비상계엄","민주당,정부,보수 정당,헌법재판소,교섭단,국회,한국개발연구원(KDI),대한민국,국민의힘","계엄,사과,국정,자화자찬,권성동,후안무치,권성동,국민,원내대표,국회,교섭,단체,대표,연설,12,국정,혼란,주범,국가,위기,유발자,헌정,질서,파괴자,세력,민주당,이재명,내란,나라,민생,구렁텅이,윤석열,책임,야당,철면피,대통령,정당,원내,비상계엄,선포,대통령,탄핵,소추,구속,기소,국가적,위기,집권여당,책임,통감,진심,윤석열,비상계엄,선포,원내,세기,대한민국,납득,조치,구체적,사과,국가,혼란,수습,경제,민생,위기,극복,방안,민주당,의회주의,삼권분립,법치주의,국정,심정지,상태,민주당,내란,책임,사과,진정성,염치,실체,상식적,대다수,국민,궤변,와중,윤석열,정부,성과,자화자찬,가관,원내,거시,경제,안정,건전,재정,추진,성과,부자감세,30조,세수,펑크,한국개발연구원,KDI,이날,전망치,경제,성장,전망,3개월,0.4%,포인트,1.6%,전망,서민,골목,경제,윤석열,실정,반성,여당,사태,경제,민생,위기,인식,무책임,원내,대한민국,건국,산업화,민주화,보수,정당,자랑,국민의힘,우두머리,윤석열,절연,나치,선동,거짓말,요설,헌법,최후,보루,헌법재판소,보편,상식,극우,세력,결탁,발버둥,국민,민주화,국민,보수,정당,반성,성찰,윤석열,방탄,민주주,가치,부정,국민,역사,심판,직면,명심","윤석열,민주당,대한민국,파괴자,자화자찬,대다수,권성동,민주화,이재명,비상계엄,한국개발연구원,거짓말,30조,삼권분립,나치,산업화,요설,민주주,헌법재판소,3개월,재판소,국민의힘,진정성,의회주의,법치주의","권성동 국민의힘 원내대표가 11일 국회 교섭단체 대표연설에서 “12 3 비상조치가 왜 내려졌는지 따져 봐야 한다”며 “지금 우리가 겪고 있는 국정 혼란의 주범, 국가 위기의 유발자, 헌정질서 파괴자는 민주당 이재명 세력”이라고 했다. 내란으로 나라와 민생을 구렁텅이에 빠뜨린 윤석열을 감싸는 것도 모자라, 그 책임을 야당에 떠넘긴다니 이런 철면피가 있나...",https://www.khan.co.kr/article/202502111815011,
01101001.20250211181009003,20250211,한겨레,한겨레,"[사설] ‘국정위기 민주당 탓’, 내란 정당화 반복한 권성동",정치>청와대, 정치>국회_정당, 정치>선거,,,,"윤,윤석열,권성동,김건희,권,도널드 트럼프,이재명,명태균","미국,12·3 비상계엄,비상계엄","민주당,정부,헌법재판소,호도,더불어민주당,교섭단,국회,헌재,국민의힘","국정,위기,민주당,반복,권성동,권성동,국민,원내대표,연설,국회,교섭,단체,대표,국가,위기,혼란,원인,이재명,대표,더불어민주당,주장,야당,12,지목,윤석열,대통령,내란,집권여당,내란죄,혐의,구속,대통령,인식,확인,국민,국회,연설,사태,달여,그사이,대통령,그사이,구속기소,헌법재판소,탄핵심판,막바지,상식적,원내,연설,상황,진정성,사과,성찰,무게,민주당,차례,탄핵,소추,차례,특검법,나열,야당,원내,국정,혼란,주범,국가,위기,유발자,헌정,질서,파괴자,세력,민주당,이재명,연설,연설,민주당,비판,상대,비판,순서,정도,대통령,여당,책임,화살,야당,호도,국민,국민,참패,총선,대통령,독단,국정,운영,고집,대통령,야당,사이,설득,정치력,발휘,김건희,명태균,의혹,방어,대통령,사태,경제,정치적,내수,부진,일자리,감소,위기,도널드,트럼프,미국,대통령,관세,전쟁,격변,통상,안보,상황,상황,대응,사실,정부,실종,상태,초래,우두머리,혐의자,비호,헌재,탄핵심판,훼방,극우세력,부정선거론,편승,국민,진정,국정,안정,탄핵심판,대통령,탄핵,심판,협조,경제,민생,회복,원내,정치,위기,근본,해결책,분권,개헌,제안,국민,비상계엄,헌정질서,파괴,탄핵,대통령,찬성,입장,선행,개헌,주장,내란,본질,사태,책임,제도,야당,시도","민주당,탄핵심판,비상계엄,이재명,특검법,그사이,파괴자,헌정질서,유발자,해결책,권성동,도널드,김건희,정치력","권성동 국민의힘 원내대표가 11일 국회 교섭단체 대표 연설에서 지금의 국가 위기와 혼란의 원인이 이재명 대표와 더불어민주당에 있다고 주장했다. 야당을 ‘12 3 비상계엄 유발자’로 지목하면 윤석열 대통령의 내란이 정당화될 수 있다고 보는 건가. 집권여당이 내란죄 혐의로 구속된 윤 대통령과 똑같은 인식이라는 것을 다시 한번 확인하고 있는 것이다.
국민의힘..",http://www.hani.co.kr/arti/opinion/editorial/1181912.html,
01101001.20250211181009001,20250211,한겨레,한겨레,[사설] 인권위 눈엔 ‘내란 우두머리’ 인권만 보이나,정치>청와대, 국제>중남미, 정치>국회_정당,범죄>범죄일반>폭행, 사회>사회갈등>반란_혁명_폭동,,"안창호,윤석열,김용원",상해,"인권위,극우,안건,헌재,국회,비상계엄,국가인권위원회,전원위원회,페이스북","인권위,우두머리,인권,국가인권위원회,대통령,윤석열,안건,탄핵,심판,방어,보장,권고,수정,의결,비상계엄,헌정,불복,체포,영장,집행,사법질서,범죄자,보호,피의자,인권,빙자,옹호,민주주의,인권,보루,역할,인권위,우두머리,혐의자,두둔,지경,인권,위원,전원위원회,통과,수정안,탄핵심판,대통령,탄핵,심판,형사소송,증거조사,원칙,수사,강조,극우세력,결집,헌재,심리,지연,대통령,유리,조처,재상정,12,시민들,인권,침해,직권조사,안건,표결,기각,인권위,국민,권력자,옹호,조직,전락,비난,수정안,가결,주도,인권위원들,극우,성향,인권,위원,옹호,발언,안건,대표,발의,김용원,위원,계엄,지속,2시간,국회,상해,사람들,정도,비상계엄,주장,위원,페이스북,헌재,국민,탄핵,폭동,선동,당장,수사,사람,세력,엄호,안창호,위원장,국민,50%,헌재,헌재,공격,헌법,재판관,출신,결정,박근혜,파면,찬성,사람,궤변,헌재,절차,박근혜,탄핵,심판,준용,심리,진행,회의장,이날,인권위,대통령,극렬,지지자,점거,취재진,출입,제지,안건,반대,인권위원,회의,참관,야당,의원,욕설,수정안,가결,탄핵,무효,법질서,존재,인권위,인간,존엄,가치,실현,확립,민주,기본,질서,이바지,존재,기관,윤석열,정권,인권위,존재,부정,주도,퇴행,행태,반복,이젠,헌정,민주주의,유린,내란,옹호,조직,전락,인권위,존재,부정,처사,최악,인권위,역사,결정","인권위,비상계엄,박근혜,탄핵심판,수정안,윤석열,인권위원,위원회,민주주의,피의자,취재진,상해,증거조사,재상정","국가인권위원회가 지난 10일 윤석열 대통령의 탄핵심판 방어권 보장 권고 안건을 수정 의결했다. 비상계엄으로 헌정을 짓밟은 데 이어 체포영장 집행 불복 등 사법질서를 뒤흔든 범죄자를 ‘피의자 인권 보호’를 빙자해 옹호하고 나선 것이다. 민주주의와 인권의 보루 역할을 해야 할 인권위가 내란 우두머리 혐의자를 두둔하다니 어쩌다 이 지경까지 됐는가.
인권위원 ..",http://www.hani.co.kr/arti/opinion/editorial/1181910.html,
01100801.20250211180539001,20250211,조선일보,조선일보,[사설] 2030 세대를 “고립시키자”는 민주당,정치>행정_자치, 정치>선거, 정치>청와대,,,,"유시민,박구용,교육연수원장,윤석열,강기정,이재명","광주시,계산,비상계엄","점령군,민주당,친(親)민주당,더불어민주당,전남대","세대,고립,민주당,더불어민주당,교육,연수원장,교수,박구용,전남대,2030세대,소수,고민,고립,원장,사유,思惟,계산,2030세대,고민,생각,이익,원장,12월,집회,대통령,탄핵,여성,남성,발언,사과,참석자들,대통령,탄핵,반대,집회,참석자,중장년,중심,2030세대,확산,탄핵,찬성,일색,대학,탄핵,반대,공개,주장,목소리들,탄핵,갈등,대학가,진보,성향,민주당,인식,현상,비상계엄,민주당,이재명,대표,그동안,방탄,연쇄,탄핵,폭주,행태,관심,탄핵소추,민주당,점령군,행세,거부감,기성세대,586세대,민주당,지지,반감,작용,민주당,자신들,지지,연령층,비난,전력,과거,발언,유시민씨,윤석열,대통령,투표,남성,쓰레기야,민주당,총선,정치,현수막,청년,비하,민주당,소속,강기정,광주,시장,단체,탄핵,반대,15일,예고,18광장,광주시,광장,집회,사용,불허,장소,대통령,퇴진,요구,집회,허용,집회,탄핵,반대,불허,민주주의,생각,공존,시작,자신들,생각,2030세대,고립,단체,탄핵,반대,극우,내란,세력,집회,불허,민주주의,법치주의,부정,민주당,본심","민주당,2030세대,광주시,박구용,더불어민주당,강기정,전남대,현수막,자신들,민주주의,거부감,그동안,기성세대,목소리들,대학가,思惟,연수원장,유시민,유시민씨,연령층,광주,법치주의,윤석열,점령군,이재명",더불어민주당 교육연수원장인 박구용 전남대 교수가 최근 2030세대에 대해 “그들을 우리 편으로 끌어올 것인가가 아니라 그들을 어떻게 소수로 만들 것인가를 고민해야 한다”고 했다. 이어 “스스로 말라 비틀어지게 만들고 고립시켜야 한다”고 했다. 박 원장은 “그들은 사유(思惟)는 안 하고 계산만 있다”고 했다. 2030세대가 고민이나 생각 없이 자기 이익만..,https://www.chosun.com/opinion/editorial/2025/02/11/LK5IJRSYX5HLVE3O4IAH2EQC3M/?utm_source=bigkinds&utm_medium=original&utm_campaign=news,
01100901.20250211003348001,20250211,중앙일보,,[사설] 권력 분산 개헌 일언반구 없었던 이재명 대표 국회 연설,정치>국회_정당, 정치>청와대, 정치>선거,,,,"이,윤석열,이재명","첨단산,한국","민주당,국민연,임시국회,더불어민주당,교섭단,대표,국회,국정협의회","권력,분산,개헌,일언반구,이재명,대표,국회,연설,구상,국회의원,소환,외면,추경,반도체법,처리,국정협의회,가동,시급,대표,이재명,더불어민주당,교섭,단체,대표,연설,국민,주권,의지,일상적,국정,반영,직접민주주의,강화,조치,국회의원,국민,소환,국민소환제,선거,대표자,역할,선거권자,투표,파면,제도,주민소환제,지방자치단체장,시행,국회,대립,갈등,온상,만큼,국민,의원들,견제,수단,마련,검토,윤석열,대통령,비상계엄,선포,탄핵,심판,전후,여건,한국,정치,정도,국회의원,국민,소환제,개선,상황,대통령,권한,과도,집중,제왕,대통령,다수,의석,거대,야당,몽니,정치,충돌,국가,위기,발생,마당,대통령,탄핵,인용,대선,후보,가능성,대표,권력,구조,개편,의원,소환제,정도,생색,실망,줄탄핵,처리,단독,예산안,민주당,과도,처사,계엄,선포,빌미,만큼,대표,나름,방향,권력,구조,개헌,로드맵,제시,대표,연설,첨단산업,제조업,성장,잘사니즘,자신,비전,성장론,보편,기본,사회,동시,강조,공정,성장,마리,토끼,모습,반도체산업,예외,시간,근무,예외,직접적,언급,영역,특정,노동시간,노동,시간,연장,노동,회피,수단,글로벌,경쟁,필수적,사안,행보,마당,대표,근무제,근무,정년,연장,화두,교섭,단체,연설,대선,출사표,활용,장기,비전,나열,해결,신경,대안,정당,대표,모습,조기,대선,가시화,임시국회,임시,국회,반도체특별법,에너지3법,조세,제한,특례법,개정안,K칩스법,민생,입법,처리,대선,대선,마지막,기회,추가경정예산안,추경,편성,국민,연금,개혁,여야,협의,사안,대선,국면,여야,논의,여야,정지,가능성,사정,국정,협의회,연기,상황,대표,30조,추경,제안,만큼,여야,탄핵심판,신경전,별도,법안,처리,머리","국회의원,반도체,만큼,소환제,예산안,근무제,이재명,개정안,탄핵심판,노동시간,국민소환제,임시국회,협의회,가능성,국정협의회,한국,일언반구","━
 국회의원 소환제 구상만 밝힌 채 개헌 문제 언급 외면 
 
 ━
 추경 반도체법 등 처리 위한 국정협의회도 가동 시급 
 이재명 더불어민주당 대표가 어제 교섭단체 대표연설에서 “국민의 주권 의지가 일상적으로 국정에 반영되도록 직접민주주의를 강화하겠다”면서 첫 조치로 ‘국회의원 국민소환제’를 도입하겠다고 말했다. 국민소환제는 선거를 통해 뽑힌 대표자..",https://www.joongang.co.kr/article/25313023,
01100801.20250211003241001,20250211,조선일보,조선일보,[사설] 국민 아닌 조국에게 “한없이 미안하다”는 문재인,사회>사건_사고, 정치>청와대, 국제>일본,재해>자연재해>가뭄,,,"조국,문재인,윤석열,문,검찰총장","알바,서해,만들라,중국","정부,인턴,법무,의학전문대학원,서울대,대법원,법원","국민,조국,미안,문재인,문재인,대통령,인터뷰,언론,발탁,윤석열,검찰,총장,후회,조국,법무,장관,미안,검찰,수사,검찰,개혁,보복,조씨,가족,피해,조씨,불법,파렴,판결,확정,고교생,의학,전문,저자,입시,의학,전문,대학원,확인서,허위,인턴,대학,표창장,제출,아들,입시,허위,확인서,서울대,인턴,이용,법원,공정성,입시,제도,공정,사회,신뢰,훼손,비리,장관,후보,시작,임명,강행,공정,정의,국민,위선,내로남불,충격,정상인,발탁,후회,대통령,임기,국민,국가,피해,최악,역대,정부,집값,폭등,청년,국민,절망,사람,대통령,강행,임대차,전세,대란,마차,성장,소득,주도,일자리,급감,노인,알바,반기업,친노조,정책,성장률,빈부,세금,국가,부채,1000조,돌파,탈원전,경쟁력,세계,최고,원전,산업,벼랑,원전,경제,조작,4대,개방,가뭄,사태,부족,김정은,사기극,적극,가담,김정은,순간,핵무기,김여정,금지법,대북,전단,중국,사드,약속,군사,주권,서해,공무원,사살,월북,사과,실정,태산,국민,사과,사람,조국씨,사과","조씨,김정은,임대차,윤석열,사드,사기극,확인서,서울대,문재인,반기업,서해,친노조,공무원","문재인 전 대통령이 10일 언론 인터뷰에서 윤석열 검찰총장 발탁을 “후회한다”며 조국 전 법무 장관에게 “한없이 미안하다”고 했다. 윤 검찰총장의 조씨 수사는 “검찰 개혁에 대한 보복”이라는 것이다. 조씨와 그 가족이 잘못도 없이 억울한 피해를 봤다는 뜻이다. 
 
조씨의 불법과 파렴치는 대법원 확정 판결로 다 드러났다. 고교생 딸이 의학 전문 논문의 ..",https://www.chosun.com/opinion/editorial/2025/02/11/DUSVH32ZY5AR5JP3ZOWUKRHU5I/?utm_source=bigkinds&utm_medium=original&utm_campaign=news,
01100801.20250211002626001,20250211,조선일보,조선일보,"[사설] 국힘 릴레이 尹 면회, 추경 연금개혁은 또 어깃장",정치>국회_정당, 정치>청와대, 정치>행정_자치,사회>사회갈등>시위,,,"윤,윤석열,이재명","경기,비상계엄","점령군,민주당,비대위,비상계엄,국민의힘","국힘,릴레이,면회,추경,연금개혁,어깃장,국민,5명,전직,지도부,수감,윤석열,대통령,면회,대통령,시위,탄핵,반대,2030세대,고무,표정,비상계엄,합법적,3일,국민,비대위원장,원내대표,현직,지도부,의원,대통령,개인,차원,인간,도리,여당,지도부,면회,릴레이,대통령,과거,미래,사이,국민의힘,현실,권영세,비대,위원장,비상계엄,불안,걱정,국민,처절,반성,변화,혁신,여당,천막,신뢰,지지,노력,민주당,이재명,대표,점령군,행세,반감,지지율,회복세,국민,변화,혁신,반성,계엄,목소리,시작,정책,민주당,이재명,대표,비판,연금,개혁,추가경정예산,추경,민주당,주도권,모습,진작,내수,경기,추경,투입,전문가,여야,이견,연금,개혁,포함,현안,처리,여야정,협의체,가동,국민의힘,민주당,일방,입장,여야정,협의체,연기,입장,민주당,조기,대선,염두,이재명,분위기,들러리,연금,개혁,추경,현실적,당장,국정,사안,처리,사람,국민,어깃장,손해,국민,지지,목소리,반응,총선,연속,참패,결과,대통령,사람,탄핵,사람,탄핵,심판,국민,약속,변화,혁신,퇴행적,총선,결과,지지층,선거,승리","민주당,지도부,비상계엄,국민의힘,이재명,지지층,협의체,위원장,여야정,권영세,비대위원장,어깃장,지지율,전문가,2030세대,원내대표,점령군,추가경정예산,퇴행적,주도권,회복세,윤석열","국민의힘 전직 지도부 5명이 10일 수감 중인 윤석열 대통령을 면회했다. 윤 대통령은 탄핵 반대 시위에 2030세대가 많이 나온 데 고무된 표정이었다고 한다. 비상계엄이 합법적이었고 불가피했다고도 말한 것으로 알려졌다. 지난 3일에는 국민의힘 비대위원장과 원내대표 등 현직 지도부, 일부 친윤 의원도 윤 대통령을 찾아갔다. 이들은 모두 “개인적 차원” “..",https://www.chosun.com/opinion/editorial/2025/02/11/AUPRRBLSIFBJDC65N4K3G3XTTA/?utm_source=bigkinds&utm_medium=original&utm_campaign=news,
01101101.20250211001028002,20250211,한국일보,,[사설] '尹 방어권 보장' 끝내 의결... 누굴 위한 인권위인가,정치>청와대, 국제>중남미,,,,,"김,김용원,안창호,윤석열",尹,"인권위,헌법재판소,비상계엄,국가인권위원회,권조사,전원위원회,상임위,전원위","보장,방어,의결,인권위,국가인권위원회,윤석열,대통령,탄핵,심판,방어,보장,안건,의결,내란수괴,두둔,시민단체,극렬,반대,안건,상정,강행,결과,장시간,논의,수정,내란수괴,엄호,본질,인권위,전원위원회,계엄,선포,야기,국가,위기,극복,대책,권고,안건,찬성,반대,통과,김용원,상임,위원,5명,인권위원,공동,발의,안건,내란죄,피의자,대통령,방어권,보장,수사,권고,골자,여론,반발,의식,수정,의결,안건,발의,주도,상임,소셜미디어,헌법재판소,대통령,탄핵,이날,나라,극좌파,세상,세력,탄핵,반대,선동,인권위,차례,안건,상정,시민단체,반대,연기,주말,고민,안창호,위원장,상정,이날,안건,강행,찬성표,전원위,비상계엄,인권위,직권,조사,의견,표명,안건,상정,부결,인권,대통령,보호,비상계엄,인권,행태,자체,조사,의견,이날,인권위,건물,대통령,지지자,건물,정문,출입,엘리베이터,여부,대통령,지지자,확인,이재명,통과,요구,특정,언론사,출입,인권위,조장,약자,권리,대변,사명,인권위,내란수괴,최고권력자,비호,조직,존립,근거,인권위,직원,공범,거부,성명,전직,인권위,고위,인사,경력,인권위,해체","인권위,방어권,지지자,비상계엄,위원회,내란수괴,김용원,시민단체,이재명,권력자,헌법재판소,소셜,안창호,최고권력자,극좌파,소셜미디어,언론사","국가인권위원회가 윤석열 대통령의 탄핵심판 방어권을 보장하라는 내용의 안건을 의결했다. “내란수괴를 두둔하는 것이냐”는 시민단체 등의 극렬한 반대에도 안건 상정을 강행한 결과다. 장시간 논의 끝에 일부 내용을 수정하긴 했지만, ‘내란수괴’ 엄호라는 본질은 그대로였다. 
인권위는 어제 오후 전원위원회를 열어 ‘계엄 선포로 야기된 국가적 위기 극복대책 권고의..",https://www.hankookilbo.com/News/Read/A2025021018410001665,
01100401.20250211233055001,20250211,동아일보,,[사설]탄핵정국 속 혐오 짙어진 정치 양극화 민주주의 좀먹는다,정치>행정_자치, 정치>국회_정당, 정치>청와대,,,,윤석열,"싱크탱크,적나라","민주당,헌법재판소,동아시아연구원,더불어민주당,국회,EAI,동아일보,국민의힘","탄핵정국,혐오,탄핵,정국,정치,양극,민주주,중견,정치학자,참여,싱크탱크,동아시아연구원,EAI,지난달,성인,대상,인식조사,양극,인식,조사,결과,12,정치,갈등,국민,더불어민주당,비호감도,물론,지지,정당,적대감,확인,동아일보,입수,조사,결과,EAI,정당,호감도,100점,만점,조사,미만,국민,응답자,68.8%,호감도,10점,응답,40.0%,반대,민주당,응답자,54.1%,25.7%,응답,정치권,분노,자신,지지,정당,혐오감,혐오,정서,연구소,4년,조사,비교,정도,민주당,국민,지지자,58.8%,4년,50.5%,50.5%,국민,민주당,지지자,69.0%,4년,40.8%,40.8%,지지,정당,정서,극단,강화,조사,결국,사회,자화상,조사,헌법재판소,윤석열,대통령,탄핵,동의,응답,64.9%,반대,응답,23.1%,탄핵,찬반,지지,정당,비호감,혐오,정서,거대,양당,이념적,극단,현상,진단,EAI,양극,상황,개선,기미,1년,정치,갈등,심화,물음,동의,응답자,67.8%,정도,정치,양극,중증,수준,비관,전망,팽배,대통령,극렬,지지자,애국시민,정파,지도자,행동,의석수,압도,국회,민주당,행태,일방통행식,정치,2,,탄핵,심판,결과,후폭풍,혼란,예상,민주주의","민주당,지지자,응답자,eai,호감도,정치권,비호감,동아일보,의석수,인식조사,일방통행식,민주주의,지도자,싱크탱크,정치학자,재판소,비호감도,동아시아연구원,윤석열,후폭풍,애국시민","중견 정치학자들이 참여하는 싱크탱크인 동아시아연구원(EAI)이 지난달 22, 23일 인터넷 웹조사 방식으로 성인 1514명을 대상으로 실시한 ‘2025년 양극화 인식조사’ 결과는 12 3 계엄사태 이후 깊어진 정치 갈등의 골을 적나라하게 보여준다. 국민의힘과 더불어민주당에 대해 각각 “싫다”는 비호감도가 높은 것은 물론이고 지지하지 않는 정당에 대한 강..",https://www.donga.com/news/Opinion/article/all/20250210/131004769/2,
01100401.20250211232447001,20250211,동아일보,,[사설]尹측 “헌재 증인신문 불공정” 언제까지 절차 시비만 하나,정치>국회_정당, 정치>청와대,,,,,"윤,윤석열",비상계엄,"동원,불공정,헌법재판소,헌재,재판부,대리인단,재판","불공정,헌재,증인,신문,절차,시비,윤석열,대통령,탄핵심판,헌법재판소,증인신문,불공정,진행,불만,제기,증인,신문,90분,반대,신문,사항,변론,제출,변론,조치,공정성,신뢰,대통령,방어권,침해,주장,변론,진행,소송지휘권,재판부,결정,사안,증인신문,한정,탄핵심판,지연,판단,만큼,재판부,증인신문,제한,대통령,신문,부족,사실,확인,대리인단,여건,해결,신문,제한,제출,반대,신문,사전,양측,기준,적용,반대신문,증인,전달,헌재,사무처,변론,준비,활용,증인,파악,한쪽,불리,증언,준비,얘기,증인,신문,방식,대통령,불리,납득,심판,대통령,헌재,거부,서류,송달,시작,신청,변론,준비,기일,연기,지정,변론,기일,일괄,신청,모습,특정,재판관,정치,성향,기피신청,회피촉구신청서,헌재,편파적,진행,일종,여론전,탄핵심판,핵심,비상계엄,선포,헌법,부합,여부,대통령,변론,초점,정상,법리,동원,심판,절차,형국,헌재,공정성,흠집,탄핵,인용,불복,명분,의심,책임,처사","증인신문,반대신문,재판부,탄핵심판,불공정,만큼,윤석열,공정성,재판관,대리인단,기피신청,비상계엄,소송지휘권,여론전,회피촉구신청서,신청서,방어권,헌법재판소,재판소,시간date,사무처","윤석열 대통령 측이 탄핵심판 과정에서 헌법재판소가 증인신문을 불공정하게 진행하고 있다며 불만을 제기하고 나섰다. 증인당 신문 시간을 총 90분으로 정하고, 반대신문 사항을 변론 전날 제출하도록 한 조치가 “공정성에 대한 신뢰에 우려를 갖게 한다”는 것이다. 윤 대통령의 방어권이 침해받고 있다는 주장이다. 
 
 변론을 어떻게 진행할지는 소송지휘권을 가진..",https://www.donga.com/news/Opinion/article/all/20250210/131004771/2,
01100101.20250210203545001,20250210,경향신문,,"[사설] 내란 옹호 세력 활개치는 인권위, 그럴 거면 간판 내려라",정치>청와대, 국제>중남미, 정치>행정_자치,,,,"김용원,안창호,윤석열","망상,무산,대치","인권위,인권도,정부,국가인권위원회,전원위원회,페이스북,전원위","활개,옹호,세력,인권위,간판,국가인권위원회,전원,위원회,대통령,윤석열,안건,탄핵,심판,방어,보장,권고,수정의결,계엄,선포,야기,권고,국가,위기,극복,대책,비상계엄,헌정,유린,범죄자,옹호,인권,보루,국가기관,민주주의,국민,기본,파괴,권력자,두둔,국론,분열,지경,개탄,윤석열,정권,인권,퇴행,위상,추락,자초,인권,근본정신,법질서,부정,김용원,인권,위원,발의,안건,방어,요구,지난달,전원위,의결,반발,인권위,직원,무산,이날,회의,원안,문장,반대,다수,위원,기각,심리,형사소송,윤석열,탄핵,심판,심리,형사,소송,증거조사,적법절차,준수,법리적용,심리,수정,제안,문장,통과,범죄,구속,내란,선동,윤석열,비판,인권위,권리,보장,요구,망동,인권위,윤석열,지지자,회의,진행,방어,보장,요구,회의장,복도,회의장,직원들,대치,취재진,사상검증,위협,난동,경찰,배치,이용자,안전,인권,도서관,개방,중단,법질서,존재,민주,국가,풍경,사정,인권위,책임,김용원,위원,페이스북,헌재,국민,탄핵,탄핵,반대,국민,망상,선동,저급,인권위원,수준,범죄,선동,공직자,파면,수사,헌법,재판관,출신,계엄,내란,옹호,안건,의결,안창호,위원장,자격,인권위,역주행,인권위,인간,존엄,가치,실현,확립,민주,기본,질서,이바지,목적,국가인권위원회법,1조,존재,정상화,인권,인류,보편,정신,윤석열,정부,안창호,인권위,폐지론,하등","인권위,윤석열,김용원,법질서,위원회,회의장,안창호,직원들,페이스북,전원위,인권위원,적법절차,이용자,사상검증,법리적용,증거조사,권력자","국가인권위원회가 10일 전원위원회를 열고 대통령 윤석열의 탄핵심판 방어권 보장 권고 안건을 수정의결했다. ‘계엄 선포로 야기된 국가적 위기 극복 대책 권고의 건’이라 했지만, 비상계엄으로 헌정을 유린한 내란 범죄자를 옹호하는 내용이다. 인권의 보루여야 할 국가기관이 어쩌다 민주주의와 국민 기본권을 파괴하려 한 권력자를 두둔하고 국론 분열을 부추기는 지경..",https://www.khan.co.kr/article/202502102034001,
01100101.20250210185648001,20250210,경향신문,,"[사설]이재명 제안한 ‘헌정수호연대’, 연합정치 큰 길 찾아야",정치>국회_정당, 정치>청와대, 정치>선거,,,,"전,조국,이광재,윤석열,이재명",민주,"민주당,조국혁신당,더불어민주당,교섭단,국회,대한민국,헌정수호연대,내란잔당,다수연합,국민연대","이재명,제안,헌정수호연대,연합정치,대표,이재명,더불어민주당,국회,교섭,단체,대표,연설,내란잔당,폭동,저항,70여일,대한민국,성취,일거,물거품,처지,민주공화정,가치,존중,사람,헌정수호연대,구성,헌정파괴세력,우두머리,탄핵,대통령,윤석열,찬성,시민,정파,반내,대표,내전,상황,윤석열,내란,선동,호응,극우,세력,발호,법치주의,헌정질서,부정,여당,영향권,주류,보수,정당,윤석열,내란,극우,준동,민주화,헌정질서,사회,합의,균열,민주공화정,가치,위기,사회,극복,진보,보수,헌정질서,합세,압도,다수,형성,대표,이날,헌정,수호,연대,조국,조국혁신당,대표,다수연합,이광재,의원,국민연대,제안,배경,종식,내란,조기,기치,다수연합,민주공화국,수호,방파제,박근혜,탄핵,실패,연합정치,모색,마중물,세력,주변화,토대,상생,협력,정치,극복,정치개혁,차이,다양성,인정,구동존,자세,대표,친명,비명,불협화음,민주당,내부,실천,바깥,확장,신뢰,동력,대표,연합정치,제시,구체적,청사진,제시,대표,이날,연설,회복,성장,강조,공정성장,사회,화두,노동,시간,단축,정년,연장,조기,추경,구체,의제,제시,진보정책,보수정책,유용,처방,총동원,이재명,실용,정치,산적,예외,반도체,시간,논란,장시간,노동,국가,방향,원칙,노사,접점,리더십,대표,국회의원,국민,소환,의사,제도,이념,양극,팬덤정치,만연,정치,풍토,정쟁,도구,정적,제거,악용,접근","윤석열,이재명,반도체,헌정질서,국회의원,헌정수호연대,연합정치,민주공화정,다수연합,더불어민주당,대한민국,70여일,민주당,불협화음,물거품,다양성",이재명 더불어민주당 대표가 10일 국회 교섭단체 대표연설에서 “내란잔당의 폭동과 저항이 70여일 계속되며 대한민국의 모든 성취가 일거에 물거품이 될 처지”라면서 “민주공화정의 가치를 존중하는 모든 사람과 함께 헌정수호연대를 구성하고 헌정파괴세력에 맞서 싸우겠다”고 했다. 내란 우두머리인 대통령 윤석열 탄핵에 찬성하는 모든 시민 정파와 손잡고 ‘반내란 연..,https://www.khan.co.kr/article/202502101856001,
01100901.20250210003305001,20250210,중앙일보,,[사설] 격화하는 정치 갈등 위험 수위 헌재 공격 멈춰야,정치>정치일반,,,범죄>범죄일반>폭행,,,"김용원,전한길씨,유일한,윤석열","광화문,서울,한국,동대구역","인권위,헌법재판소,민주공화국,더불어민주당,헌재,서울서부지법,상임위,국민의힘","격화,정치,갈등,위험,공격,수위,헌재,헌재,재판관,공격,난무,헌정,질서,심판자,존중,공동체,윤석열,대통령,탄핵,소추,사건,심리,진행,헌법재판소,공격,헌재,파괴,표현,진영,탄핵,반대,발언,구호,정치,갈등,확산,광화문,주말,서울,보수,집회,헌재,국민,파괴,선동,구호,등장,재판관,진보,성향,이름,온라인,커뮤니티,헌재,담벼락,마음,헌재,평면도,게시,초유,헌법,갈등,해결,헌재,공격,위험천만,국민,지난달,구속영장,대통령,구속,영장,발부,서울서부지법,폭력,사태,공포감,자신,생각,법치주의,정면,부정,100여,시위대,상식,폭도,상상,12,혼란,수습,절차,헌법,회복,폭력,민주공화국,근본,부정,헌재,공격,확산,보수,성향,스피커,진영,지도,인사,매개체,상임위원,김용원,인권위,상임,위원,SNS,헌재,국민,대통령,탄핵,국민,헌법재판소,흔적,논란,위원,강사,유명,한국사,전한길씨,선동,혐의,고발,무료,변론,지원,발언,전씨,동대구역,광장,집회,헌재,대통령,탄핵,불의,좌파,재판관,제2,을사오적,역사,기록,국민,헌재,속도전,입틀막,답정너,재판,비판,더불어민주당,국민,극우,세력,연결고리,비판,탄핵,찬성,집회,참가,독려,논란,광장,정치권,헌재,공격,헌재,탄핵,정국,소용돌이,정리,사실,유일,심판자,정치적,헌재,결정,존중,사회,헌법,기초,헌재,불필요,잡음,절차적,확보,유념,재판,공정,중요,공정,중요,법언,法諺,공격,권위,헌재","재판관,서울,심판자,진영,정치권,김용원,인권위,한국사,윤석열,헌법재판소,재판소,동대구역","━
 “헌재 두들겨 부숴야” “재판관 밟아” 공격 난무 
 
 ━
 헌정 질서 심판자 존중 않으면 공동체 무너져 
 윤석열 대통령 탄핵소추 사건의 심리를 진행하는 헌법재판소에 대한 공격이 도를 넘고 있다. ‘헌재 파괴’ 등 과격한 표현이 탄핵 반대 진영의 발언과 구호가 되면서 정치권 갈등으로 확산하고 있다. 지난 주말 서울 광화문에서 열린 보수 집회에서..",https://www.joongang.co.kr/article/25312749,
01101101.20250210001110001,20250210,한국일보,,"[사설] 尹과 극우 도 넘는 '혐중 몰이'에 중국 ""연계 말라"" 첫 언급",국제>중국, 정치>청와대, 국제>일본,,,,"시진핑,윤석열,김민전","한반도,미국,명동,서울,중국,한국,태양","주한중국대사관,중국 외교부,중국,헌법재판소,국가정보원,평화의,당하,한국,공산당,국민의힘","극우,혐중,몰이,중국,연계,언급,윤석열,대통령,극우세력,혐중,반중,감정,주한중국대사관,이례적,입장,표명,주한중국대사관,언론,입장문,한국,내정,중국,무리,연계,반대,한국,국민,상황,정확,인식,판단,중국,외교,한국,내정,논평,원칙,고수,대통령,근거,계엄,발동,부정선거,배후,중국,음모론,확산,한국,방문,체류,중국인들,안전,위협,표명,주한중국대사관,한국,중국,국민,안전,합법,권익,보장,요구,집회,대통령,탄핵,반대,아웃,Get,시진핑,차이나,China,중국,자극,피켓,등장,중국,관광객,조선족,물론,중국,국적,화교,상인,봉변,서울,명동,주한,중국,대사관,인근,중국,공산당,겨냥,멸공페스티벌,이름,반중,집회,정서,대통령,지지,결집,불쏘시개,이용,장면,대통령,계엄,중국인들,계엄,중국인,미국,항공모함,국가정보원,촬영,시설,중국,태양광,전국,삼림,파괴,중국발,안보,계엄,헌법,재판소,탄핵,심판,중국,총선,개입,주장,국민,김민전,의원,중국인들,집회,탄핵,찬성,참여,기름,불법,계엄,책임,중국,국민,분노,불안,중국,투사,집권세력,무책임,처사,한중,경제,안보,이익,직결,한국,기준,수출액,비중,국가,중국,19.5%,중국,대북,억지력,한반도,평화,핵심,조건,대통령,국익,희생,보수,가치","중국,한국,반중,주한중국대사관,중국인들,대사관,중국인,혐중,태양광,서울,명동,시진핑,차이나,멸공페스티벌,한중,억지력,항공모함,집권세력,부정선거",윤석열 대통령과 극우세력이 부추기는 ‘혐중 반중 감정’에 대해 주한중국대사관이 이례적으로 입장을 표명했다. 주한중국대사관은 8일 언론에 보낸 입장문에서 “한국 내정 문제를 중국과 무리하게 연계시키는 것을 반대한다”며 “한국 국민이 상황을 정확하게 인식하고 올바른 판단을 내릴 것으로 믿는다”고 밝혔다. 중국 외교부는 “한국 내정에 대해 논평하지 않는다”는..,https://www.hankookilbo.com/News/Read/A2025020914550001359,
01101101.20250210001109001,20250210,한국일보,,[사설] '옥중 정치' 윤 대통령 대변인 자처하는 여당 의원들,정치>국회_정당, 정치>청와대, 정치>선거,,,,"김기현,권영세,조아리,강명구,윤,윤석열,윤상현,권성동,김민전,이재명","구치소,비상계엄","헌법재판소,경찰,더불어민주당,서울구치소,서울서부지법,사법부,국민의힘","옥중,정치,대변,대통령,자처,여당,의원,의원,판사,출신,김기현,국민의힘,헌법,재판소,재판,형식,정치쇼,윤석열,대통령,두둔,불신,사법,체계,조장,윤상현,김민전,국민의힘,의원,서울구치소,대통령,면회,3일,권영세,비상,대책,위원장,권성동,원내,대표,인간,도리,운운,구치소,30여,소속,의원,경쟁적,면회,타진,내란,세력,절연,국민,성찰,모습,여당,집권,도리,우두머리,혐의,대통령,머리,의원,면회,더불어민주당,좌파,카르텔,형성,모래알,대통령,비상계엄,선포,국격,추락,장본인,여당,선동,어처구니,경찰,사수대,대통령,체포영장,집행,관저,여당,의원,정치,이젠,옥중,대변인,자처,의원,대통령,구속,영장,발부,서울,서부,지법,난동,현장,의원,대통령실,출신,강명구,조지연,의원,여당,헌법재판소,대통령,탄핵,심판,방청,여당,의원,행태,다수,국민,대통령,반복,궤변,변명,비상식적,계엄,옹호,수사기관,사법부,여당,의원,언행,상승,여당,지지율,지지율,상승,여당,대표,이재명,더불어민주당,집권,보수,결집,결과,중도층,탄핵,대통령,찬성,야당,정권교체,희망,의견,다수,여당,극렬,지지,중도,확장,집권,법치,가치,보수,품격,추락,따름,사실,명심","더불어민주당,국민의힘,권성동,권영세,헌법재판소,재판소,윤상현,체포영장,대통령실,지지율,서울구치소,조지연,이젠,이재명,수사기관,정권교체,위원장,따름",판사 출신 김기현 국민의힘 의원이 9일 “헌법재판소가 재판이라는 형식을 빌려 ‘정치쇼’를 이어간다”며 윤석열 대통령을 두둔하기 위해 사법 체계 불신을 조장하는 말을 쏟아냈다. 윤상현 김민전 국민의힘 의원은 지난 7일 서울구치소를 찾아 윤 대통령을 면회했다. 3일에 권영세 비상대책위원장과 권성동 원내대표가 “인간으로서 당연한 도리” 운운하며 구치소를 찾은..,https://www.hankookilbo.com/News/Read/A2025020711040005962,
01101001.20250209185012002,20250209,한겨레,한겨레,"[사설] ‘내란 음모론’ 힘 싣는 국힘, 그러면 계엄이 없던 일 되나",정치>청와대, 정치>국회_정당, 국제>중남미,,,,"나경원,윤,홍장원,곽종근,윤석열,윤상현#국민의힘 의원,이재명,곽,홍,김병주,박선원",,"화상회,헌법재판소,불공정,국가정보원,더불어민주당,서울구치소,12·3 비상계엄,헌재,국민의힘","내란,음모,국힘,계엄,국민,윤석열,대통령,야당,공작설,탄핵,대통령,야당,내란,프레임,주장,피의자,내란,수괴,여당,밀착,발언,탄핵,심판,증인,꼬투리,재판,진행,불공정성,주장,헌법,재판소,결정,불복,의지,노골적,피력,의원,윤상현,국민의힘,회견,자청,대통령,탄핵,심리,홍장원,국가,정보원,곽종근,육군특수전사령관,증언,위증,의혹,증인,매수,차장,사령관,더불어민주당,김병주,박선원,의원,국민,이름,고발,주장,계엄,정치인,체포,국회의원,대통령,지시,폭로,진술,야당,오염,나경원,의원,이재명,대통령,저급,시나리오,주장,공개변론,헌재,공개,변론,대통령,주장,홍장원,공작,특전사령관,출연,김병주,티브이,프레임,탄핵,공작,시작,음모론,편승,차장,사령관,일관,대통령,부당,지시,증언,대통령,지시,정치인,체포,간첩,수사,격려,부인,정치인,계엄,당일,체포조,운영,증언,진술,사령관,진술,의원,인원,주장,말꼬리,사령관,대통령,통화,화상,회의,마이크,예하,부대,공유,실체,진실,탄핵심판,진행,12,위헌,위법성,대통령,국민,사과,한마디,자신,정치공작,희생양,헌재,불공정,취지,주장,헌재,증인,신문,방식,공정,공개,입장문,국민,궤변,거리,헌재,불복,선동,윤석열,스피커,구실,자처,10일,국민,의원,서울구치소,예정,12,현장,국민,세계,실시간,목격,음모론,주장,계엄","사령관,김병주,탄핵심판,정치인,음모론,윤석열,홍장원,비상계엄,국민의힘,윤상현,곽종근,정보원,육군특수전사령관","국민의힘이 윤석열 대통령의 이른바 ‘야당 공작설’에 힘을 싣고 나섰다. 윤 대통령 탄핵이 야당이 만든 ‘내란 프레임’ 탓이라는 주장이다. 내란 수괴 피의자와 여당이 밀착해 탄핵심판 증인 발언을 꼬투리 잡고 재판 진행의 불공정성을 주장하며 헌법재판소 결정에 불복하겠다는 의지를 노골적으로 피력하고 있다.
윤상현 국민의힘 의원은 9일 기자회견을 자청해 윤 대..",http://www.hani.co.kr/arti/opinion/editorial/1181536.html,
01100101.20250209181603001,20250209,경향신문,,"[사설]손바닥으로 해 가리는 윤석열, 그 인질이 된 국민의힘",정치>행정_자치, 정치>국회_정당, 정치>청와대,,,,"홍장원,곽종근,윤석열,한동훈,김용현,최상목",비상계엄,"극우정당,검찰,국방부,국회,국정원,선관위,계엄군,쿠데타,포고령,비상입법기구,방첩사,12·3 비상계엄,헌재,국군방첩사령부,국정조사특위,국민의힘","손바닥,윤석열,인질,국민의힘,우두머리,혐의,구속수감,대통령,윤석열,탄핵심판,종반,6회,진행,탄핵,심판,변론,12,국헌,문란,목적,시도,검찰,경찰,고위공직자범죄수사처,공수처,수사,청문회,국회,국정,조사,특위,동일,윤석열,책임,궤변,반복,손바닥,여당,국민의힘,가스라이팅,복창,법치주의,헌정,질서,수호,주류,보수,정당,지경,개탄,12,윤석열,친위,쿠데타,시도,사실,논증,불필요,만치,명약관화,국회,포함,일체,정치활동,계엄포고령,내란,증거,국회,결의권,계엄,해제,요구,결의,규정,헌법,무력화,조항,포고령,근거,경찰,국회,봉쇄,계엄군,국회,진입,곽종근,특전사령관,다수,증언들,윤석열,국회,계엄해제,결의,의원들,지시,확인,국군방첩사령부,계엄포고령,근거,국회의장,여야,대표,영장,체포,구금,윤석열,홍장원,홍장원,국정원,방첩사,지원,지시,윤석열,계엄,다음날,12월,한동훈,국민,한동훈,대표,체포조,운용,항의,포고령,위반,계엄군,선관위,침탈,윤석열,지시,사실,인정,비상,입법,기구,설치,언론사,봉쇄,단전,단수,조치,지시사항,부처,전달,비상계엄,후속,조치,문건,계엄,실행용,김용현,국방부,장관,헌재,변론,계엄포고령,집행,생각,윤석열,계엄,경고용,국회,의원,요원,궤변,포고령,과거,계엄포고령,비상계엄,문건,권한대행,최상목,대통령,권한,대행,윤석열,모르쇠,국민,바보,막무가내,궤변,부인,가관,윤석열,옹호,여당,태도,국민,9일,프레임,허위,내란,여당,의원,옥중정치,메신저,자임,윤석열,선동,발언,확대,송출,여당,나라,투입,국회,정치인,법조인,언론인,무시,헌법기관,쑥대밭,언론사,폐쇄,독재,전체주의,체제,여당,윤석열,인질,극우,정당,내란옹호,정당,윤석열,절연,보수,재건,확장,선택","윤석열,계엄포고령,비상계엄,포고령,언론사,국정원,한동훈,계엄군,국민의힘,탄핵심판,홍장원,계엄해제,최상목,결의권,손바닥,의원들","내란 우두머리 혐의로 구속수감 중인 대통령 윤석열의 탄핵심판이 종반에 접어들었다. 6회까지 진행된 탄핵심판 변론을 통해 12 3 비상계엄은 국헌문란 목적 내란 시도였음이 속속 드러나는 중이다. 검찰 경찰 고위공직자범죄수사처(공수처)의 수사, 국회 국정조사특위 청문회도 동일한 결론을 향하고 있다. 그럼에도 윤석열은 책임 떠넘기기와 궤변을 반복하며 손바닥으..",https://www.khan.co.kr/article/202502091815011,
01100801.20250208001600001,20250208,조선일보,조선일보,[사설] 功 세운다고 경솔하고 성급하게 나서더니,정치>국회_정당, 정치>청와대, 정치>행정_자치,,,,"한동훈,윤,홍장원,곽종근,윤석열,곽,김병주,박선원","장악,국조특위","국정원장,민주당,헌법재판소,검찰,유튜브,국가정보원,육군,국회,헌재,법원,국민의힘","경솔,헌법,재판소,윤석열,대통령,탄핵,심판,변론,기일,곽종근,육군,특수,전사령관,대통령,국회의원,인원,기억,사령관,국회,국조특위,국회의원,지시,공개,변론,대통령,인원,단어,사용,자신,국회의원,이해,의원,인원,대통령,국회,투입,장악,사실,자체,증거,상황,혼선,초래,사실,대통령,계엄,대표,정치인,체포,명령,증거,검찰,제출,홍장원,국가,정보원,메모,논란,차장,헌재,공개,변론,출석,여인형,국군방첩사령관,정치인,체포,대상,명단,관사,주머니,수첩,사무실,보좌관,정서,正書,통화,원본,종이,사람,진술,논란,수사기관,헌재,민주당,의원,공개,의원,민주당,김병주,계엄,사흘,사령관,인터뷰,유튜브,의원,인원,요원,사령관,국회의원들,유도,질문,사령관,발언,공개,바람,혼선,차장,메모,의원,민주당,박선원,공개,수사기관,법원,헌재,진상,정치적,이용,개인적,마음,논란,경솔,행태들,개탄","사령관,국회의원,민주당,유튜브,정치인,한동훈,경솔,박선원,수사기관,김병주,보좌관,사무실,홍장원,국군방첩사령관,正書,여인형,재판소,행태들,곽종근,국정원장,국조특위,정보원,윤석열,전사령관,국회의원들","6일 헌법재판소에서 열린 윤석열 대통령의 탄핵 심판 6차 변론기일에서 곽종근 전 육군 특수전사령관이 “윤 대통령이 ‘국회의원’을 끌어내라고 한 적은 없다. ‘인원’으로 기억한다”고 말했다. 앞서 곽 전 사령관은 국회 내란 국조특위 등에서 “국회의원을 끌어내라”는 지시를 받았다고 했다. 그런데 이번 공개 변론에서 윤 대통령은 “인원”이란 단어를 사용했고,..",https://www.chosun.com/opinion/editorial/2025/02/08/MYKYAC6YOFCFLDE3GGSHA2MUVE/?utm_source=bigkinds&utm_medium=original&utm_campaign=news,
01100401.20250208233131001,20250208,동아일보,,[사설]“탄핵 공작” 음모론과 지엽적 시비로 12 3사태 본질 가려질까,정치>청와대, 정치>국회_정당,,,,,"조지호,이진우,홍장원,곽종근,윤석열,김병주TV,곽",장악,"동원,민주당,헌법재판소,검찰,국가정보원,경찰청장,국회,헌재,비상계엄,부대원","탄핵,공작,음모론,지엽,시비,12,윤석열,대통령,헌법재판소,탄핵심리,12,위헌,불법성,여부,지엽,시비,모습,불리,발언,말꼬리,대응,사태,본질,전략,지적,근거,제시,탄핵,공작,주장,여론전,곽종근,특수전사령관,헌재,의결정족수,계엄,해제,의결,정족수,국회,인원들,지시,대통령,국회의원,지시,대통령,사령관,국회,의원,이해,인원,탄핵,심판,핵심,대통령,국회,계엄,해제,동원,여부,대통령,급박,상황,지시,지시,의원,표현,반론,사령관,대통령,의결정족수,얘기,발언,이진우,수도방위사령관,검찰,지시,전화,대통령,거론,진술,사령관,대통령,전화,지시,지휘관,화상회의,마이크,현장,부대원들,수사,정치인,체포,지시,여부,탄핵,심판,중요,쟁점,계엄,선포,지시,홍장원,국가,정보원,증언,대통령,간첩,수사,격려,부인,차장,대통령,지시,방첩사령관,전화,10여,정치인,이름,사실,조지호,경찰청장,대통령,용지,정치인,체포자,명단,인정,본질,전략,탄핵,공작,음모론,대통령,홍장원,공작,곽종근,민주당,의원인,김병주,TV,출연,프레임,탄핵,공작,시작,주장,자신,불리,증언,사람,야당,사실,불순,의도,누명,정치,공작,대통령,자신,무모,명령,구속,곤경,장성,미안,한마디,자신,계몽,경고,의도,부하들,오해,생각,정작,핵심,쟁점,설득력,해명,쟁점,시도,그날,국회,장악,사실","사령관,정치인,곽종근,홍장원,의결정족수,비상계엄,정작,정족수,윤석열,의원인,김병주,장성,부대원들,전사령관,수도방위사령관,화상회의,불법성,재판소,부하들,민주당,이진우,부대원,정보원,특수전사령관","윤석열 대통령 측이 헌법재판소의 탄핵심리를 12 3 비상계엄의 위헌 불법성 여부와는 동떨어진 지엽적 시비로 끌고 가는 모습이다. 불리한 발언에 대한 말꼬리를 잡는 식의 대응으로 사태의 본질을 흐려려는 전략이란 지적이 나온다. 그러면서 뚜렷한 근거 제시 없이 “탄핵 공작”을 주장하며 여론전을 부추기고 나섰다. 
 
 곽종근 전 특수전사령관은 6일 헌재에서..",https://www.donga.com/news/Opinion/article/all/20250207/130991372/2,
01101001.20250207183010002,20250207,한겨레,한겨레,"[사설] 자신 위해 싸우라는 윤석열의 ‘옥중 정치’, 불복 선동하는 것인가",정치>청와대, 정치>국회_정당, 정치>선거,,,,"윤,홍장원,곽종근,윤석열,윤상현,김용현,김민전,최상목","적나라,적도","내란국정조사특위,헌법재판소,국방부,국가정보원,더불어민주당,서울구치소,자유민주,헌재,국회,지도,국민의힘","자신,윤석열,옥중,정치,불복,선동,윤석열,대통령,국민,의원들,모래알,본인,중심,결집,주문,군인들,여당,자신,지령,모습,12,사태,곤궁,국민들,생각,자신,안위,생각,모습,대통령,이날,서울구치소,윤상현,김민전,의원,더불어민주당,좌파,카르텔,형성,의원,위기,자유,민주주의,체제,자세,견지,중요,강조,의원,대통령,기대감,자신,파면,기정사실화,분위기,조기,대선,제동,투쟁,탄핵,반대,집중,요구,대통령,헌재,탄핵심판,변론,결정,의원,헌재,곡해,헌재,결정,헌법,재판소,탄핵,심판,대통령,비상계엄,선포,국회,선관위,침탈,지시,정치인,체포,위헌,위법,행위,대통령,야당,내란,프레임,곡해,자신,행위,강변,헌재,거짓말,궤변,부하,책임,대통령,모습,한숨,국민들,대통령,세상,사람,탄핵,심판,변론,곽종근,특전사령관,계엄,계엄,대통령,장관,김용현,국방부,철수,지시,증언,대통령,계엄,야당,경고용,주장,결의,계엄,해제,계엄군,철수,지시,주장,정면,배치,시도,국회,무력,핵심,증거,편성,국가,비상,입법,기구,예산,지시,문건,대통령,실무자,전달,권한대행,최상목,대통령,권한,대행,내란국정조사특위,확인,쪽지,한참,언론,기사,1월,주장,상충,수세,대통령,자신,탄핵,심판,정치,공작,규정,지시,정치인,체포,폭로,홍장원,국가,정보원,국회의원,지시,일관,증언,곽종근,사령관,야당,결탁,주장,동시,헌재,곡해,운운,심판,결과,불복,노골적,피력,국민,지도부,3,내란,이날,동조,윤상현,김민전,의원,옥중,정치,메시지,적극,전파,거짓말,궤변,분열,선동,행태","탄핵심판,정치인,곽종근,사령관,윤석열,윤상현,국방부,국민들,거짓말,김용현,최상목,군인들,홍장원","윤석열 대통령이 7일 국민의힘 의원들과 만나 “우리는 모래알이 돼서는 안 된다”며 당이 본인을 중심으로 결집할 것을 주문했다. 자기 죄는 군인들에게 뒤집어씌우더니, 여당을 향해선 자신을 위해 싸우라는 ‘지령’을 내리는 모습이다. 12 3 내란 사태 이후, 곤궁에 처한 국민들에 대한 생각은 전혀 없이 오로지 자신의 안위만 생각하는 모습이다.
윤 대통령은 ..",http://www.hani.co.kr/arti/opinion/editorial/1181344.html,
01100101.20250207182049001,20250207,경향신문,,"[사설] 더는 미룰 수 없는 연금개혁과 추경, 초당적 합의 해야",정치>행정_자치, 정치>국회_정당,,사고>산업사고>화재,,,"윤석열,우원식 국회의장,최상목,이재명","미국,경기","국민연,민주당,더불어민주당,복지위,비대위,국회,공무원연금,보건복지위,행정부,특위,정부,시민대표단,한국은행,국민연금특별위원회,국민의힘,기초연","연금개혁,추경,해야,합의,사설,연금개혁,추경,해야,합의,연금개혁,구조개혁,모수,개혁,추진,여야,의견,권영세,국민,비대위원장,6일,보험료,13%,확정,소득대체율,결정,제안,대표,이재명,더불어민주당,이달,모수,개혁,입법,제안,모수,개혁,보험료율,현행,9%,나중,소득대체율,기준,41.5%,수급,연령,의무가입기간,수치,조정,국회,여야,보험료율,보험료,13%,,소득,대체,42~45%,의견,접근,윤석열,대통령,구조개혁,병행,거부,논의,여당,현실론,하루,연금개혁,앞날,다행,의견,협의,이달,개혁,법안,처리,당부,저출생,고령화,2007년,모수,개혁,국민연금,885억,기금,적자,발생,탄핵,대통령,윤석열,정국,혼란,공동체,미래,정치권,국민,국회,국민,연금,특별,위원회,특위,구성,입장,민주당,국회,보건,복지,논의,주장,의견,국회,복지위,모수,개혁,처리,의견,포괄적,조정,구조개혁,특위,구성,기초연금,퇴직연금,공무원연금,논의,국민연금,계층,세대,연대,시민,노후,보장,복지제도,연금개혁,시민들,반영,중요,정치권,연금,개혁,공론,시민대표단,학습,토의,설문,조사,연금개혁,국민연금,국가,책임,강화,지급,보장,명문,결정,연금개혁,추가경정예산,추경,편성,12,내수,위축,한국은행,국내총생산,GDP,성장,전망,1.6,1.7%,하향,조정,2개월,0.2%,포인트,정도,경제,민생,최악,경기,침체,물가,스태그플레이션,수출,버팀목,역할,관세,장벽,미국,트럼프,행정부,출범,새해,벽두,권한대행,최상목,대통령,권한,대행,우원식,국회,의장,여야,대표,참여,회동,추경,규모,용처,처지,자리,여야,정부,합의","연금개혁,보험료율,구조개혁,소득대체율,모수,보험료,윤석열,미국,비상계엄,정치권,우원식,최상목,더불어민주당,이재명,국민연금,총생산,국내총생산,한국은행,스태그플레이션","[사설] 더는 미룰 수 없는 연금개혁과 추경, 초당적 합의 해야

연금개혁과 관련해 구조개혁에 앞서 ‘모수 개혁’을 추진하자는데 여야의 의견이 모이고 있다. 권영세 국민의힘 비대위원장이 지난 6일 “우선 급한 보험료율 13%부터 확정하고, 소득대체율도 가급적 빨리 결정하자”고 제안한 것이다. 이재명 더불어민주당 대표도 이달 중 모수개혁 입법을 완료하자고..",https://www.khan.co.kr/article/202502071819011,
01100101.20250207181249001,20250207,경향신문,,"[사설] ‘사기극’ 다름 없는 윤석열의 대왕고래 프로젝트, 진상 철저히 밝혀야",경제>자원, 정치>청와대,,,,,"박춘섭,배석한,안덕근,윤석열","미국,비상계엄,동해","액트지오,정부,망상,헌법재판소,산업부,자원,국정조사,삼성전자,대국,산업통상자원부","사기극,윤석열,대왕,고래,프로젝트,진상,산업통상자원부,가스전,대왕고래,동해,가스전,사업,대왕,고래,프로젝트,확보,시추,탐사,결과,경제,추가,탐사,중단,대통령,윤석열,국정브리핑,마이크,사업,8개월,실패,산업부,정치,의도,개입,인정,사기극,사실,대국민,윤석열,탄핵,별개,사안,감사,수사,국정조사,진상,책임,대왕,고래,유전,윤석열,천연가스,최대,석유,최대,의문투성이,배석,장관,안덕근,산업부,추정,매장량,배럴,삼성전자,시가,총액,5배,2000조,성공가능성,20%,산유국,4,20%대,폭락,여론,반전,무리,유전,의혹,꼬리,정부,의뢰,가능성,자원,매장,가능,평가,미국,컨설팅,업체,액트지오,세금,체납,전력,회사,논란,산업,고위,관계자,1차,생각,정무적,영향,개입,사과,주무부서,생각,정무,영향,짐작,절차,정상,논의,과학적,경제적,판단,윤석열,프로젝트,추진,대국민,시사,주무부처,1시간,대통령,계획,대통령,통보,윤석열,당일,시추,지시,정황들,이해,윤석열,비상계엄,선포,근거,삭감,대왕,고래,예산,제시,경제수석,박춘섭,대통령실,경제,수석,프로젝트,실패,변론,헌법,재판소,대통령,탄핵,심판,삭감,대왕,고래,예산,국정,마비,사안,주장,비상계엄,엉터리,망상,확인,윤석열,탄핵,별개,엉터리,국민,현혹,혈세,낭비,책임,의도,근거,탐사,결정,예산,낭비,철저,실체,평가사,선정,규명,최고권력자,국가,중대사,정치적,악용,실패,계기,정부,시대착오적,화석연료,비중,신재생,에너지,당부","윤석열,대왕고래,산업부,대국민,지지율,1차,사기극,비상계엄,삼성전자,신재생,평가사,배럴,액트지오,미국,박춘섭,안덕근,국정브리핑,정무적,대통령실,동해,가스전",산업통상자원부가 지난 6일 동해 가스전 개발사업 ‘대왕고래’ 프로젝트에 대한 1차 시추탐사 결과 “경제성 확보가 어렵다”고 결론내렸다. 추가 탐사도 중단하기로 했다. 대통령 윤석열이 ‘국정브리핑 1호’라며 직접 마이크를 쥐고 기대를 부풀렸던 사업이 8개월 만에 실패로 끝난 것이다. 산업부는 당시 발표에 정치적 의도가 개입됐다는 점도 인정했다. 사실상 ‘..,https://www.khan.co.kr/article/202502071811001,
01100401.20250207233127001,20250207,동아일보,,[사설]“삼전 시총 5배” 8달 만에 “대왕고래 경제성 없다” 사기극 수준,정치>청와대,,,,,,"안덕근,윤석열","동해 지역,영일만,경북,미국,12·3 비상계엄,포항,동해,호주","한국가스공사,액트지오,정부,산업부,우드사이드,삼성전자,대국,산업통상자원부,석유개발회사","5배,삼전,시총,8달,대왕,고래,경제,사기극,수준,대왕,고래,프로젝트,동해,가스전,산업통상자원부,경제,확보,수준,윤석열,대통령,6월,국정브리핑,경북,포항,영일만,앞바다,배럴,최대,석유,가스,매장,가능성,정부,경제성,판단,12월,시작,작업,탐사,시추,정부,추가,탐사,시추,대왕,고래,프로젝트,사실,실패,영일만,석유,가스,탐사,시추,계획,참패,총선,국정지지율,20%대,상황,대통령,국정브리핑,의혹,꼬리,가능성,탐사,성공,가능,20%,상대적,실패,확률,사업,대통령,천연가스,최대,석유,최대,동해,유전,석유,가능성,가스,매장,가능,확인,액트지,미국,컨설팅,업체,회사,업체,15년,심해,동해,지역,탐사,호주,최대,석유개발회사,우드사이드,사업성,사업,판단,철수,사실,결국,산업,고위,관계자,이날,케이스,탐사시추,성공,확률,로또,확률,정무적,부담,진행,대통령,가능성,프로젝트,성공,가능,검증,장밋빛,예단,무리,사실,실토,대통령,국정브리핑,배석,장관,안덕근,산업부,동해,석유,가스,매장,가치,삼성전자,시가,총액,정도,관계자,사과,대통령,장관,국민,상대,뻥튀기,사기,의심,지경,대통령,12,닷새,대국민,담화,야당,예산,삭감,비판,대왕,고래,프로젝트,대표적,사례,언급,과학,근거,빈약,사업성,프로젝트,위헌,위법,계엄,근거,한국가스공사,대왕,고래,테마주,분류,기업들,프로젝트,사실,실패,6일,거래,하한가,추락,기업,가치,국민,산유국,희망,고문,대통령,정부,엉터리,협작,책임","동해,탐사시추,국정브리핑,가능성,관계자,산업부,경제성,미국,5배,사업성,영일만,테마주,삼성전자,산유국,시총,우드사이드,경북",‘대왕고래 프로젝트’로 불리는 동해 심해 가스전 개발사업에 대해 산업통상자원부가 6일 “경제성을 확보할 수준이 아니다”라고 밝혔다. 윤석열 대통령이 지난해 6월 첫 국정브리핑을 열고 “경북 포항 영일만 앞바다에 최대 140억 배럴의 석유와 가스가 매장돼 있을 가능성이 높다”고 직접 발표한 지 8개월 만에 정부가 경제성이 없다고 판단한 것이다. 지난해 1..,https://www.donga.com/news/Opinion/article/all/20250206/130985285/2,
01100401.20250207232809001,20250207,동아일보,,"[사설]난동자에 “애국전사”, “탄핵 땐 헌재 부숴야” 용납 못 할 망발들",정치>청와대, 정치>국회_정당, 국제>중동_아프리카,범죄>범죄일반>폭행,,,"김용원,윤석열,김용현",,"동원,국방부,국방장관,국가인권위,법원,상임위,페이스북,유튜버,정부,입법부,헌법재판소,헌재,서울서부지법,타깃,대한민국,사법부","난동자,애국전사,탄핵,헌재,탄핵,용납,망발들,12,내란,중요,임무,종사,혐의,구속,재판,김용현,국방부,장관,사태,서울,서부,지법,난동,구속,피의자들,서부,지법,애국전사,자신,영치금,상임위원,김용원,국가,인권,인원회,상임,위원,페이스북,헌법재판소,주권자,국민,대통령,탄핵,국민,헌재,흔적,민주주,최후,보루,사법부,부정,폭력,언동,내란,우두머리,윤석열,대통령,구속영장,발부,법원,폭력,국방장관,내란,난동자들,응원,제2,제3,폭력,사태,사법부,헌재,주장,인물,자리,국가,인권위,상임,위원,극우,유튜버,국민,헌재,폭력,점거,인사,정부,차관,한술,대통령,비상계엄,선포,대한민국,민주주의,삼권분립,골간,불리,선거,결과,부정,야당,다수,입법부,봉쇄,국가,독점,물리,수단,군대,동원,행위,헌정,파괴,심판,사법부,극단,세력,폭력,타깃,폭력,변명,옹호,폭력,선동,방치,민주주의,폭력,제물,혼란,중심,대통령,대통령,책임,수하,국방장관,군인들,재판,현장,핵심,수뇌,책임,부인,억지,궤변,주변,동조자들,상대,이분법,음모론,몰상식,합리화,움직,민주주,회복,사법,절차,흠집,추종,세력,결집,종국,위험,불복,사태,사전,준비,걱정","사법부,비상계엄,민주주,민주주의,김용원,상임위원,국방장관,난동자,애국전사,이분법,음모론,동조자,동조자들,몰상식,골간,합리화,헌법재판소,입법부,재판소,페이스북,국방부,제2,움직",12 3 비상계엄 사태와 관련해 내란중요임무종사 혐의로 구속돼 재판받고 있는 김용현 전 국방부 장관이 서울서부지법 난동 사태로 구속된 피의자들을 ‘서부지법 60여 분의 애국전사’라고 칭하며 자신에게 들어온 영치금을 나눠 이들에게 보냈다. 김용원 국가인권인원회 상임위원은 페이스북에 “만약 헌법재판소가 주권자인 국민 뜻을 거슬러 대통령을 탄핵한다면 국민은 ..,https://www.donga.com/news/Opinion/article/all/20250206/130985287/2,
01100101.20250206190453001,20250206,경향신문,,"[사설] 거짓말 들통나자 ‘탄핵 공작’이라니, 윤석열 파면뿐이다",정치>청와대, 정치>국회_정당, 정치>행정_자치,,,,"홍장원,윤석열,이재명,김 전,이석기,곽종근,여인형,김건희,최재영,김용현,한동훈,곽,최상목,우원식,박안수","해산,적도,국조특위","헌법재판소,비상입법기구,검찰,국가정보원,국방부,대원,통진당,헌재,국회,계엄사","거짓말,들통,탄핵,공작,윤석열,파면,대통령,윤석열,변론,헌법,재판소,탄핵,심판,작금,상황,정치,공작,주장,계엄,윤석열,계엄,체포,지시,폭로,홍장원,국가,정보원,곽종근,특전사령관,공작,시초,지목,적반하장,유분수,윤석열,계엄,계엄,사령관,국회의원,지시,사실,부인,의원,사령관,이해,의원,단어,상부,이행,지시,부당,현실적,불가능,사령관,책임,망언,망언,자신,부하들,무능력자,거짓말쟁이,군통수권자,국민들,지경,헌재,국회,이날,윤석열,탄핵,증언,사령관,윤석열,김용현,국방부,장관,국회,특전사,대원,철수,지시,증언,윤석열,지난달,변론,계엄,해제,요구,결의,김용현,장관,박안수,계엄사령관,즉시,철수,지시,권한대행,최상목,대통령,권한,대행,12,국가비상입법기구,쪽지,국회,국조특위,윤석열,자신,관계자,쪽지,전달,증언,비상입법기구,계엄,국회,해산,목적,핵심,증거,윤석열,헌재,지난달,쪽지,한참,언론,기사,장관,쪽지,작성,전달,대행,윤석열,발언,상충,도둑질,손발,계엄,준비,정황,증거,추가,검찰,확보,여인형,방첩,사령관,휴대,전화,ㅈㅌㅅㅂ,공통,의견,4인,각오,글귀,작성,확인,ㅈㅌㅅㅂ,정보사,특전사,수방사,방첩사,의미,휴대전화,체포,대상자,추정,명단,우원식,이재명,한동훈,김건희,디올백,최재영,목사,이석기,이석기,통진당,의원,메모,발견,국민,바보,헌정,파괴,내란수괴,궤변,거짓말,헌재,신속,심판,진행,윤석열,하루,파면","윤석열,사령관,특전사,거짓말,김용현,휴대전화,ㅈㅌㅅㅂ,이석기,통진당,최상목,김건희,내란수괴,한동훈,디올백,여인형,4인,이재명,최재영,도둑질,곽종근,무능력자","대통령 윤석열이 6일 헌법재판소 탄핵심판 6차 변론에서 작금의 상황을 ‘정치 공작’이라고 주장했다. 계엄 당시 윤석열의 체포 지시를 받았다고 폭로한 홍장원 전 국가정보원 1차장과 곽종근 전 특전사령관을 ‘공작의 시초’로 지목했다. 적반하장도 유분수지 소가 웃을 일이다.

윤석열은 계엄 당시 곽 전 사령관에게 국회의원을 끌어내라고 지시한 사실도 거듭 부인..",https://www.khan.co.kr/article/202502061904001,
01101001.20250206184012002,20250206,한겨레,한겨레,"[사설] ‘모든 책임 지겠다’는 사령관, 내 책임 아니라는 대통령",정치>청와대, 정치>국회_정당, 정치>외교,,,,"김현태,김,윤,홍장원,곽종근,강인한,윤석열,김용현,곽","비상계엄,북한","계엄군,헌법재판소,검찰,국방부,국가정보원,육군,더불어민주당,국회","책임,사령관,책임,대통령,곽종근,육군,특수,전사령관,헌법,재판소,윤석열,대통령,탄핵,재판,대통령,지시,요원,의원,증언,김현태,특수,임무단장,비상계엄,당일,사령관,국회의원,150명,국회,본회의장,이야기,대통령,부당,명령,군인들,혐의,전면,부인,면전,대통령,정면,반박,이날,사령관,계엄,전투통제실,화면,지휘,나중,마이크,공소장,발언,대통령,장관,지시,현장,지휘관,논의,문짝,도끼,검찰,공소장,대통령,김용현,국방부,장관,명령,부대,생방송,전달,얘기,사령관,단장,계엄군,현장,출동,부하들,미안,자신들,책임,특전사,707특임단,공수특전여단,부대,훈련,최고,전투능력,체력,자랑,북한,임무,계엄,당일,북한,출동,국회,현장,시민,충격,대통령,장관,부당,지시,부하들,후회,양심선언,지휘관,자세,호수,달그림자,대통령,행태,대비,대통령,자신,부당,명령,군인들,조금,미안,마음,내란,실패,책임,부하들,선처,한마디,자신,부하들,모습,치졸,대통령,대통령,이날,궤변,거짓말,책임,모면,홍장원,국가,정보원,사령관,단장,증언,더불어민주당,공작,주장,국민들,억지,궤변,달째,고역,하루","사령관,부하들,지휘관,공소장,김현태,윤석열,비상계엄,국민들,특임단,공수특전여단,양심선언,홍장원,707특임단,통제실,달째,전투능력,전사령관,더불어민주당,재판소,생방송,정보원,본회의장,특전사,전투통제실,임무단장,한마디,군인들,국회의원,곽종근,국방부,자신들,달그림자,김용현",곽종근 전 육군 특수전사령관이 6일 헌법재판소에서 열린 윤석열 대통령 탄핵 재판에서 윤 대통령이 끌어내라고 지시한 것은 ‘요원’이 아니라 ‘의원’이라고 거듭 증언했다. 김현태 707특수임무단장은 비상계엄 당일 곽 전 사령관으로부터 “(국회의원이) 150명 넘으면 안 된다고 하는데 (국회 본회의장에) 들어갈 수 없겠냐”는 이야기를 들었다고 밝혔다. 윤 대..,http://www.hani.co.kr/arti/opinion/editorial/1181138.html,
01100101.20250206181524001,20250206,경향신문,,"[사설]최상목의 경찰 ‘친윤 인사’, 선택적 대통령 놀이 멈추라",사회>사건_사고, 정치>청와대, 정치>선거,,,,"남제현,김봉식,조지호,박현수,박,윤석열,조정래,마은혁,최,최상목,이상민",비상계엄,"서울경찰청장,경찰,치안정보국,국회,경찰대,대통령직인수위,경찰국장,행정안전부,정부,경찰청장,101경비단,서울영등포서장,경찰청,행안부,치안감 승진,국정상","최상목,인사,경찰,친윤,선택,대통령,권한대행,최상목,대통령,권한,대행,박현수,행정안전부,경찰국장,2위,경찰,서열,치안정감,승진자,내정,국장,12,가담,여부,소명,인물,포함,4명,경찰,고위,승진,내정자,3명,경찰,인사,경찰대,국장,윤석열,정부,대통령,인수위,인사,검증,대통령실,국정,상황실,경찰청,치안,정보,국장,행안부,경찰국장,경무관,치안감,승진,치안정감,자리,국장,혐의,중요,임무,종사,구속,기소,김봉식,서울경찰청장,후임,윤석열,비상계엄,선포,통제,국회,전면,지시,조지호,경찰청장,경찰청,경비,국장,서울영등포서장,이상민,이상민,행안부,장관,통화,청장,혐의,중요,임무,종사,기소,이상민,언론사,단전,단수,지시,혐의,조사,국장,전화,통화,얘길,가담,혐의,규명,치안정감,승진,사건,수사,영향력,행사,서울경찰청장,어처구니,대행,인사,국장,승진,당장,철회,인사,치안감,승진,내정자,조정래,경무관,대통령실,경비,경비단,출신,남제현,경무관,국정상황실,파견,근무,윤석열,사람,구치소,우두머리,윤석열,코드,인사,정도,인사,경찰,고위,추천권자,경찰청장,제청권자,행안부,장관,임용권자,대통령,대행,상황,경찰,인사,계엄,연루,기관,조직,인사,신중,신중,대행,친윤,인사,위주,인사,강행,대행,국정,운영,납득,연속,다수,국민,요구,내란,특검법,억지,논리,거부권,행사,국회,의결,후보자,마은혁,헌법,재판관,여야,합의,확인,임명,보류,비상,시국,국정,대행,선택적,대통령,놀이,국가,위기,조기,극복,매진","윤석열,경찰청,이상민,경무관,행안부,경찰국장,치안정감,대통령실,치안감,마은혁,경찰청장,내정자,친윤,서울경찰청,서울경찰청장,상황실","최상목 대통령 권한대행이 지난 5일 박현수 행정안전부 경찰국장을 경찰 서열 2위인 치안정감 승진자로 내정했다. 박 국장은 12 3 내란 가담 여부가 소명돼야 할 인물인 데다, 그를 포함해 경찰 고위직 승진 내정자 4명 중 3명이 ‘경찰 내 친윤 인사’이다.

경찰대 10기인 박 국장은 윤석열 정부에서 대통령직인수위 인사검증팀과 대통령실 국정상황실을 거쳐..",https://www.khan.co.kr/article/202502061815001,
01101001.20250206181015003,20250206,한겨레,한겨레,"[사설]“탄핵되면 헌재 부수라”는 인권위원, 그냥 둬야 하나",정치>청와대, 국제>중남미, 국제>중동_아프리카,범죄>범죄일반>사기,,,"김용원,전한길씨,윤석열,정치용","서울,한국","인권위,인권위원회,헌법재판소,헌재,상임위원회,국가인권위원회,상임위,페이스북,전원위원회,국민의힘,전원위","탄핵,헌재,인권위원,상임위원,김용원,국가,인권,위원회,상임,위원,자신,페이스북,대통령,탄핵,헌법재판소,서울,서부,지법,폭동,사태,충격,인권,위원회,위원,폭동,헌법,준수,공직자,차관급,망언,김용원,상임,위원,망언,12,부정선거론,극우,주장,전한길씨,한국사,강사,전한길,옹호,위원,헌법재판소,주권자,국민,대통령,탄핵,국민,헌법재판소,흔적,국민,대통령,탄핵,반대,탄핵심판,진행,헌재,야당,용역,대통령,탄핵,하청,싸구려,정치,용역,업체,대국민,사기,폭언,인권,위원회,위원,국헌,문란,목적,폭동,혐의,구속기소,대통령,파면,헌재,공직자,막말,윤석열,대통령,인권,위원회,위원,임명,위원,6일,상임위원회,자신,망언,지적,발언,시비,습관,무식,소리,막말,대응,헌재,공격,자신,표현,자유,강변,범죄,촉구,발언,표현,자유,구별,인권,위원회,위원,대통령,국민,헌재,법치,위협,지경,인권위원,민주주의,유린,대통령,탄핵,내란,세력,단죄,촉구,위원,대통령,내란,행위,권고안,전원,위원회,안건,대표,발의,인권단체,반발,차례,전원위,취소,안건,전원위,상정,예정,설상가상,위원,헌재,자체,탄핵,심판,권한,부정,취지,문구,추가,사실상,대통령,사실,내란,동조,내란,세력,자백,폭동,선동,위원,당장,인권,위원,수사","김용원,위원회,전원위,탄핵심판,막말,재판소,공직자,인권위원,헌법재판소,대국민,한국사,사실상,권고안,구속기소,전한길씨,전한길,국헌,차관급,서울,인권단체,부정선거론,상임위원,상임위원회,설상가상,민주주의,주권자,윤석열,페이스북"," 
김용원 국가인권위원회 상임위원이 자신의 페이스북에 “대통령을 탄핵하면 헌법재판소를 두들겨 부숴 없애야 한다”는 글을 올렸다. ‘서울서부지법 폭동’ 사태의 충격이 채 가시기도 전에 인권위원회 위원이 또 다른 폭동을 부추긴 것이다. 헌법을 준수해야 할 공직자(차관급)가 이런 망언을 해도 되는가.
김용원 상임위원의 망언은 12 3 내란사태 이후 ‘부정선거..",http://www.hani.co.kr/arti/opinion/editorial/1181128.html,
01100901.20250206003727001,20250206,중앙일보,,"[사설] 말로는 “신속한 재판” 이재명 대표, 행동으론 지연 꼼수",정치>국회_정당,,,,,,"이,윤석열,김문기,이재명",대장동,"동원,정부,민주당,헌법재판소,더불어민주당,성남도시개발공사,헌재,국민,재판부,임하,국정협의회","신속,재판,이재명,대표,행동,지연,꼼수,신청,무더기,증인,위헌심판,행태,진정성,외연,확장,진정,협조,신속,재판,대표,이재명,더불어민주당,공직,선거법,위반,혐의,항소심,대표,신청,무더기,증인,재판부,재판부,대표,신청,13명,3명,증인,채택,재판,지연,비판,대표,일련,행태,제동,사건,재판,2년,개월,선거,사범,재판,2,3개월,판결,공직선거법,대표,1심,혐의,허위,사실,공표,인정,징역,집행,유예,선고,항소심,항소심,통지서,송달,고의,통지서,수령,회피,의혹,제기,대표,배달,시점,자택,사람,해명,형량,확정,공직,선거,출마,불가능,중대,사안,통지서,수령,납득,대표,당선,목적,처벌,허위,사실,공표죄,규정,1항,공직선거법,항소심,재판부,위헌,법률,심판,제청,신청,과거,헌법재판소,합헌,결정,사안,재판부,신청,헌재,절차,위헌,심판,진행,재판,중지,비판,대표,재판,출석,재판,지연,사건,쟁점,대표,대장동,실무,책임자,처장,김문기,성남도시개발공사,해외,출장,골프,언론,거짓말,재판부,거짓말,재판부,판단,1심,2년,사실관계,신청,무더기,증인,납득,재판,대표,태도,중도,외연,모습,대표,반도체,특별법,토론회,특정,산업,분야,전문가,동의,예외,52시간,고집,과거,모습,신년,회견,성장,민간,주도,강조,정부,여야,대표,참여,국정협의회,대표,변신,진정성,신속,재판,자신,사법,리스크,해소,노력,대표,윤석열,대통령,수령,헌재,통지서,거부,비난,정작,자신,재판,지연,꼼수,동원,이율배반,태도,사실,확신,신속,판결,요구,합리적,시일,확정판결,해소,국민,민주당","1심,재판부,항소심,통지서,공직선거법,토론회,진정성,공표죄,거짓말,성남도시개발공사,김문기,대장동,꼼수","━
 무더기 증인 신청, 위헌심판 등 시간 끌기 행태 
 
 ━
 외연 확장 진정성 보이려면 신속 재판 협조해야 
 이재명 더불어민주당 대표의 공직선거법 위반 혐의 항소심에서 이 대표 측의 무더기 증인 신청을 재판부가 받아들이지 않았다. 재판부는 이 대표 측이 신청한 13명 중 3명만 증인으로 채택했다. ‘고의 재판 지연’이라는 비판을 받아 온 이 대표..",https://www.joongang.co.kr/article/25312000,
01100801.20250206003116002,20250206,조선일보,조선일보,"[사설] 헌재, 한덕수 총리 탄핵 심판 시급히 결론 내야",정치>청와대, 정치>행정_자치, 국제>일본,,,,"윤석열,한덕수,김용현,한,최상목",,"민주당,검찰,헌재,국회","헌재,한덕수,총리,탄핵,심판,내야,사건,한덕수,대통령,권한,대행,탄핵,소추,주심,헌법재판관,국회,대행,행위,형법,위반,탄핵,사유,철회,확인,국회,윤석열,대통령,탄핵,소추,사건,대행,형법,내란죄,성립,여부,대행,탄핵,소추,폭동,공모,방조,그동안,민주당,대행,탄핵,소추,핵심,사유,총리,시절,내란,공모,김용현,국방,장관,검찰,공소장,대통령,계엄,당일,총리,소집,대행,계엄,선포,반대,민주당,내란,혐의,직무,정지,실제,총리,민주당,요구,헌법재판관,임명,대행,헌법,법률,위반,민주당,대통령,탄핵,속전,속결,협조,탄핵소추,보류,헌법,재판관,임명,총리,신분,대통령,대행,헌법,법률,대통령,대행,탄핵,소추,정족수,별도,규정,민주당,총리,적용,과반,정족수,임의,적용,총리,탄핵소추,최상목,대통령,대행,대행,탄핵소추,위협,책임자,최고,행정,탄핵소추,나라,국제사회,신뢰,행위,각종,행정,불안정,상태,헌재,대행,탄핵,소추,정족수,판단,최상목,대행,주재,국무회의,헌재,대행,탄핵,심판,국무,회의,차원,의사,표명,견해,나라,안팎,사정,의견,대행,내란죄,헌재,국정,안정,대행,탄핵,정족수","민주당,탄핵소추,정족수,헌법재판관,한덕수,내란죄,국무회의,최상목,재판관,윤석열",한덕수 대통령 권한대행 탄핵소추 사건의 주심을 맡은 헌법재판관이 5일 “국회 측이 (한 대행의) 내란 행위와 관련한 형법상 위반 문제를 (탄핵 사유에서) 철회하겠다는 것에 대해 확인하겠다”고 하자 국회 측은 “맞는다”고 답했다. 윤석열 대통령 탄핵소추 사건처럼 한 대행에게도 형법상 내란죄 성립 여부는 따지지 않겠다는 것이다. 한 대행 탄핵소추안에는 “내..,https://www.chosun.com/opinion/editorial/2025/02/06/47YLSG327JFRJANDR466LOVTSQ/?utm_source=bigkinds&utm_medium=original&utm_campaign=news,
01101101.20250206001112002,20250206,한국일보,,[사설] 계엄 파장 모르쇠에 품격조차 버린 윤 대통령,정치>청와대, 정치>행정_자치,,,,,윤석열,미국,"동원,내란국정조사특위,고위공직자범죄수사처,정부,헌법재판소,국가정보원,서울구치소,계산,국회,헌재,한국은행,법원","모르쇠,계엄,파장,품격,대통령,윤석열,대통령,서울구치소,현장조사,국회,내란,국정,조사,특위,현장,조사,불참,고위,공직자,범죄,수사처,조사,불응,국회,증언,거부,대통령,헌법,재판소,변론기일,변론,기일,축소,요청,법원,구속취소,신청,동원,탄핵,심판,내란,조사,의도,노골화,대통령,행보,탄핵심판,헌재,탄핵,심판,불법,계엄,혐의,자체,부인,기조,대통령,당일,탄핵,심판,문답,겨냥,호수,그림자,느낌,국회의원,체포,계엄,실질,결과,계엄,불법성,부당,궤변,시도,계엄,국가,손실,외면,대통령,행보,국가,지도자,사람,개탄,비판,불법,계엄,피해,국가,실질,출범,당장,미국,트럼프,정부,글로벌,안보,경제,자체,연일,격동,공백,정부,수반,지연,대미,외교,한국은행,계엄사태,소비,위축,성장,급감,연간,총생산,GDP,성장률,0.2%,포인트,하락,계엄사태,생산,6조,000억,부가가치,손실,얘기,환율,상승,주가,하락,금융,시장,충격,논외,법꾸,행태,탄핵,심판,국가지도자,대통령,품격,모습,국민,자괴감,정도,정치인,체포,지시,증언,지시,홍장원,국가,정보원,양손,책상,목소리,모습,심판정,대통령,차장,허리,인사,고개,반대쪽,외면,대통령,나름,정치,계산,대통령,직시,국민,고통","변론기일,자괴감,계엄사태,지도자,품격,총생산,구속취소,000억,부가가치,6조,성장률","윤석열 대통령이 어제 서울구치소에서 열린 국회 내란국정조사특위 현장조사에 불참했다. 고위공직자범죄수사처 조사에 일체 불응한 데 이어, 국회 증언마저 거부한 것이다. 또 윤 대통령 측은 4일 헌법재판소에 변론기일 주 1회 축소를 요청하고, 법원에 구속취소를 신청했다. 온갖 법 기술을 동원해 탄핵 심판과 내란 조사에 대한 ‘물 타기’ 의도를 점점 노골화하고..",https://www.hankookilbo.com/News/Read/A2025020517380001143,
01101101.20250206001112001,20250206,한국일보,,[사설] 법원 난동 피의자 영치금 보낸 김용현... 사법테러 부추기나,정치>청와대, 국제>중남미, 국제>일본,범죄>범죄일반>폭행,,,"김,윤석열,김 전,김용현,윤갑근",평안,"극우파,국방부,국방장관,애국전사,서울서부지법,대국,법원,사법부","법원,난동,피의자,영치금,김용현,사법,테러,부추,기나,내란,혐의,구속,기소,김용현,국방부,장관,사태,서울,서부,지법,난동,구속,피의자들,영치금,교도소,구치소,수용자,보관,장관,난동,혐의자,애국전사,구국대열,나라,방위,인사,희대,사법부,테러,칭찬,폭력행위,사실,집단,폭력,행위,행위,장관,공개,대국민,서신,애국국민들,영치금,감사,서부,지법,사건,구속,애국청년,위로,영치금,장관,30여,계좌,영치금,입금,장관,영치금,사비,지난달,발생,사이,사태,서울,서부,지법,난동,65명,구속,장관,제공,애국전사들,어려움,구국정신,애국심,기억,설명,행위,헌정,위협,구국,애국,단어,분칠,언어도단,헌정,사법부,침탈,나라,행위,미화,법원,건물,난입,판사집무실,불법,수색,테러행위,나라사랑,표현,윤석열,대통령,원팀,장관,인식,수준,대통령,비상계엄,계몽령,조대현,변호사,구국,결단,윤갑근,변호사,평가,이해,자신,주군,대통령,주군,비상계엄,사태,사회불안,유도,2인자,내란,혐의,장관,극우파,생각,논리,복무,행위,선동,행위,자신,3성,장군,국방장관,국가,체제,도전,조화,헌정질서,평안,국민,배신,장관,명심","영치금,변호사,사법부,김용현,비상계엄,구치소,폭력행위,30여,피의자,집무실,국방장관,판사집무실,애국심,대국민,수용자,3성,조대현,테러행위,기나,윤갑근,윤석열,헌정질서,사회불안,계몽령","내란 혐의로 구속 기소된 김용현 전 국방부 장관이 서울서부지법 난동 사태로 구속된 피의자들에게 영치금(교도소나 구치소 수용자들이 쓸 수 있도록 보관하는 돈)을 보냈다고 한다. 김 전 장관은 돈을 보낸 것도 모자라, 난동 혐의자들을 ‘애국전사’ 혹은 ‘구국대열’로 추켜세우기까지 했다. 한때 나라의 방위를 책임졌던 인사가 희대의 ‘사법부 테러’를 칭찬하고,..",https://www.hankookilbo.com/News/Read/A2025020514560005780,
01100401.20250206232505001,20250206,동아일보,,[사설]계엄 직후 술술 불던 장군이 돌연 눈치 보며 입 닫은 곡절은?,정치>국회_정당, 정치>청와대, 정치>선거,,,,"이,윤,이진우,홍장원,여인형,윤석열",비상계엄,"장교,헌법재판소,유튜브,검찰,더불어민주당,국회,헌재,국정원","계엄,장군,눈치,곡절,윤석열,대통령,헌법,재판소,탄핵,심판,증인,이진우,수도방위사령관,중장,자신,공소장,핵심,답변,거부,사령관,비상계엄,비상계엄,대통령,4명,명씩,의원들,지시,조사,국회,소추인단,질문,답변,거부,대통령,계엄,해제,2번,선포,계엄령,진행,부관,진술,기억,사령관,형사재판,답변,제한,대통령,질문,선택적,계엄,선포,적법,생각,3일,계엄,선포,더불어민주당,의원,유튜브,출연,대통령,전화,상황,설명,불법적,사과,그땐,불법,명령,적법,증언대,여인형,방첩사령관,홍장원,국정원,여야,대표,체포,명단,위치,확인,요청,질문,답변,내란죄,재판,헌재,증언,조심,관련자들,진술,범죄,사실,계엄,사령관,차량,동승,수행,장교,대통령,통화,의원들,지시,사령관,대통령,소리,검찰,사령관,본인,검찰,대통령,단어,사용,진술,계엄,계엄,국민,분노,야당,의원,유튜브,명령,눈치,보수,진영,목소리,계엄,옹호,여당,지지율,여론,조사,결과,보신,차원,태세,전환","사령관,유튜브,비상계엄,국정원,그땐,공소장,계엄령,의원들,소추인단,이진우,재판소,수도방위사령관,여인형,관련자들,지지율,방첩사령관,증언대,관련자,2번,명씩,홍장원,형사재판,4명,윤석열,진영",윤석열 대통령에 대한 헌법재판소 탄핵심판에 증인으로 나온 이진우 전 수도방위사령관(중장)이 자신의 공소장 핵심 내용에 대해 답변을 거부하거나 말을 바꿨다. 이 전 사령관은 비상계엄 당시 윤 대통령으로부터 ‘4명이 한 명씩 들쳐업고 나오라’ ‘총을 쏴서라도 문을 부수고 들어가 의원들 끌어내라’는 지시를 받은 것으로 조사됐는데 이에 대해 묻는 국회 소추인단..,https://www.donga.com/news/Opinion/article/all/20250205/130976677/2,
01100101.20250205193837001,20250205,경향신문,,"[사설] 위헌심판 신청한 이재명 대표, 2심 재판 정도로 가야",정치>국회_정당, 사회>사건_사고, 사회>미디어,,,,"이,윤석열,이재명","임해,가야,분기점","변호인단,헌법소원,더불어민주당,재판부,재판","위헌,심판,신청,이재명,대표,정도,재판,대표,더불어민주당,이재명,재판부,공직선거법,위반,항소심,위헌,법률,심판,제청,신청,재판부,신청,재판,중지,1심,선고,규정,공직선거법,270조,한참,2년,항소심,규정,직전,재판지연,논란,상황,불신,자초,위헌,심판,신청,정도,대표,항소심,재판,출석,재판부,신청,기각,헌법소원,질문,재판,지연,신속,헌법소원,위헌,가능,재판부,판단,의도,해명,변호인단,재판부,신청,위헌,판단,방어,행사,대표,1항,공직선거법,허위,사실,공표,처벌,조항,위헌,재판부,방어,성립,여부,판단,1심,신청,징역,집행,유예,선고,탄핵,대통령,윤석열,가능성,조기,대선,가능,시점,위헌,판단,의심,조항,수차례,위헌,심판,합헌성,인정,감안,대표,논리,대표,대표,당선,무효,자신,공직,선거법,재판,국민,관심,중대사,직시,확정,10년,선거,재판부,결심공판,정도,선고,3월,4월,관측,2심,당선무효형,윤석열,파면,조기,대선,분기점,국가지도자,대표,결단,본인,국민,신뢰,상처,국가,재건,항소심,재판,법리,다툼,무죄,증명,자신,사법,리스크,윤석열,정권,탄압,증명,윤석열,탄핵,심판,요구,내란죄,수사,야당,대표,유력,후보,대선,대표,국민,신뢰,우선,재판,대응,정도","재판부,공직선거법,윤석열,항소심,2심,1심,이재명,헌법소원,내란죄,당선무효형,선거법,결심공판,수차례,가능성","더불어민주당 이재명 대표가 지난 4일 공직선거법 위반 항소심 재판부에 위헌법률심판 제청을 신청했다. 재판부가 신청을 받아들이면 재판은 중지된다. 1심도 선고까지 6개월 규정(공직선거법 270조)을 한참 넘겨 2년여를 끌었는데, 항소심도 이미 3개월 규정은 깨지기 직전이다. 안 그래도 ‘재판지연’ 논란이 거센 상황에서 불신만 자초할 위헌심판 신청은 정도가..",https://www.khan.co.kr/article/202502051937001,
01100901.20250205003444001,20250205,중앙일보,,"[사설] 윤 대통령, 국군통수권자답게 계엄 진상 밝혀야",정치>청와대, 국제>중남미, 정치>국회_정당,,,,"윤,이진우,홍장원,여인형,곽종근,윤석열,문형배,김용현",,"정부,공소사,헌법재판소,검찰,국방부,국정조사,국회,헌재,수방사,국정원,법원","대통령,국군통수권자,계엄,진상,부인,내란,혐의,증언,고위,관련자,전략,기술자,협조,진실,규명,윤석열,대통령,헌법재판소,출석,기일,변론,재판,5차,변론,대통령,주장,배치,진술,전직,장성,고위,공직자,증인,12,사실관계,구체적,국민,해소,공소장,대통령,관련자,진술,증언,우두머리,혐의,반박,논리,추가,양상,사실관계,정리,이진우,수방사령관,여인형,방첩사령관,자신,형사사건,검찰,진술,증언,증언,대통령,권한대행,문형배,헌법,재판소장,권한,대행,발언,기회,실제,체포,지시,얘기들,호수,달그림자,느낌,결의,지난달,계엄,해제,국회,국회의원들,지시,질문,답변,자신,혐의,진술,부인,실체,진실,사법,판단,상황,계엄,사실관계,상식,근거,공개,공소장,대통령,이진우,사령관,본회의장,4명,1명,지시,공소사실,적시,홍장원,국정원,대통령,정리,주장,재확인,국회,국정,조사,곽종근,특전사령관,김용현,국방부,장관,국회의원,요원,요원,시점,인원들,본관,정면,반박,대통령,사람,철수,지시,대통령,공소장,적시,통화,횟수,공소장,차이,지적,공소사실,흠결,지적,혐의,중요,임무,종사,구속,부하들,대통령,주장,대립,마당,변론,사태,본질,고위,장성,공직자들,증언,대통령,신임,정부,엘리트,진술,신빙성,대통령,진행,헌재,법원,재판,기술자,강변,국군통수권자,진정성","사령관,공소장,관련자,국회의원,기술자,문형배,공직자,이진우,통수권자,국정원,국군통수권자,공소사실,장성,사실관계,진정성,곽종근,인원들,특전사령관,방첩사령관,국방부","━
 내란 혐의 부인에도 고위 관련자 증언 쌓여 
 
 ━
 법 기술자적 전략 대신 진실 규명 협조해야 
 윤석열 대통령이 어제 헌법재판소에 세 번째로 출석했다. 앞선 두 번의 기일(3, 4차 변론)과 달리 이날 재판(5차 변론)엔 윤 대통령 측 주장과 배치되는 진술을 했던 전직 장성과 고위 공직자 세 명이 증인으로 나왔다. 12 3 계엄 당시의 사실관..",https://www.joongang.co.kr/article/25311705,
01100801.20250205002623001,20250205,조선일보,조선일보,"[사설] ‘울산 선거 공작’ 2심 무죄, 숱한 유죄 증거에 눈감았나",사회>사건_사고, 정치>청와대, 정치>국회_정당,,,,"황운하,송,이상주,윤,윤장우,문재인,하명,송철호,황,설범식,송병기","울산,울산시","정부,청와대,검찰,서울고법,울산경찰청장,대법원,우리법연구회,국민의힘","공작,울산,선거,무죄,유죄,증거,서울고법,형사,청와대,문재인,정부,개입,울산,시장,선거,사건,송철호,울산시장,황운하,의원,무죄,선고,사람,징역,선고,판결,정반대,재판장,설범식,주심,이상주,판사,사건,대통령,지방,선거,문재인,친구,시장,당선,청와대,개입,합리,의심,여지,증명,납득,가지,사건,핵심,시장,선거,국민,후보,수사,청탁,시장,측근,송병기,울산시,부시장,민정,수석실,행정관,국힘,후보,비위,정보,제공,청와대,수사,재가,공해,하명,실제,실제,시장,선거,캠프,멤버,윤장우씨,시장,청장,야당,후보,수사,청탁,취지,진술,1심,진술,신빙성,인정,2심,윤씨,시장,사이,나중,무죄,선고,시장,캠프,상대,후보,수사,가능,염두,선거,전략,진술,사실,가능성,2심,시장,유리,판단,2심,하명,수사,송병기,부시장,야당,후보,비위,의혹,적극,청와대,행정관,대화,행정관,요청,진정서,전달,가능성,애초,의도,하명,수사,청장,수사,미온적,경찰관들,인사,조치,수사,강행,국힘,후보,공천,사무실,압수,수색,찬물,선거,직전,청와대,수사,상황,18회,보고,사건,가담,의심,출신,청와대,민정,수석실,검찰,수사관,목숨,수사,불법,하명,무리,참담,일들,대통령,사건,검찰,수사,수사팀,해체,전대미문,무죄,재판,울산,사건,판사,출신,노골적,재판,15개월,진행,개월,무죄,판결,유죄,증거,대법원,진실","청와대,2심,울산,행정관,황운하,문재인,울산시장,가능성,송병기,국힘,부시장,윤씨","서울고법 형사2부는 문재인 정부 청와대의 ‘울산시장 선거 개입’ 사건 2심에서 송철호 전 울산시장과 황운하 의원에게 무죄를 선고했다. 두 사람에게 각각 징역 3년을 선고한 1심 판결을 정반대로 뒤집은 것이다. 2심 재판장은 설범식, 주심은 이상주 판사다. 이 사건은 2018년 지방선거 당시 문재인 대통령의 30년 친구인 송 전 시장을 당선시키려 청와대가..",https://www.chosun.com/opinion/editorial/2025/02/05/UR3OLR66QNF63OITVERQD33WJY/?utm_source=bigkinds&utm_medium=original&utm_campaign=news,
01100801.20250205002103001,20250205,조선일보,조선일보,[사설] 中에 ‘셰셰’만큼 낯 뜨거운 트럼프 노벨상 추천,정치>외교, 정치>청와대, 국제>미국_북미,,,,"트럼프,이,조야,문재인,이재명,윤석열,박선원","한반도,미국,중국,한미,미,대만,북한,일,한,中","노벨상,민주당,한미 동맹,정부,정상회담,더불어민주당,백악관,셰셰,미 의회조사국,북한","셰셰,추천,트럼프,노벨상,더불어민주당,트럼프,대통령,노벨,평화상,후보,추천,미국,의원,민주당,박선원,추천,사유,비핵화,트럼프,북한,노력,한반도,평화,한미,동맹,기여,의원,이재명,대표,상의,사진,공개,트럼프,대통령,평소,노벨,평화상,관심,민주당,노벨상,추천,대표,반미,反美,이미지,트럼프,호감,행위,상식,거리,조롱,이재명,대표,과거,미군,점령군,중국,언론,인터뷰,대통령,사드,배치,철회,총선,중국,셰셰,대만,셰셰,민주당,대통령,탄핵,소추,윤석열,정부,협력,중국,북한,비판,정책,탄핵,사유,포함,삭제,의회,CRS,이유들,근거,대표,비판,보고서,민주당,사기,트럼프,환심,대표,미국,조야,불신,대선,불리,작용,뇌물,추천,트럼프,노벨상,민주당,추천,트럼프,노벨상,한반도,평화,기여,한미,동맹,트럼프,차례,정상,회담,이벤트,김정은,사기,한미,훈련,중단,한반도,평화,발전,한미,동맹,트럼프,백악관,1기,북한,완전,비핵화,추구,계획,대화,군축,동결,비핵화,원칙,강조,트럼프,대통령,문재인,김정은식,가짜,비핵화,진짜,북한,민주당,추천,세계,박수,노벨평화상,수상","민주당,비핵화,한미,중국,노벨평화상,1기,미국,노벨상,평화상,노벨,셰셰,이재명,보고서,박선원,조사국,이유들,윤석열,미군,김정은식",더불어민주당이 트럼프 대통령을 노벨평화상 후보로 추천하고 이를 미국 측에도 알렸다고 한다. 민주당 박선원 의원은 추천 사유로 트럼프 1기 때 북한 비핵화를 위해 노력하고 한반도 평화와 한미 동맹에 기여했다는 점을 들었다. 박 의원이 이 문제를 두고 이재명 대표와 상의하는 사진도 공개됐다. 트럼프 대통령은 평소 노벨평화상에 관심을 보여왔다. 민주당의 노벨..,https://www.chosun.com/opinion/editorial/2025/02/05/DNJGH4MYLBHN3EB4EU6XYEIZEY/?utm_source=bigkinds&utm_medium=original&utm_campaign=news,
01101101.20250205001044001,20250205,한국일보,,"[사설] 결국 재판 지연 꼼수 꺼낸 이재명, 이건 아니다",사회>사건_사고, 정치>국회_정당, 정치>행정_자치,,,,"이,윤석열,이재명",임해,"변호인단,민주당,헌법재판소,검찰,더불어민주당,재판부","결국,재판,지연,꼼수,이재명,이재명,더불어민주당,대표,변호인단,대표,재판부,공직,선거법,위반,혐의,항소심,위헌,법률,심판,제청,신청,법원,신청,헌법재판소,절차,위헌,심판,진행,재판,중지,수단,선고,항소심,판결,지연,자신,대선,행보,걸림돌,의도,대표,지난달,재판부,제출,의견서,제청,의사,지연,재판,꼼수,검찰,여당,반발,신청,의도,재판,지연,주장,비판,여론,위헌,법률,심판,제청,신청,국가,지도자,처신,위헌,법률,심판,제청,피고인,보장,권리,대표,1항,공직선거법,허위,사실,공표,처벌,조항,위헌법률,판단,판결,제청,신청,혐의,허위,사실,공표,인정,징역,집행,유예,선고,위헌,법률,심판,제청,주장,납득,대목,재판,공직선거법,선거,사범,1심,6개월,2심,3심,3개월,판결,대표,방법,선고,선고,소송기록접수통지서,수령,변호인,선임,지연,사실,국민,절차,사법,악용,재판,지연,불신,자초,대표,민주당,지지율,정체,남불,태도,대표,민주당,신뢰,재판,지연,항소심,무죄,모습,윤석열,대통령,내란죄,신속,수사,촉구,명분,재판부,공정,재판,진행,국민적,신뢰,훼손,합리적,판단","1심,공직선거법,항소심,재판부,꼼수,이재명,민주당,내란죄,통지서,윤석열,변호인,남불,2심,3심,지도자,지지율,선거법,헌법재판소,소송기록접수통지서","이재명 더불어민주당 대표 변호인단이 어제 이 대표의 공직선거법 위반 혐의 항소심 재판부에 위헌법률심판 제청을 신청했다. 만약 법원이 신청을 받아들여 헌법재판소가 위헌 심판 절차를 진행한다면 해당 재판은 중지된다. 온갖 수단으로 1심 선고를 늦추더니 이번엔 항소심 판결까지 지연시켜 자신의 대선 행보에 걸림돌을 없애겠다는 의도를 분명히 드러낸 셈이다.
이 ..",https://www.hankookilbo.com/News/Read/A2025020417310002943,
01101101.20250205001043001,20250205,한국일보,,"[사설] ""물 전기 끊어"" ""병력 1000명"" 말했다는데... '아무 일 없었다'는 尹",정치>청와대, 정치>국회_정당, 정치>행정_자치,,,,"윤,이진우,곽종근,이상민,윤석열,김용현,최상목","장악,비상계엄","계엄군,행정안전부,헌법재판소,검찰,국방부,국정조사,국회,헌재,선관위","전기,병력,대통령,비상계엄,선포,윤석열,공무원,조직,국회의원,체포,언론사,단수,단전,불법,지시,관계자,진술,대통령,증언,뒷받침,사실,부인,모르쇠,전략,대통령,헌법,재판소,탄핵,심판,변론,기일,진입,국회,계엄군,실제,지시,이야기들,경고,계엄,의도,실제,국회,장악,체포,지시,주장,결과,검찰,수사,대통령,주장,공소장,대통령,진입,이진우,계엄군,국회,진입,수도방위사령관,지시,이상민,행정안전부,장관,언론사,전기,지시,김용현,국방부,장관,국회,선관위,투입,병력,구체,규모,1,000명,논의,국정조사,국회,국정,조사,출석,곽종근,특수전사령관,대통령,국회,의원들,지시,재확인,경고,계엄,광범위,공격적,조치,공소장,관계자,진술,일방,주장,헌재,결정,법원,판결,증명,대통령,수괴,혐의,장관,중요임무,종사,혐의,정반대,주장,주목,대통령,명령,행위,회기,진입,국회,강제,관계자,일관,상황,증언,유념,형사,재판,피고인,탄핵,심판,대통령,주장,추가,수사,진실,대통령,계엄,관계자,기소,상황,혐의,강제수사,불가능,특검법,거부권,행사,권한대행,최상목,대통령,권한,대행,책임","관계자,계엄군,피고인,언론사,공소장,최상목,비상계엄,정반대,곽종근,특수전사령관,거부권,공무원,특검법,공격적,모르쇠,재판소,윤석열,뒷받침,국회의원,중요임무","비상계엄 선포 당시 윤석열 대통령이 군과 공무원 조직에 국회의원 체포와 언론사 단수 단전 등 온갖 불법 지시를 내렸다는 관계자 진술이 쏟아지고 있다. 그럼에도 여전히 윤 대통령은 증언으로 뒷받침되는 사실을 부인하며 ‘모르쇠 전략’을 이어가고 있다.
윤 대통령은 어제 열린 헌법재판소 탄핵심판 5차 변론기일에서 “(국회 계엄군 진입으로) 실제 아무 일도 일..",https://www.hankookilbo.com/News/Read/A2025020416140005186,
01100401.20250205233106001,20250205,동아일보,,[사설]尹 면전서 나온 “싹 다 정리해” 증언 거듭 확인된 “의원 끌어내”,정치>국회_정당, 정치>청와대, 정치>행정_자치,,,,"조지호,홍장원,곽종근,여인형,윤석열,김용현","尹,국조특위","국정조사특별위원회,헌법재판소,국가정보원,국방부,경찰청장,중앙선관위,국회,헌재,국정원,선관위","면전,정리,증언,확인,의원,헌법,재판소,탄핵,심판,변론,국회,진행,국정조사특별위원회,국조특위,질서,유지,국회,투입,지시,정치인,체포,윤석열,대통령,주장,배치,증언들,국회,투입,병력,본회의장,국회의원들,지시,국가정보원,정리,정치인,체포,국회,출석,곽종근,육군특수전사령관,국회,해제,요구안,표결,대통령,사이,김용현,국방부,장관,국회의원,지시,확인,국회,의원,요원,장관,반박,사령관,질서,유지,경고용,국회의장,여야,대표,10여,체포,추가,증언,헌재,증인,출석,홍장원,국정원,면전,대통령,대통령,전화,기회,정리해,지시,여인형,방첩사령관,통화,16명,체포,명단,위치,추적,요청,사령관,조지호,경찰청장,특정,명단,위치,파악,요청,사실,인정,대통령,발뺌,일관,지시,구체,언급,지시,얘기들,호수,달그림자,느낌,선문답,표현,중앙선관위,본인,지시,수사,개념,전산,스크린,주장,야구,방망이,밧줄,준비,선관위,출동,확인,차원,강변,차장,증언,대통령,간첩들,전후,사정,주장,대통령,억지,대응,국회,선관위,무력화,영장,정치인,체포,계엄,위헌성,내란,혐의,입증,핵심,요소,대통령,생각","사령관,선관위,정치인,국정원,국회의원,위원회,국조특위,육군특수전사령관,중앙선관위,재판소,달그림자,위헌성,방첩사령관,국정조사특별위원회,본회의장,경찰청장,국회의원들,곽종근,국방부,김용현,조지호,무력화,홍장원,정보원,경고용,요구안,간첩들,여인형","4일 헌법재판소에서 열린 탄핵심판 변론과 국회에서 진행된 국정조사특별위원회(국조특위)에서는 ‘질서 유지를 위해 국회에 군을 투입했고 정치인 체포 지시는 없었다’는 윤석열 대통령의 주장과 배치되는 증언들이 쏟아졌다. 국회에 투입된 군 병력에게는 본회의장에 모인 국회의원들을 끌어내라고 지시했고, 국가정보원에는 “싹 다 정리해”라며 정치인 체포를 도우라고 했..",https://www.donga.com/news/Opinion/article/all/20250204/130968855/2,
01100401.20250205232806001,20250205,동아일보,,[사설]“尹 신문 방송사 단전단수 지시” 언론 봉쇄 계획 전모 밝혀야,정치>청와대, 사회>미디어, 정치>국회_정당,,,,"이상민,윤석열,김용현","12·3 비상계엄,비상계엄","서울소방재난본부,소방청장,검찰,경찰,국방부,JTBC,국회,MBC,중앙선거관리위원회,행정안전부,한겨레신문,경찰청장,국정조사특위,소방청","신문,방송사,단전,단수,지시,언론,봉쇄,계획,전모,12,이상민,행정안전부,장관,특정,언론사,봉쇄,단전,단수,지시,검찰,공소장,공소장,대통령,장관,경향신문,한겨레신문,MBC,JTBC,봉쇄,소방청,단전,단수,문건,비상계엄,조치,사항,지시,장관,경찰청장,소방청장,확인,지시,전화,장관,국회,국정,조사,특위,청문회,출석,질문,증언,거부,대통령,언론사,단전,단수,계획,사실,지난달,소방청장,국회,증언,일단,검찰,조사,대통령,소방청,일선,지시,확인,공소장,지시,대통령,장관,경찰청장,조치,상황,확인,소방청장,투입,단전,언론사,경찰,투입,단수,요청,조치,지시,소방청,차장,서울소방재난본부장,적시,장관,관련자,수사,계획,언론,봉쇄,전모,언론사,봉쇄,단전,단수,지시,실행,발상,언론,자유,초유,헌법,조치,시절,과거,독재,정권,언론,사전,검열,전기,마비,언론,대통령,초갑,超甲,주장,대통령,언론,취임,이래,무시,불통,언론관,언론,피해망상,시도,언론사,봉쇄,국회,군대,투입,계엄,단순,경고,실행,대목,검찰,공소장,대통령,김용현,국방부,장관,국회,중앙선거관리위원회,투입,병력,소수,출동,5000명,간부,위주,투입,미만,구체,규모,논의,대통령,투입,지시,안팎,규모,그간,궤변,억지,주장들,거짓","언론사,소방청,청문회,비상계엄,소방청장,공소장,경향신문,경찰청장,방송사,서울,한겨레신문,본부장,서울소방재난본부장,그간,주장들","12 3 비상계엄 당시 윤석열 대통령이 이상민 전 행정안전부 장관에게 특정 언론사에 대한 봉쇄와 단전 단수를 지시했다는 내용이 검찰 공소장을 통해 드러났다. 공소장에 따르면 윤 대통령은 이 전 장관에게 ‘경향신문 한겨레신문 MBC JTBC 등을 봉쇄하고 소방청을 통해 단전 단수하라’고 적힌 문건을 보여주며 비상계엄 이후 조치 사항을 지시했고, 이 전 장..",https://www.donga.com/news/Opinion/article/all/20250204/130968859/2,
01101001.20250204205003002,20250204,한겨레,한겨레,"[사설] 속속 드러난 ‘윤석열 거짓말’, 언제까지 계속할 건가",정치>청와대, 정치>국회_정당, 정치>행정_자치,,,,"윤,홍장원,곽종근,여인형,윤석열,검찰총장,김 전,김용현,곽","초월,비상계엄","고위공직자범죄수사처,민주당,헌법재판소,검찰,국가정보원,국방부,국정조사,국회,헌재,특별위원회,국민의힘","윤석열,거짓말,곽종근,특수전사령관,의원,요원,지시,윤석열,대통령,주장,의원,확인,홍장원,국가,정보원,대통령,지시,증언,국회,헌법재판소,출석,증인들,거짓말,대통령,발뺌,부인,일관,대통령,책임감,국민,분노,이날,이날,대통령,탄핵,심판,증인,출석,차장,대통령,정치인,체포,대통령,지시,증언,여인형,방첩사령관,체포조,명단,증언,체포자,명단,생각,변론기일,체포,지시,대통령,진술,조목조목,반박,이날,국회,국정,조사,특별,위원회,증인,출석,사령관,대통령,비화폰,전화,의결정족수,인원들,김용현,국방부,장관,대통령,탄핵,심판,변론,기일,출석,요원,진술,그땐,요원,본관,반박,2인,내란,헌재,증언,증인들,부정,이날,증인,증언,결과,검찰,수사,일치,대통령,헌법재판소,파면,결정,모면,상식,초월,주장,법치,강조,대통령,검찰,총장,출신,정도,사령관,비상계엄,비상계엄,장관,회유,반발,진실,결심,국민,민주당,회유,고위공직자범죄수사처,수사,시비,헌법재판관들,색깔론,국정조사,이젠,국회,국정,조사,출석,증인,협박,국정,여당,대통령,이날,탄핵,심판,국회의원,체포,지시,호수,달그림자,비상계엄,여파,서민,소리,궤변,국민,한숨","사령관,비상계엄,변론기일,거짓말,윤석열,증인들,그땐,이젠,재판소,국정조사,헌법재판소,정족수,인원들,공직자,의결정족수,김용현,홍장원,색깔론,방첩사령관,고위공직자범죄수사처,특수전사령관,재판관,국방부,수사처,헌법재판관들,곽종근",곽종근 전 특수전사령관이 4일 ‘의원이 아니라 요원’을 끌어내라는 지시였다는 윤석열 대통령 쪽의 주장에 대해 “의원이 맞다”고 거듭 확인했다. 홍장원 전 국가정보원 1차장도 ‘싹 다 잡아들여’라는 윤 대통령의 지시를 재차 증언했다. 국회와 헌법재판소에 출석한 증인들에 의해 거짓말이 속속 드러났는데도 윤 대통령은 여전히 발뺌과 부인으로 일관하고 있다. 대..,http://www.hani.co.kr/arti/opinion/editorial/1180766.html,
01100101.20250204191258001,20250204,경향신문,,"[사설]윤석열 ‘언론사 단전 단수’ 지시, 이게 나치가 벌인 짓이다",정치>행정_자치, 사회>미디어, 정치>국회_정당,사회>사회갈등>대량학살,,,"이영팔,곽종근,이상민,윤석열,허,황기석","12·3 비상계엄 선포 직전 대통령,비상계엄","경향신문,서울소방재난본부,소방청장,민주당,방통위,검찰,경찰,JTBC,국회,한겨레,텐가,MBC,군사정권,행정안전부,정부,나치,서울구치소,국정조사,헌재,경찰청,소방청","단전,윤석열,언론사,단수,지시,나치,12,우두머리,혐의,구속수감,대통령,윤석열,이상민,이상민,행정안전부,장관,경향신문,언론사,봉쇄,단전,단수,조치,지시,조치,시민,학살,총칼,권력,탈취,군사,정권,윤석열,서울구치소,면회,여당,지도부,민주당,입법,독주,나치,독재,비판,언론,압살,윤석열,위헌,행위,나치,검찰,국회,제출,윤석열,공소장,윤석열,12,장관,24시,경향신문,한겨레,MBC,JTBC,여론조사,봉쇄,소방청,단전,단수,메모,비상계엄,선포,조치,지시,정부,비판적,언론,신문,제작,방송,송출,장관,계엄,선포,경찰,조치,상황,확인,허석곤,소방청장,24시,경향신문,한겨레,MBC,JTBC,여론조사,경찰,투입,경찰청,단전,단수,협조,요청,조치,지시,지시,청장,차장,이영팔,소방청,차장,황기석,서울,소방,재난,본부장,전달,장관,비상계엄,선포,언론사,단전,단수,조치,협조,지시,사실,지난달,중순,청장,국회,실토,윤석열,지시,확인,장관,국회,지난달,청문회,국정,조사,특위,질의,답변,위증,책임,증인,선서,거부,시민,저항,국회,신속,대응,비상계엄,실패,실행,조치,계획,자체,내란,중간,지시자,자신,책임,법률가,장관,윤석열,정권,언론사,압수수색,기소,방통위,방심위,언론탄압,일상,언론사,봉쇄,단전,단수,계획,연장선,조치,비판,언론,말살,대상,생각,언론,권력,감시,감독,전체주의,윤석열,헌재,탄핵,심판,변론,실제,국회,의결,계엄,해제,사실,부인,곽종근,특수전사령관,국회,내란,특위,청문회,윤석열,국회,의원,지시,증언,증언,증거,국회,의원,요원,헌정,질서,유린,범죄,실패,범죄,시도,사실,윤석열","윤석열,언론사,비상계엄,청문회,나치,경향신문,소방청,이상민,황기석,서울구치소,행정안전부,이영팔,집무실,여론조사,지도부,방통위",12 3 내란 우두머리 혐의로 구속수감 중인 대통령 윤석열이 이상민 당시 행정안전부 장관에게 경향신문 등 언론사의 봉쇄 단전 단수 조치를 취하라고 직접 지시한 것으로 드러났다. 이런 조치는 시민을 학살하고 총칼로 권력을 탈취한 5공 군사정권도 하지 않았다. 윤석열은 지난 3일 서울구치소에 면회 온 여당 지도부에 민주당이 입법 독주를 한다면서 ‘나치 독재..,https://www.khan.co.kr/article/202502041912001,
01101001.20250204181004002,20250204,한겨레,한겨레,[사설] 김성훈 경호차장의 내란 공모 의혹 전모 밝혀야,사회>사건_사고, 사회>노동_복지, 정치>청와대,,,,"김,김성훈,윤,노상원,윤석열,김대경,윤건영","12·3 비상계엄,비상계엄","혐의 진상규명,정부,고위공직자범죄수사처,검찰,대통령경호처,경찰,더불어민주당,국정조사,내란,특별위원회,경호처","김성훈,경호,차장,내란,공모,의혹,전모,대통령경호처,김성훈,차장,지시,12,비선,설계자,지목,노상원,국군정보사령관,비화폰,제공,의혹,제기,차장,사태,기획,단계,개입,가능성,차장,여부,내란,공모,수사,의원,윤건영,더불어민주당,정부,윤석열,비상계엄,선포,특별위원회,내란,혐의,진상,규명,국정,조사,특별,위원회,내란국조특위,청문회,대통령실,비화폰,관리,업무,총괄,지원본부장,김대경,경호처,질의,루트,확인,결과,경호처,노상원,비화폰,지급,끝번호,노상원,확인,비화폰,계엄,하루,12월,민간,노상원,비화폰,사람,본부장,의원,차장,비화폰,노상원,비화폰,국정,운영,공직자,제한적,지급,보안,장비,수신,발신,내역,통화,녹음,불가능,데이터,암호화,감청,차장,계엄,민간인,계엄,사령관,비화폰,차장,계엄,사전,공모,정황,증거,의원,주장,의원,차장,계엄,열흘,12월,김대경,본부장,비화폰,불출,대장,삭제,지시,본부장,실무자들,거부,차장,지난달,고위,공직자,범죄,수사처,윤석열,대통령,체포,시도,주도적,방해,지시,직원들,직무배제,혐의,경찰,수사,체포,영장,집행,대통령,총기,사용,검토,지시,유혈,사태,불사,태도,확보,비화폰,서버,경찰,경호처,압수,수색,직원들,기록,삭제,비화폰,통화,기록,지시,의혹,증거,인멸,경찰,차장,강제수사,휴대전화,압수,검찰,구속,영장,반려,경호처,반발,수사,난항,계엄,계엄,사령관,비화폰,지급,단순,호위무사,중요,임무,종사자,가능성,철저,수사,공모,여부","비화폰,경호처,노상원,윤석열,본부장,비상계엄,김대경,종사자,공직자,김성훈,청문회,가능성,직원들,대통령실,더불어민주당","대통령경호처가 김성훈 차장의 지시로 12 3 비상계엄 전날 내란의 ‘비선 설계자’로 지목된 노상원 전 국군정보사령관에게 비화폰을 제공했다는 의혹이 제기됐다. 김 차장이 내란 사태의 기획 단계부터 개입했을 가능성을 보여준다. 김 차장의 내란 공모 여부에 대한 수사가 신속히 이뤄져야 한다.
윤건영 더불어민주당 의원은 4일 ‘윤석열 정부의 비상계엄 선포를 통..",http://www.hani.co.kr/arti/opinion/editorial/1180729.html,
01100901.20250204003314001,20250204,중앙일보,,"[사설] 헌재는 ‘졸속 논란’ 해소를, 최 대행은 헌재 결정 존중을",정치>행정_자치, 정치>청와대, 정치>국회_정당,,,,"김정환,권한쟁,윤석열,이미선,우원식 국회의장,조한창,문형배,마은혁,최,최상목","평의,도담,하도","헌법재판소,헌법소원,헌재,국회,헌재소장,국민의힘","헌재,졸속,논란,해소,대행,존중을,헌재,결정,예고,마은혁,선고,연기,존중,헌재,결정,의무,헌법재판소,보류,마은혁,헌법,재판관,후보자,임명,권한쟁의,헌법소원,심판,선고,연기,원래,헌재,예고,선고,일정,2시,헌재,정도,11시,분쯤,결정,선고,연기,언론,이례적,일정,변경,헌재,재판관,평의,논의,연기,결정,사정,헌법,재판관,임명,탄핵심판,윤석열,대통령,탄핵,심판,영향,사안,국민,관심,집중,선고,만큼,졸속,중요,사안,쟁점,국회,과반수,찬성,의결,마은혁,후보자,권한대행,최상목,대통령,권한,대행,임명,보류,헌법,부합,헌법,헌법재판관,국회,선출,대통령,임명,규정,대행,조한창,정계선,후보자,헌법재판관,임명,후보자,여야,합의,확인,임명,보류,우원식,국회,의장,권한쟁,심판,김정환,법무법인,도담,변호사,헌법소원,헌재,청구,국민,의장,국회,의결,절차,권한쟁,심판,청구,부당,주장,헌법재판소법,권한쟁,심판,결정,헌법,소원,인용,국가기관,지방자치단체,기속,명시,헌재,부작위,심판,청구,인용,피청구인,결정,취지,처분,규정,헌재,결정,결정,존중,국가기관,의무,일각,후보자,노동,활동,경력,논란,정치,편향,제기,대통령,권한대행,문형배,헌재소장,권한,대행,이미선,정계선,재판관,탄핵,심판,심리,주장,국회,인사,청문회,재판관,자질,검증,이해,논리,대통령,여당,재판관,편향,논란,헌법,대통령,국회,대법원장,헌법,재판관,선정,권한,부여,삼권분립,견제,균형,원리,보수,성향,재판관,진보,성향,재판관,공존,헌법,정신,헌재,과도,헌법기관,신뢰성,훼손,극복,국가,위기,헌재,불필요,논란,발생,절차,흠결,공정","재판관,후보자,마은혁,헌법소원,헌법재판관,권한쟁,정계선,권한대행,탄핵심판,우원식,만큼,헌재소장,국가기관,문형배,최상목,재판소","━
 어제 예고했던 ‘마은혁 선고’ 두 시간 전에 연기 
 
 ━
 헌재 결정 존중은 의무 과도한 흔들기 멈춰야 
 헌법재판소가 마은혁 헌법재판관 후보자 임명 보류에 대한 권한쟁의 헌법소원 심판의 선고를 갑작스럽게 연기했다. 원래 헌재가 예고했던 선고 일정은 어제 오후 2시였다. 헌재는 이를 불과 두 시간 정도 앞둔 오전 11시57분쯤 선고 연기 결정을..",https://www.joongang.co.kr/article/25311420,
01101101.20250204001044001,20250204,한국일보,,"[사설] 선고 2시간 전 변론 재개... 헌재, 절차적 흠결 없어야",정치>청와대, 정치>행정_자치, 사회>사건_사고,,,,"우원식 국회의장,마은혁,한덕수,최,최상목","평의,계산","헌법재판소,헌법소원,헌재,국회,국민의힘","재개,선고,변론,헌재,절차,흠결,헌법재판소,권한대행,최상목,대통령,권한,대행,후보자,마은혁,헌법,재판관,임명,위헌,여부,권한쟁의,헌법소원,심판,선고,연기,지난달,3시간,기각,선고,2시간,결정,번복,대행,공석,3명,국회,추천,헌법,재판관,2명,임명,1명,야당,추천,마은혁,여야,합의,보류,우원식,국회,의장,국회,재판관,선출,구성권,침해,헌재,권한쟁,심판,청구,헌법,대통령,대법원장,국회,3명,재판관,선출,대통령,권한,대행,형식,임명,남용,변호사,보류,재판관,임명,헌법,재판,권리,침해,헌법소원,헌재,변론,이틀,지난달,선고,날짜,대행,채택,핵심,증인,변론,재개,요청,3시간,기각,선고,당일,이날,평의,논의,선고,연기,변론,재개,국민,그동안,헌재,선고,선택,신속,비판,대표적,후순위,한덕수,국무총리,탄핵,사건,형평성,중도,보수,5명,진보,지형도,헌재,이념,완전체,진보,대통령,탄핵,심판,불리,작용,계산,헌재,행보,여당,헌재,실제,영향,의혹,제기,헌재,논란,자초,측면,선고,사흘,지난달,대행,여야,재판관,후보자,추천,경위,설명,자료,당일,제출,대표,변론,재개,일축,자료,요청,무리,선고,일정,자인,비판,가능,헌재,결정,양쪽,진영,꼬투리,불복,국면,절차적,훼손,신경","재판관,마은혁,절차적,후보자,3명,한덕수,우원식,완전체,최상목,헌법소원,1명","헌법재판소가 최상목 대통령 권한대행이 마은혁 헌법재판관 후보자를 임명하지 않는 것이 위헌인지 여부 등을 따지는 권한쟁의 헌법소원 심판의 선고를 연기했다. 지난달 최 대행 측 변론 재개 요청을 3시간 만에 기각했는데, 선고를 불과 2시간 앞두고 결정을 번복한 것이다.
최 대행은 작년 말 공석이던 국회 추천 몫 헌법재판관 3명 중 2명만 임명하고 야당 추천..",https://www.hankookilbo.com/News/Read/A2025020315390005250,
01100101.20250203181610001,20250203,경향신문,,"[사설]헌재 “결정 안 따르면 위헌”, 마은혁 임명 뭉개온 최상목 경고다",정치>청와대, 정치>선거,,,,,"김정환,윤석열,우원식 국회의장,마은혁,최,천재현,최상목",,"헌법재판소,헌법소원,헌재,국민의힘","헌재,결정,위헌,마은혁,임명,최상목,경고다,헌법재판소,권한대행,최상목,대통령,권한,대행,후보자,마은혁,헌법,재판관,임명,우원식,국회,의장,제기,권한쟁의심판,김정환,변호사,헌법,소원,사건,선고,연기,헌재,지난달,변론,대행,증인,신청,기각,변론,종결,대행,신청,변론,재개,헌재,수용,헌재,일정,선고,당일,변경,이례적,대행,헌재,결정,시비,핑곗거리,이해,우두머리,혐의,구속수감,대통령,윤석열,국민,헌재,공격,결과,대통령,탄핵,심판,불복,명분,빌미,공보관,천재현,헌재,이날,브리핑,헌재,후보자,임명,결정,대행,임명,질문,헌재,결정,헌법,법률,위반,이날,예정,임명,여당,헌재,권한쟁의심판,인용,대행,임명,거부,주장,대행,별도,입장,헌재,인용,결정,대행,후보자,임명,관측,헌재,위헌,위법,공식,경고,헌재,입장,헌법,대통령,헌법,수호,책무,헌법,수호,대통령,헌법,책무,사법시스템,헌법,최종,해석,헌재,결정,만큼,헌재,합헌,위헌,대통령,대통령,권한,대행,위헌,행위,탄핵,사유,상식적,국정,최고,책임자,헌재,결정,국헌,문란,나라,12,비상시국,대행,여당,눈치,헌법,법률,국정,중심,대행,윤석열,체포,수색,영장,집행,내란특검,내란,특검,임명,후보자,임명,모습,정반대,걸음,헌재,결정,거부,발생,국가,혼란,사법,붕괴,책임,대행,대행,변론,재개,헌재,결정,수용","후보자,마은혁,최상목,윤석열,사법시스템,내란특검,우원식,천재현,권한쟁의심판,구속수감","헌법재판소가 최상목 대통령 권한대행이 마은혁 헌법재판관 후보자를 임명하지 않은 데 대해 우원식 국회의장이 제기한 권한쟁의심판, 김정환 변호사가 낸 헌법소원 사건을 3일 선고하려다 연기했다. 헌재가 지난달 22일 1차 변론에서 최 대행 측 증인신청 등을 기각하고 변론을 종결한 뒤 최 대행 측이 31일 신청한 변론 재개를 헌재가 수용한 것이다.

헌재가 선..",https://www.khan.co.kr/article/202502031815001,
01101001.20250203181011001,20250203,한겨레,한겨레,"[사설] 윤석열 접견한 권영세 권성동, ‘내란 수괴' 들러리 원하나",정치>국회_정당, 정치>청와대, 정치>선거,,,,"권영세,나경원,윤석열,권성동","망상,호명,중계","헌법재판소,더불어민주당,서울구치소,서울서부지법,2030,국민의힘","윤석열,접견,권영세,권성동,내란,수괴,들러리,비상대책위원장,국민의힘,권영세,비상,대책,위원장,권성동,원내,대표,서울구치소,윤석열,대통령,접견,중진,나경원,의원,동행,대통령,계엄,국민,더불어민주당,국정,사실,마비,행태,다행,의원,접견,그동안,영상,편지,발언,헌법,재판소,탄핵,심리,변호인,전언,궤변,억지,여당,지도부,반복,중계,의원,지도부,내란,수괴,피의자,메신저,노릇,비판,의도,여당,투톱,선동,확성기,본질,대통령,자리,청년,국민,희망,역할,부탁,국민들,희망,장본인,대통령,망상,국정,민생,파탄,지속,극렬,지지,선동,극단,혼란,최대,제공자,한마디,반성,사과,역할,운운,옥중,교시,어처구니,눈치,극렬,지지,대통령,여당,지도부,굴종,행태,비정상,초래,대통령,국민,대다수,거부,계엄령,국민,극렬,지지,국민,호명,이날,지도부,이날,국민,희망,언급,자신,지지,극렬,지지,여당,부응,메시지,거론,사태,서울,서부,지법,폭동,구속,사람,남성,사실,고무,역할,부탁,본뜻,여당,극렬,지지,탄핵,반대,지시,국민,지도부,접견,당내,숙제,부담,목소리,투톱,개인,차원,강변,접견,강행,국민,수괴,피의자,교시,맹종,들러리,전락,책임","지도부,권성동,권영세,서울구치소,피의자,국민의힘,윤석열,한마디,변호인,제공자,서울,재판소,위원장,비정상,확성기,그동안,비상대책위원장,대다수,나경원,계엄령,본뜻,국민들,더불어민주당","국민의힘 권영세 비상대책위원장과 권성동 원내대표가 3일 서울구치소를 찾아 윤석열 대통령을 접견했다. 당 중진인 나경원 의원도 동행했다. 윤 대통령은 이들을 만나 “이번 계엄을 통해 국민이 얼마나 더불어민주당이 마음대로 국정을 사실상 마비시킨 여러 행태에 대해 알게 된 것은 다행”이라고 했다고 나 의원이 접견 직후 전했다. 그동안 영상과 편지, 헌법재판소..",http://www.hani.co.kr/arti/opinion/editorial/1180558.html,
01100801.20250203002017001,20250203,조선일보,조선일보,"[사설] 尹 면회 가는 국힘 지도부, 중도층이 어떻게 보겠나",정치>청와대, 정치>국회_정당, 정치>선거,,,,"권영세,이,윤석열,권성동,권,이재명","중,일본,미,尹,비상계엄,일,한","민주당,헌법재판소,비대위,서울구치소,민주노총,국회,법원,국민의힘","면회,국힘,지도부,중도층,비대위원장,국민의힘,권영세,비대,위원장,권성동,원내,대표,서울구치소,수감,윤석열,대통령,면회,예정,국민,지도부,인간,도리,원내,개인,차원,차원,공식,일정,지도부,개인,면회,설명,대통령,헌법,요건,비상계엄,선포,혐의,국회,활동,혐의,탄핵,심판,내란,혐의,기소,형사,재판,헌법재판소,법원,시시비비,대통령,계엄,선포,민주당,탄핵,폭주,초래,국가,피해,국면,대통령실,참모,국민,지도부,면회,생각,계엄,급락,계엄,국민,지지율,민주당,점령군,행세,이재명,대표,반감,회복세,반사,이익,각종,여론,조사,중도층,무당층,정권,정권,교체,응답,국민의힘,의원,관저,대통령,지도부,단체,면회,모습,중도층,세력,계엄,옹호,대표,이재명,민주당,25만,민생,지원금,포기,추경,예산,논의,기본소득,재검토,우클릭,선거,승패,좌우,중도층,공략,민주노총,반대,예외,시간,근무,검토,대통령,탄핵,소추,대통령,적대시,일본,중심,정책,고집,민주당,대표,이젠,협력,국민,대통령,그늘,대표,비판,민생,대안,제시,주도,민주당,주장,추경,협의체,복귀,원론,답변,강성,지지,정치,중도층,신뢰,회복,대안,마련","지도부,민주당,국민의힘,중도층,이재명,권성동,서울구치소,권영세,재검토,우클릭,기본소득,일본,민주노총,회복세,대통령실,위원장,협의체,헌법재판소","국민의힘 권영세 비대위원장과 권성동 원내대표가 3일 서울구치소에 수감된 윤석열 대통령을 면회할 예정이다. 국민의힘 지도부는 “인간으로서 당연한 도리”라고 했다. 권 원내대표는 “개인적 차원에서 가는 것”이라며 당 차원의 공식 일정이 아니라고 했다. 그러나 당 지도부 투 톱이 나란히 가는데 ‘개인적 면회’라는 설명을 누가 믿겠나. 
 
윤 대통령은 헌법 ..",https://www.chosun.com/opinion/editorial/2025/02/03/MTYQFZ6K3JEILIGVWYFUJJU5LY/?utm_source=bigkinds&utm_medium=original&utm_campaign=news,
01101101.20250203001051001,20250203,한국일보,,[사설] 윤 대통령 여당의 '헌재 갈라치기'는 국가적 자폭 행위다,정치>청와대, 정치>행정_자치, 정치>선거,,,,"정계선,윤석열,이미선,문형배,마은혁,최상목,이재명",,"더불어민주당,국회,헌재소장,사법연수원,민변,헌법재판소,공익재단,헌재,특별위원회,국제인권법연구회,우리법연구회,사법부,국민의힘","대통령,여당,헌재,행위다,국가,자폭,윤석열,대통령,헌법재판소,지난달,헌법,재판소,정계선,문형배,이미선,재판관,탄핵,심판,심리,의견서,제출,권한대행,헌재소장,권한,대행,대표,이재명,더불어민주당,사법연수원,동기,10여,사회관계,서비스,SNS,교류,정치,편향,지적,재판관,동생,민변,산하,윤석열,퇴진,특별,위원회,부위원장,활동,재판관,국회,대리인,국회,이사장,공익재단,남편,대통령,주장,국민,진보성향,우리법연구회,국제,인권법,연구회,출신,재판관,탄핵심판,촉구,재판관,성향상,헌재,탄핵,심판,공정성,헌법,대통령,대법원장,국회,3인,재판관,임명,지명,선출,권한,명시,헌재,구성,삼권,분립,원칙,중립성,독립성,다양성,확보,취지,재판관,헌재,흠집,의도,명약관화,3인,재판관,심리,회피,체제,헌재,탄핵심판,참여,재판관,5명,결정,헌법,재판소,탄핵,인용,재판관,찬성,국민,권한대행,최상목,대통령,권한,대행,야당,추천,후보자,마은혁,재판관,임명,보류,권한,쟁의,심판,헌재,인용,임명,거부,요구,배경,법조계,재판관,성향,재판,회피,의견,다수,대통령,여당,논리,대통령,임명,여당,추천,재판관,탄핵심판,배제,무리,요구,반복,불복,헌재,결정,염두,여론전,대통령,여당,헌재,탄핵심판,불신,공정,심판자,재판관,양심,양식,훼손,시도,분별력,처사,개인,안위,보수,결집,상태,심리,내란,진영,갈등,사법부,정쟁화,도모,악영향,국가,자폭,행위","재판관,3인,윤석열,10여,부위원장,권한대행,탄핵심판,더불어민주당,이재명,민변,문형배,헌재소장,이미선,행위다,재판소,마은혁,최상목",윤석열 대통령 측이 지난달 31일 헌법재판소에 문형배 이미선 정계선 등 재판관 3인에 대해 탄핵심판 심리에서 빠져야 한다는 의견서를 제출했다. 문 헌재소장 권한대행에 대해선 이재명 더불어민주당 대표와 사법연수원 동기로 10여 년 전 사회관계망서비스(SNS)로 교류한 적이 있다며 정치적 편향성을 지적했다. 이 재판관은 동생이 민변 산하 윤석열 퇴진 특별위..,https://www.hankookilbo.com/News/Read/A2025020210460002272,
01100401.20250203232808001,20250203,동아일보,,"[사설]‘내란 혐의’ 수사, 여기서 끝나면 숱한 논란과 후환만 남는다",사회>사건_사고, 정치>청와대,,,,,"윤석열,최,최상목","북,민주,적도,북한","공수처,이대,검찰,경찰,국회,비상계엄,법원,공산","내란,혐의,수사,논란,후환,권한대행,최상목,대통령,권한,대행,2차,지난달,특검법안,거부권,행사,대행,내란죄,특검,법안,국회,2번,대행,거부,대통령,군경,핵심,재판,절차,시작,추가,조치,실익,근거,대행,거부,특검,법안,거부,야당,특검,비토,대통령,인사,침해,위헌,지적,특검,법안,2명,특검,후보,대법원장,추천,야당,비토권,삭제,북한,무력,충돌,불사,의혹,외환죄,삭제,국회,통과,특검,실익,취지,논리,대행,논리,설득력,검찰,경찰,공수처,수사,윤석열,대통령,11명,계엄,관련자,내란,혐의,기소,상태,법원,유무,판단,근본적,우두머리,혐의,대통령,공수처,수사,거부,조사,기소,대통령,공소장,계엄,가담자,진술,증거,바탕,작성,계엄,전모,대통령,계엄,지시,계엄,상의,사람,기소,장성들,경찰,수뇌부,NLL,북방한계선,유도,공격,메모,실체,언론사,단전,단수,지시,주장,수사,규명,사안들,비상계엄,1987년,민주,정치,근간,행위,만큼,계엄,실체,법적,행정,책임,역사,기록,책무,검찰,경찰,공수처,체제,보완,수사,절차,시비,수사,논란,공산,총체적,감당,궁극,특검,수사,마무리,논란,후환,재판,진행,수사,법적,절차,미흡,소모적,갈등,분쟁,지적,특검법,재의결,특검법,여부,국회,사건,과거,BBK,다스,검찰,수사,특검,부실,수사,논란,10년,검찰,재수사,논란,시비,대상,승복,동시,후대,경계,내란,혐의,수사","특검법안,특검법,2차,언론사,공수처,외환죄,관련자,최상목,비토권,내란죄,북방한계선,비상계엄,한계선,수뇌부","최상목 대통령 권한대행이 지난달 31일 2차 내란 특검법안에 거부권을 행사했다. 최 대행이 내란죄 특검법안을 국회로 되돌려 보낸 것은 이번이 2번째다. 최 대행은 거부 이유로 “대통령과 군경 핵심 등의 재판 절차가 이미 시작됐다”며 추가적 조치로 얻는 실익이 크지 않다는 점을 근거로 들었다. 
 
 최 대행은 지난해 말 1차 특검법안 거부 때는 야당이 ..",https://www.donga.com/news/Opinion/article/all/20250202/130953914/2,
01100101.20250202183002001,20250202,경향신문,,"[사설]지도부까지 구치소 찾는 여당, 내란수괴와 한 몸 되려는가",정치>국회_정당, 정치>청와대,,,,,"권영세,김재섭,윤석열,권성동,권","계산,12·3 비상계엄,한국","지도부,서울서부지법,자유민주,공산,국민의힘","지도부,구치소,여당,내란수괴,국민,지도부,수괴,내란,혐의,구속,수감,대통령,윤석열,권성동,원내,대표,2일,윤석열,접견,예정,권영세,비대위원장,면회,신청,개인,차원,강조,질서,연일,헌정,부인,윤석열,극우,지지,국민들,여당,대표,구치소행,정치,메시지,다선,정치인들,인간,인간,인간,운운,수괴,공당,지도부,처신,정치윤리,허용,국민,윤석열,체포,지도부,차원,거리,윤석열,정당,퇴행,원내,국민,재판관들,연일,헌법,재판관,비방,저지,탄핵,심판,혈안,행태,뒷받침,투톱,윤석열,면회,속셈,윤석열,극단,선동,극우,지지,호응,지지율,상승,조기,대선,대비,계산,대다수,국민,국민의힘,보수,정당,정체,내란,수괴,인질,한국,정치,거대,보수,정당,극단,세력,신세,개탄,12,심판,윤석열,탄핵,수사,방해,폭도들,서울,서부,지법,난동,비호,시시비비,자승자박,건전,보수,정체,극우,침식,보수,정치,붕괴,재촉,결과,공산,국민,자정,작동,비상,국면,지도부,방침,윤석열,면회,무책임,반발,김재섭,조직,부총장,비상계엄,조성,내란,상황,상처,민주주의,국가,통합,회복,정치권,극단,세력,국민,공당,자유민주주의,헌정,질서,수호,책무,자각,내란,수괴,정당,존재,의미,투톱,존재,망동,세력,절연","윤석열,지도부,비상계엄,민주주의,김재섭,권성동,대다수,폭도들,비대위원장,권영세,지지율,시시비비,정치인들,자승자박,서울",국민의힘 지도부가 3일 ‘내란 수괴’ 혐의로 구속 수감된 대통령 윤석열을 찾아가기로 했다. 권성동 원내대표는 2일 “내일 11시 (윤석열) 접견이 예정돼 있다”며 “(권영세) 비대위원장도 함께 (면회를) 신청했다”고 했다. “개인적 차원”임을 거듭 강조했지만 그 말을 그대로 믿기는 어렵다. 설사 그렇더라도 연일 헌정 질서를 부인하고 있는 윤석열 측이나 ..,https://www.khan.co.kr/article/202502021829001,
01100101.20250202181553001,20250202,경향신문,,[사설] 한 중관계 파탄 막을 ‘주중대사 대리’ 파견 검토할 만하다,국제>중국, 국제>일본, 정치>청와대,,,,"윤석열,김대기,정재호","우호,중,일본,서울,대중국,중국,한국,중국 혐오,한","한·중관계,중앙선거관리위원회,미국,정부,공관장,중국,대통령비서실장,국가정보원,중국대사관,중국 정부","중관계,파탄,주중,대사,대리,파견,검토,한국,중국,혐오,정서,위험,수위,대통령,윤석열,극우,지지자,주한,중국,대사관,멸공,페스티벌,이름,집회,한국,방문,중국인,관광객,위협,부정선거,중국,개입,음모론,중국인,대통령,탄핵,찬성,집회,참가,주장,혐중,선동,혐중,정서,자유민주주의,강조,윤석열,정부,확산,측면,12,공공장소,중국인,수위,혐오,발언,정치인들,거리낌,중국,정부,이례적,한국,체류,자국민,관광객,집회,장소,거리,안전,주의,당부,정도,중앙선거관리위원회,국가정보원,부정,선거,음모,근거,윤석열,지지자,중국인,선거,개표원,채용,중국인,해커,서버,공격,선거,결과,주장,음모론,결합,혐오,정서,중국인,간첩,언급,지지자들,선동,윤석열,여당,정치인,책임,외국인,특정,국적,혐오,조장,소지,인권,침해,입장,미국,일본,한국인들,혐한,정서,위협,두려움,폭력,사태,불상사,외교문제,비화,중관계,관리,주중대사,공석,윤석열,주중대사,내정,김대기,대통령비서실장,해외,공관장,인사,임명,제외,실장,전문성,대통령,측근,정무적,발탁,대통령,직무,정지,사정,급변,후임,부임,정재호,주중,대사,자리,귀국,여권,조장,혐중,정서,중관계,관리,탄핵,국면,정리,정부,한시적,외교관,출신,주중,대사,대리,별도,파견,방안,미국,정권,교체기,조셉,주한,대사,대리,서울,파견,선례,제스처,상징,우호,대중국,외교,공백,정보,수집,실용,조치","중국인,윤석열,주중대사,중국,한국,지지자,음모론,혐중,미국,정치인,부정선거,중관계,관광객,지지자들,조셉,혐한,외교관,정재호","한국 내 ‘중국 혐오’ 정서가 위험 수위로 치닫고 있다. 대통령 윤석열의 일부 극우 지지자들이 주한 중국대사관 가까운 곳에서 ‘멸공 페스티벌’이라는 이름의 집회를 여는가 하면 한국을 방문한 중국인 관광객들을 위협하는 일이 벌어졌다고 한다. 이들은 부정선거에 중국이 개입돼 있다는 음모론을 퍼뜨리고, 중국인이 대통령 탄핵 찬성 집회에 대거 참가했다고 주장하..",https://www.khan.co.kr/article/202502021815001,
01101001.20250202181005001,20250202,한겨레,한겨레,[사설] 윤석열 국힘의 헌재 흔들기 가당치 않다,정치>청와대, 정치>행정_자치, 정치>국회_정당,,,,"김이수,윤,정,윤석열,이미선,문형배,모임,마은혁,최상목,이재명",,"인천지역민주노동자연맹,헌법재판소,더불어민주당,헌재,국회,특별위원회,우리법연구회,결사반대,국민의힘","윤석열,국힘,헌재,윤석열,대통령,국민,헌법재판소,헌법재판관들,정치,성향,야당,대표,친분,탄핵심판,대통령,탄핵,심판,주장,헌재,편향,딱지,독립성,훼손,분열,무책임,분탕질,당장,중단,대통령,권한대행,지난달,문형배,헌법,재판소장,권한,대행,이미선,정계선,헌법재판관,탄핵,심판,회피,촉구,의견서,헌재,제출,대행,과거,이재명,더불어민주당,대표,사회관계망서비스,SNS,교류,친분,재판관,친동생,민주사회,변호사모임,윤석열,퇴진,특별,위원회,부위원장,공정,재판,주장,재판관,배우자,국회,탄핵,소추,대리인단,김이수,변호사,이사장,공익,인권,재판,공감,근무,법적,논리적,헌법,재판소,재판관,제척,기피,회피,사유,재판관,당사자,친족관계,친족관계,적시,재판관,진보,성향,출신,이념,정치,성향,시비,대통령,국회,대법원장,3명,헌법재판관,임명,추천,삼권분립,헌재,관점,확보,헌법,취지,부정,행위,대통령,인사,인연,이념,성향,꼬투리,나머지,재판관,기피,요구,대통령,국민,권한대행,최상목,대통령,권한,대행,보류,임명,마은혁,헌법,재판관,결사반대,헌재,체제,완성,후보자,인천,지역,민주,노동자,연맹,활동,경력,헌법재판관,인정,주진우,의원,인신공격,색깔,탄핵,심판,결정,재판관,찬성,주장,대통령,탄핵,결정,헌재,위축,불신,탄핵,심판,결과,불복,여론전,심산,혼돈,갈등,우두머리,혐의자,심판,좌우,대결,둔갑,진흙탕,집권,세력,망동,기억","재판관,탄핵심판,헌법재판관,윤석열,변호사,문형배,마은혁,권한대행,의견서,재판소,최상목,무책임,사회관계,분탕,독립성,진흙탕,위원회","윤석열 대통령과 국민의힘의 헌법재판소 흔들기가 끊이지 않고 있다. 일부 헌법재판관들의 정치적 성향이나 야당 대표와의 친분 등을 문제 삼아 ‘윤 대통령 탄핵심판에서 손 떼라’고 주장하는 것이다. 헌재에 ‘편향’ 딱지를 붙여 독립성을 훼손하고 분열을 부추기는 무책임한 분탕질을 당장 중단하기 바란다.
윤 대통령 쪽은 지난달 31일 문형배 헌법재판소장 권한대행..",http://www.hani.co.kr/arti/opinion/editorial/1180385.html,
01100801.20250201001556001,20250201,조선일보,조선일보,[사설] 방통위 수장 겨냥한 네 번째 탄핵안이 남용 아니라니,정치>청와대, 정치>행정_자치, 정치>선거,범죄>범죄일반>폭행,,,"이,김홍일,이동관,한덕수,마은혁,최상목,이상인,이재명",,"진보파,민주당,정부,방통위,헌법재판소,방송통신위,국회,헌재,MBC","겨냥,방통위,수장,번째,남용,헌법재판소,탄핵소추안,이진숙,방송통신,위원장,탄핵,소추,기각,국회,탄핵,소추,남용,판단,의결,절차,탄핵,대상자,행위,위반,일정,수준,소명,헌법,수호,정치,목적,탄핵,소추,남용,민주당,위원장,취임,탄핵,예고,취임,이틀,탄핵소추,위원장,이동관,김홍일,위원장,위원장,직무,대행,탄핵안,발의,야당,적극,지원,MBC,지휘부,사수,목적,헌법,수호,탄핵,남용,헌재,판단,상식,민주당,출범,윤석열,정부,29건,탄핵소추안,발의,그중,일방,통과,근거,정략,탄핵,한덕수,권한,대행,계엄,선포,반대,내란,혐의,탄핵소추,실제,대표,이재명,민주당,대통령,탄핵,속전,속결,협조,대표,방탄,검사,대표,수사,탄핵소추,이용,거대,야당,폭력,남용,민주당,허가증,탄핵,폭주,헌재,대통령,탄핵,심리,진행,해소,국정,안정,중요,한덕수,대행,탄핵,정식,변론,시작,권한,대행,후보자,마은혁,헌법,재판관,임명,위헌,여부,선고,헌재,진보파,대통령,탄핵,가능,임명,후보,의구심,대목,탄핵소추,대통령,탄핵,소추,인용,기각,국민,극렬,갈등,예상,국가,혼란,최소화,헌재,오해","위원장,민주당,탄핵소추,한덕수,이진숙,마은혁,탄핵소추안,지휘부,그중,윤석열,이재명",헌법재판소가 이진숙 방송통신위원장 탄핵소추안을 기각하면서도 국회의 탄핵소추권 남용은 아니라고 판단했다. “의결 절차를 지키고 탄핵 대상자의 법 위반 행위가 일정 수준 이상 소명됐다면 헌법 수호를 위한 것으로 봐야 한다”는 것이다. “설령 정치적 목적이 있어도 그것만으로 탄핵소추권 남용으로 볼 수 없다”고도 했다. 민주당은 이 위원장 취임 전부터 탄핵을 ..,https://www.chosun.com/opinion/editorial/2025/02/01/ZVV5E62UKRGHTPQ2C5IPS7ZDBQ/?utm_source=bigkinds&utm_medium=original&utm_campaign=news,
01100901.20250201001450001,20250201,중앙일보,,[사설] 아전인수 민심 해석 그만두고 민생 챙기길,정치>국회_정당, 정치>청와대, 정치>선거,,,,"윤,문형배,정계선,최기상,권성동,김대중,윤석열,이미선,김민석,권,박범계,이재명",비상계엄,"민주당,국민연,민주주,더불어민주당,입법부,탄핵소추단,집권당,헌법재판소,가짜뉴스,헌재,사조,사법부,우리법연구회,국민의힘","해석,아전인수,민심,민생,기길,방탄,노골,대통령,중도,소구력,의문,지지율,격차,성찰,부족,민생경제,중요,유권자,선택,잣대,민심,여야,아전인수,해석,가관,연휴,기간,자신들,장면,얘기,원내대표,국민의힘,권성동,원내,대표,회견,민심,입법부,거대,야당,폭주,괴물,사법부,수사,기관,눈치,거대,야당,개탄,목소리,시중,의견,사실,비상계엄,탄핵,사태,살림살이,원망,목소리,야당,비판,집권당,윤석열,대통령,작금,난국,야기,머리,국민,보수,결집,지지율,상승,노골적,방탄,대통령,중도,민심,의문,원내,국회,탄핵,소추단,최기상,박범계,의원,출신,권한대행,문형배,헌법,재판소장,권한,대행,정계선,이미선,헌재,재판관,출신,공정,논란,주장,이슈,오래전,제기,논란,사법부,특정,성향,사조직,과도,영향력,행사,사법부,자체,해결,여당,빌미,헌법재판소,공격,국가,마비,민주주의,사회,사법부,존중,개인,판사,삼권분립,운영,존중,의미,더불어민주당,이재명,대표,수사,검사들,탄핵,국민,민주주,파괴,비판,국민,헌법재판관,공격,본질,민주당,행태,유념,연휴,최고위원,민주당,김민석,최고,위원,이재명,대표,개인,지지,1위,유지,이재명,정권교체,흐름,정권교체,민심,최대,요구,민주당,절대,주장,리더십,국가,위기,안정,요구,김대중,문재인,대통령,사례,흐름,강화,이재명,대표,1위,대선,후보,지지율,사실,정국,탄핵,정국,민주당,국민,지지율,격차,조사,역전,성찰,부족,민주당,의석,탄핵,넌더리,비판,대통령,탄핵,심판,지연,비판,재판,이재명,대표,반발,가짜뉴스,단속,설치,민주파출소,탄압,반대,여론,충고,전달,사람,여론조사,자신들,여론,조사,검증특위,오만,발상,지적,전달,자영업자,중소상공인,서민들,아우성,대기업들,경영,상황,불투명,허리띠,실정,여야,소모적,정치,공방,민생안정,경제입법,시점,국민연금,의대증원,산더미,여론,유동적,조기,대선,정당,민생,진심,유권자,선택,중요,잣대","민주당,사법부,이재명,지지율,문형배,유권자,여론조사,재판관,검증특위,1위,국민의힘,권성동,자신들,김민석,정권교체,아전인수","━
 여, 노골적 대통령 방탄 중도 소구력 의문 
 
 ━
 야, 지지율 격차 왜 좁혀졌는지 성찰 부족 
 
 ━
 민생경제가 유권자 선택 중요한 잣대될 것 
 설 민심에 대한 여야의 아전인수 해석이 가관이다. 연휴 기간에 자신들이 보고 싶은 장면만 골라 보고, 듣고 싶은 얘기만 가려서 듣고 온 듯하다. 
 
 국민의힘 권성동 원내대표는 그제 회견에서 ..",https://www.joongang.co.kr/article/25310883,
01101101.20250201001024001,20250201,한국일보,,"[사설] 최 대행, 내란특검 또 거부권... 정쟁만 부추기는 악수",사회>사건_사고, 정치>청와대, 정치>행정_자치,,,,"윤석열,최상목","12·3 비상계엄,비상계엄","공수처,검경,국회,조폐공사,대법원,국민의힘","대행,내란특검,거부권,정쟁,악수,권한대행,최상목,대통령,권한,대행,특검법,내란,재의요구권,거부권,행사,특검법,국회,대행,특검,시행,실익,이익,거부,행사,무책임,처사,대행,국무회의,보충성,예외성,측면,특검,실효성,12,진전,윤석열,대통령,포함,인물,군경,핵심,인물,구속,기소,재판,절차,시작,설득력,파업유도,조폐공사,파업,유도,사건,주가조작사건,BBK,주가,조작,사건,특검,관련자,기소,수사,미진,마당,우두머리,혐의,대통령,수사권,공수처,수사,거부,조사,기소,중요,대통령,범행,동기,비상계엄,내란,행위,전모,확인,가지,보충성,예외성,위헌,요소,제3자,대법원장,추천,수사대상,국가기밀,압수수색,거부,특례조항,권고,수사대상,기밀,즉시,반환,폐기,단서조항,대행,부재,여야,합의,국민,특검무용론,정략,자세,형식,여야,합의,사실,내용적,합의,수준,도달,만큼,대행,만큼,기계적,적용,검경,공수처,불완전,수사,결과,민주주,위기,생중계,국민,만족,국민,다수,찬성,내란특검,대행,거부,행사,여야,정쟁,국론,분열,국정,야기,따름","거부권,비상계엄,만큼,특검법,보충성,조폐공사,주가조작사건,최상목,공수처,수사대상,내란특검,제3자,대법원장,설득력,민주주,예외성,단서조항,검경,파업유도,압수수색","최상목 대통령 권한대행이 어제 ‘내란 특검법’에 대한 재의요구권(거부권)을 행사했다. 지난해 12월 31일 내란 특검법을 국회로 돌려보낸 데 이어 두 번째다. 최 대행은 “특검 시행으로 얻을 수 있는 실익이 크지 않다”고 했지만, 지키고자 하는 이익이 불분명한 거부권 행사야말로 무책임한 처사가 아닐 수 없다. 
최 대행은 국무회의에서 보충성 예외성 측면..",https://www.hankookilbo.com/News/Read/A2025013116190005904,
01100401.20250201232757001,20250201,동아일보,,"[사설]與 헌법재판관 공격, 도를 넘었다",정치>행정_자치, 정치>청와대, 정치>국회_정당,,,,"권영세,문형배,정,윤석열퇴진특위,윤석열,이미선,권성동,이재명",해산,"민주당,민변,헌법재판소,더불어민주당,우리법재판소,국회,헌재,국제인권법연구회,헌재소장,우리법연구회,사법연수원,국민의힘","공격,헌법,재판관,국민,윤석열,대통령,사건,탄핵,심판,심리,헌법재판관들,정치,성향,권영세,비상,대책,위원장,헌법재판소,우리법재판소,비판,권성동,원내,대표,더불어민주당,법관들,출신,법관,정치,사법,카르텔,주장,진보,성향,판사,모임,우리법연구회,국제,인권법,연구회,출신,권한대행,문형배,헌재소장,권한,대행,이미선,정계선,재판관,탄핵,심판,취지,헌법,대통령,대법원장,국회,3명,재판관,임명,지명,선출,권한,헌재,정치,탄핵,정당,해산,정치,사건,헌재,구성,특성,재판관,한쪽,설계,헌재,보수,중도,진보,성향,재판관,혼재,자연,진보,성향,재판관,심판,배제,헌법,취지,부합,논리,대통령,임명,여당,추천,재판관,제척,기피,대상,6명,재판관,참여,탄핵,심판,여당,주장,재판관들,진보,성향,재판관,신상,심판,영향,무리,권한,대표,민주당,이재명,사법연수원,동기,지적,30여,판단,장애,만큼,사람,확인,재판관,남편,국회,대리,국회,이사장,재단,소속,대통령,기피,신청,기각,재판관,동생,민변,산하,윤석열퇴진특위,부위원장,제척,기피,사유,헌재,탄핵,심판,성향,재판관,개인,좌우,결국,중요,대통령,헌법,법률,위반,여당,재판관들,공격,보이콧,탄핵,심판,불복,염두,여론전,헌재,불신,자극,혼란,분열,가중,책임,여당","재판관,30여,재판관들,권성동,권영세,민변,이재명,부위원장,민주당,문형배,헌재소장,제척,3명,만큼,위원장,우리법재판소,인권법","국민의힘이 윤석열 대통령에 대한 탄핵 심판 사건을 심리 중인 일부 헌법재판관들의 정치 성향을 문제 삼고 나섰다. 권영세 비상대책위원장은 “헌법재판소가 아니라 ‘우리법재판소’라는 비판까지 나오고 있다”고 말했고, 권성동 원내대표는 “더불어민주당과 우리법연구회 출신 법관들의 정치 사법 카르텔이 있다”고 주장했다. 진보 성향 판사 모임인 우리법연구회나 국제인..",https://www.donga.com/news/Opinion/article/all/20250131/130948369/2,
01101001.20250131181018001,20250131,한겨레,한겨레,"[사설] 최상목, 내란 특검법 또 거부권 국회 재의결해 전모 밝혀야",정치>청와대, 정치>행정_자치,,,,,"윤,이상민,윤석열,한덕수,김건희,최,최상목",,"동원,행정안전부,정부,고위공직자범죄수사처,공수처,검찰,대통령경호처,국방부,국회,한겨레,경호처,국민의힘","최상목,특검법,거부권,국회,재의결,전모,권한대행,최상목,대통령,권한,대행,임시,국무,회의,국회,통과,특검법,재의요구권,거부권,행사,12월,1차,특검법,거부,정부,여당,위헌성,해소,2차,특검법,국회,12,진상,책임,역사,소임,외면,무책임,처사,2차,특검법,대행,1차,특검법,거부,사유,위헌,요소,제거,야당,발의,통과,추천권,특검,후보,추천,야당,독점,대법원장,수사,인력,205명,155명,기간,최장,170일,100일,축소,마련,특검,법안,마련,국민,반대,외환,유치,내란,선전,선동,대상,혐의도,수사,제외,위헌성,해소,이날,대행,이날,특검,제도,보충성,예외성,원칙,거부,현직,대통령,포함,핵심,인물,구속,재판,절차,시작,별도,특검,필요성,특검,판단,범죄,중대성,윤석열,대통령,수사,불응,외면,주장,검찰,고위공직자범죄수사처,공수처,수사,실체,대통령,국무총리,비상계엄,선포,직전,한덕수,전달,지시사항,의혹,지시,사항,이상민,이상민,행정안전부,장관,한겨레,언론사,단전,단수,지시,의혹,규명,것들,대통령실,관저,폐회로티브이,CCTV,서버,비화폰,압수수색,대통령경호처,비협조,대통령,공수처,권한,내란죄,수사,수사,불응,특검,수사,시비,우두머리,혐의자,철저,조사,대행,압수수색,국가,기밀,유출,가능,특검법,거부,야당,수사,대상,국가,기밀,압수,반환,폐기,단서조항,추가,대행,국가,기밀,유출,물건,반환,수습,대통령,국방부,경호처,안보,시설,조직,동원,내란,본질,몰각,주장,대통령,경호처,수사,협조,상황,대통령실,압수수색,내란,실체,위헌성,특검법,거부,대행,대통령,구속기소,특검,실익,애초,특검,의지,실토,대행,김건희,특검법,포함,대통령,권한,대행,7번,거부권,행사,기록,사안,국민,눈치,국정,정상화,대내외,위기,대응,특검법,대통령,조사,포함,수사,완결,검찰,공수처,분산,수사,내란,세력,일원화,전모,대행,거부,특검법,국회,재의결,3분,출석,의원,찬성,철저,진상,규명,국민,양심,의원들,동참","특검법,2차,위헌성,공수처,경호처,이상민,대통령실,압수수색,1차,거부권,최상목,한덕수,지시사항,행정안전부,비상계엄,혐의도,재의결","최상목 대통령 권한대행이 31일 임시국무회의를 열고, 지난 17일 국회를 통과한 내란 특검법에 재의요구권(거부권)을 행사했다. 지난 12월31일 1차 내란 특검법을 거부한 데 이어, 정부 여당이 문제 삼았던 위헌성을 해소한 2차 내란 특검법마저 국회로 돌려보낸 것이다. 12 3 내란사태의 진상을 낱낱이 밝혀 책임을 묻는 역사적 소임을 외면한, 비겁하고 ..",http://www.hani.co.kr/arti/opinion/editorial/1180247.html,
01100101.20250131174708001,20250131,경향신문,,"[사설]최상목 또 내란특검 거부, 트집잡기 구차하고 무책임하다",사회>사건_사고, 정치>청와대, 정치>행정_자치,,,,"노무현,이명박,박근혜,윤석열,조자룡,박정희,최,최상목",비상계엄,"공수처,검찰,비상입법기구,대통령경호처,국회,국민의힘","최상목,내란,특검,거부,트집,구차,무책임,권한대행,최상목,대통령,권한,대행,31일,특검법,거부권,행사,달여,특검법,거부,권한대행,법안,국회,통과,7차례,거부권,행사,박정희,노무현,이명박,박근혜,대통령,우두머리,혐의,구속기소,대통령,윤석열,예외적,대통령,거부,조자룡,남발,내란,특검,요구,다수,민심,놀이,제왕,대통령,대행,비상계엄,수사,비상계엄,진전,현직,대통령,포함,핵심,인물,구속,재판,절차,시작,현시점,수사기관,진행,재판,절차,실체,진실,공정,규명,법안,종류,특검,선언,윤석열,구속기소,특검,국민,주장,법안,위헌적,억지,논리,특검,야당,법안,수정,해소,윤석열,구속기소,핑계,특검,윤석열,거부,대통령경호처,방해,윤석열,대면조사,압수수색,언론사,단전,단수,지시,비상계엄,윤석열,비상계엄,윤석열,부처,지시,쪽지,행방,규명,의혹,검찰,공수처,수사,기소,기관,내란죄,수사,불법,족족,딴지,정작,해결,특검,여당,윤석열,기소,대행,모양새,국민,직무,대행,공언,공염불,대행,공수처,윤석열,체포,처신,일관,대통령경호처,윤석열,체포,수색,방해,영장,집행,묵인,법치주의,훼손,사회,혼란,특검,철저,수사,단죄,내란,첩경,국격,회복,국정,조기,안정,가능,대행,정반대,비상,국정,대통령,권한,대행,역사의식,책임감,대행,비상계엄,윤석열,비상계엄,윤석열,쪽지,비상,입법,기구,지시,수사,사람,특검,이해상충,대행,특검,남용,권한,여지,대행,권한,행사,사유화","윤석열,비상계엄,최상목,특검법,거부권,공수처,권한대행,내란죄,책임감,구속기소,정반대,대통령경호처,경호처,법치주의,압수수색,딴지,노무현,족족,정작,국격,현시점,사유화,이명박",최상목 대통령 권한대행이 31일 내란 특검법에 거부권을 행사했다. 한달여 만에 내란 특검법을 또 거부한 것이다. 권한대행으로서 국회 통과 법안에 벌써 7차례나 거부권을 행사해 박정희 노무현 이명박 박근혜 전 대통령 때보다도 많아졌다. 내란 우두머리 혐의로 구속기소된 대통령 윤석열이 그랬듯이 예외적으로 써야 할 대통령 거부권을 조자룡 헌 칼 휘두르듯 남발..,https://www.khan.co.kr/article/202501311745001,
01100101.20250131172555001,20250131,경향신문,,"[사설] 국민연금도 추경도 ‘시간이 금’, 2월 국회서 매듭지으라",정치>행정_자치, 정치>국회_정당, 정치>청와대,,,,"권영세,이창용,최상목,이재명","경기,비상계엄","국민연,정부,민주당,더불어민주당,국정협의체,국회,한국은행,공무원연금,대한민국,정책위,국민의힘,국정협의회","국민연금,추경,국회,매듭,연휴,여야,국민,연금,개혁,전향,의지,추가경정예산,추경,논의,간극,하루,원씩,적자,국민연금,추경,경기,급락기,여야,정부,골든타임,개혁,연금,추경,집행,대표,이재명,더불어민주당,정부,여당,민생,지원금,예산,추경,민생지원금,포기,민주당,국민,민생회복지원금,정책,여당,추경,반대,효과,민생지원금,정책,상관,추경,속도,총재,이창용,한국은행,경제,전문가,추경,요구,그간,예산,조기,집행,권한대행,최상목,대통령,권한,대행,추경,조기,논의,시사,여야정,국정,협의체,추경,탄력,토대,대표,이날,국민,연금,개혁,시행,2월,모수개혁,연금보험료율,소득대체율,조정,매듭,제안,26일,정책위,2월,모수,개혁,입법,구조,개혁,논의,착수,신속,추진,방안,검토,지시,제안,국민의힘,성과,제안,국민,권영세,비상,대책,위원장,27일,민주당,연금개혁,얼마,논의,생각,화답,국회,물꼬,대한민국,민생,현안,국민,연금,개혁,추경,싸움,국민연금,제도,유지,2056년,기금,고갈,연금,개혁,지연,하루,2조,적자,연금,모수,개혁,보험료율,국회,막바지,여야,9%,보험료율,8년,0.5%,포인트씩,13%,합의,소득대체율,43%,주장,여당,44%,양보안,민주당,50%,45%,차이,윤석열,정부,모수,개혁,구조,개혁,동시,연금,논의,원점,회귀,논의틀,연금,개혁,합의,보험료,인상,소득,대체,조정,국민연금,공무원연금,기초연금,연계,구조개혁,순서,추진,합리,추경,12,상황,경제,위기,돌파,정책,경제,성장,내수,위축,한은,국내총생산,GDP,성장,전망,1.9%,1.6,1.7%,일자리,급감,민심,여야,민생,구동존,자세,머리,여야,국정협의회,정상,가동,추경안,편성,국회,연금,개혁,논의,시작,여야,대화,물꼬,2월,사안,매듭","국민연금,보험료,민주당,소득대체율,지원금,민생지원금,보험료율,모수,구조개혁,연금개혁,모수개혁,여야정,권영세,이창용,한국은행,최상목,더불어민주당","설 연휴를 지나면서 여야가 국민연금 개혁에 전향적 의지를 내비치고, 추가경정예산(추경) 논의 간극도 좁혀지고 있다. 하루 885억원씩 적자가 쌓이는 국민연금과 경기 급락기 추경은 더 늦출 이유가 없다. 여야와 정부는 골든타임이 끝나기 전 연금 개혁과 추경 집행을 서둘러야 한다.

이재명 더불어민주당 대표는 31일 “정부나 여당이 민생지원금 (예산) 때문..",https://www.khan.co.kr/article/202501311725001,
01101101.20250131001059001,20250131,한국일보,,[사설] 필요성 더 커진 내란 특검... 최 대행은 합리적 판단을,정치>청와대, 정치>국회_정당,,,,,"윤,최상목",비상계엄,"법원행정처,고위공직자범죄수사처,정부,공수처,검찰,다스,더불어민주당,사법부,경호처,국민의힘","필요성,특검,대행,합리,판단을,권한대행,최상목,대통령,권한,대행,국무,재발의,특검법,수용,여부,결정,대행,더불어민주당,지난달,야당,처리,특검법,거부권,행사,여야,합의,위헌,요소,특검,마련,촉구,야당,국민,요구,반영,특검법,재발의,여당,위헌,요소,반대,특검법,여야,합의,불발,만큼,거부,행사,무게,검찰,26일,대통령,대면조사,기소,내란죄,수사,고위공직자범죄수사처,공수처,조사,검찰,추가조사,불발,대통령,불응,공수처법,특검법,거부권,행사,우두머리,혐의자,조사,재판,진행,공수처,검찰,수사,보완,비상계엄,행위,전모,특검,정부,야당,2차,특검법,추천권,특검,후보,추천,대법원장,부여,수사대상,6개,축소,긍정,평가,대통령실,국가,기밀,압수,수색,거부,특례,조항,정부,과거,특검법,조항,법체계,야당,수사,대상,기밀,압수,반환,즉시,폐기,법원,행정처장,중재,반영,대통령,영장,집행,경호처,관저,기밀시설,막무가내식,특검,거부,명분,대통령,연휴,계엄,내란,옥중,메시지,사법부,불신,부채질,비상계엄,전모,관련자,단죄,역사,교훈,내란특검법,수준,여야,합의,도달,척도,만큼,기계,가부,결정,대행,합리,판단,요구","특검법,만큼,비상계엄,공수처,거부권,내란죄,판단을,재발의,최상목,공수처법,사법부,공직자,부채질,대통령실,행정처장,대법원장,부여,막무가내식,6개,기밀시설,경호처,관련자","최상목 대통령 권한대행이 오늘 국무회의에서 재발의된 내란 특검법에 대한 수용 여부를 결정한다. 최 대행은 지난달 31일 더불어민주당 등 야당이 당초 처리한 내란 특검법에 거부권을 행사하면서 여야 합의와 함께 위헌적 요소가 없는 특검법 마련을 촉구했다. 이후 야당은 국민의힘 요구를 대폭 반영한 내란 특검법을 재발의했지만, 여당은 위헌적 요소가 남아 있다며..",https://www.hankookilbo.com/News/Read/A2025013011190000552,
01101001.20250130195013002,20250130,한겨레,한겨레,"[사설] 최상목 대행, 내란 특검법 거부 말고 공포하라",사회>사건_사고, 정치>행정_자치, 정치>청와대,,,,"이상민,윤석열,한덕수,최,최상목",,"행정안전부,검찰,국회,국민의힘","최상목,대행,거부,내란,특검법,공포,권한대행,최상목,대통령,권한,대행,임시,국무,회의,국회,통과,여부,특검법,공포,결정,일각,대행,불발,여야,합의,공포,거부권,행사,가능성,관측,특검법,합의,통과,여당,문제제기,해소,국민,지엽적,꼬투리,합의,거부,명분,거부,행사,목적,협의,대행,국민,방해,전술,동조,대다수,민심,요구,특검법,공포,특검법,국민,반대,외환,유치,혐의,내란,선전,선동,혐의,수사,대상,수사,인력,기간,애초,야당,특검,추천,비토권,삭제,대행,1차,특검법,거부권,행사,점들,해소,대행,압수,유출,안보,기밀,거부,사유,수사,자료,반환,폐기,단서조항,대행,위헌적,지적,사실상,제거,여당,수사,혐의,수사,조항,언론,수사,브리핑,조항,역대,특검법,조항,위헌,소지,거부권,행사,대행,자신,진상,규명,방해,세력,일방적,비판,여당,마지막,검찰,윤석열,대통령,기소,특검,공소,특검,무용,국회,통과,법안,거부,사유,한덕수,국무총리,이상민,행정안전부,장관,지시서,계엄,특명,전달,진술,중대,의혹,대통령실,북파,공작,부대,개입,여부,규명,수사,주체,혼선,혼란,극복,사회,사태,마무리,출발,특검,출범","특검법,거부권,최상목,이상민,행정안전부,대통령실,대다수,국무총리,비토권,사실상,단서조항,지시서,한덕수,윤석열,1차,문제제기,가능성",최상목 대통령 권한대행이 31일 임시국무회의를 열어 지난 17일 국회를 통과한 내란 특검법 공포 여부를 결정할 것으로 보인다. 일각에선 최 대행이 여야 합의 불발을 이유 삼아 공포 대신 거부권을 행사할 가능성이 크다는 관측이 나온다. 그러나 이번 내란 특검법이 합의 통과되지 않은 것은 여당의 문제제기가 거의 해소됐음에도 국민의힘이 지엽적 부분을 꼬투리 ..,http://www.hani.co.kr/arti/opinion/editorial/1180101.html,
01100101.20250130181638001,20250130,경향신문,,"[사설]최상목, ‘대법원장 추천’ 내란 특검법 거부 명분없다",사회>사건_사고, 정치>청와대, 정치>선거,,,,"박근혜,드루킹,이상민,윤석열,최,최상목",비상계엄,"경향신문,행정안전부,정부,검찰,국회,경호처,국민의힘","최상목,대법원장,추천,명분,특검법,거부,권한대행,최상목,대통령,권한,대행,국무,회의,여부,특검법,수용,논의,정부,여당,주장,위헌성,해소,만큼,대행,만큼,특검법,공포,국회,통과,특검법,야당,발의,법안,수정,수사,대상,11개,6개,축소,외환,유도,사건,방해사건,국회의원,표결,방해,사건,대법원장,특검,후보,추천,야당,특검,후보자,재추천,요구,비토권,삭제,대행,지난달,특검법,차례,거부,행사,위헌적,요소,특검법,마련,위헌,요소,핵심,야당,특검,후보,추천,특검,박근혜,국정,농단,드루킹,특검,야당,특검,후보,추천,전례,위헌성,주장,억지,수정안,대행,여당,수용,대법원장,특검,후보,추천,대행,여야,합의,특검법,거부권,행사,관측,대행,결정,국회,다수결,원칙,규정,헌법,무력화,위헌,처사,여당,국민,우두머리,대통령,윤석열,비호,합의,특검,특검,윤석열,구속기소,특검,불필요,주장,12,실체,이상민,행정안전부,장관,경향신문,언론사,단전,단수,지시,대표적,검찰,윤석열,내란,혐의,기소,특권,대통령,불소추,적용,직권,남용,혐의,기소,윤석열,실질,대면,조사,대통령,경호처,방해,대통령실,관저,폐쇄회로,대통령,안가,폐쇄,회로,CC,TV,서버,비화폰,압수수색,윤석열,공소유지,여죄,특검,검찰,공수처,경찰,진행,주체,내란,수사,특검,일원화,불필요,잡음,특검,거부권,행사,명분,대행,거부권,행사,위헌성,핑계,특검,의사,표시,대행,특검,비상계엄,선포,당일,자신,윤석열,쪽지,특검,수사,저의,의심","특검법,윤석열,위헌적,대법원장,거부권,불필요,박근혜,만큼,위헌성,최상목,국회의원,불소추,비상계엄,드루킹,비화폰","최상목 대통령 권한대행이 31일 국무회의에서 내란 특검법 수용 여부를 논의할 것으로 보인다. 정부 여당이 주장한 위헌성 문제도 해소된 만큼 최 대행은 특검법을 즉각 공포해야 한다.

지난 17일 국회를 통과한 특검법은 야당이 당초 발의한 법안을 수정한 것이다. 수사 대상을 11개에서 6개로 축소했고, ‘외환 유도사건’ ‘국회의원 표결 방해사건’은 빠졌다..",https://www.khan.co.kr/article/202501301815021,
01100101.20250130181535001,20250130,경향신문,,"[사설] 헌재 향한 국민의힘 정치공세, 도 넘었다",정치>국회_정당, 정치>청와대, 정치>선거,,,,"주진우,정계선,권성동,이미선,윤석열,문형배,이재명",안배,"민변,헌법재판소,더불어민주당,헌재,국회,서울서부지법,자유민주,대법원,국민의힘","헌재,국민의힘,정치,공세,국민,헌법,재판소,재판관,인신공격,비방,권성동,국민,원내대표,대행,문형배,헌재,소장,이재명,더불어민주당,대표,모친상,문상,정도,주장,사실,30일,카르텔,정치,사법,주장,헌재,비방,주진우,의원,이미선,재판관,동생,부위원장,민변,윤석열,퇴진,특위,정계선,재판관,남편,국회,대리인,국회,법무법인,헌재,편향성,주장,국민,국가,기관,친소,구별,생각,헌재,구성,보수,중도,진보,3명,2명,3명,안배,편향,주장,설득력,국민,국회,인사,청문회,재판관,자질,검증,헌법,해석,성격,특성,정치,개입,재판관,지명,대통령,국회,대법원,분산,다양성,담보,개인,배경,성향,의견,하등,국민의힘,헌재,진보,성향,문형배,이미선,재판관,퇴임,심리,진행,과도,속도,주장,헌재,심리,전임,대통령,탄핵,심판,사건,국민,헌재,비방,정치공세,의원,사실,비방,대통령,윤석열,파면,결정,불복,구실,의도,의심,재판관,성향,임명,배경,결정,비판,비판,헌법,질서,비판,의도,서울,서부,지법,난동,극단,행동,얘기,국민,헌재,윤석열,내란,극우화,흐름,연장선,헌재,결정,대통령,파면,폭동,책임,국민,국민,자유,민주주의,체제,정당,헌정,질서,수호,책임,자각,극단,주장,헌재,부당,위축,헌법,절차,사건,심리","재판관,윤석열,문형배,편향성,국민의힘,3명,모친상,이재명,민변,이미선,정치공세,다양성",국민의힘이 헌법재판소 재판관들에 대한 인신공격과 비방을 이어갔다. 권성동 국민의힘 원내대표는 지난 22일 문형배 헌재 소장 대행이 이재명 더불어민주당 대표 모친상에 문상할 정도로 친하다고 주장했으나 사실이 아닌 것으로 드러났다. 하지만 그는 30일에도 “정치 사법 카르텔”을 주장하며 헌재 비방을 멈추지 않고 있다. 주진우 의원은 이미선 재판관의 동생이 ..,https://www.khan.co.kr/article/202501301815011,
01101001.20250130181007002,20250130,한겨레,한겨레,[사설] 국힘의 막무가내식 헌재 공격 ‘탄핵심판 불복’ 노리나,정치>국회_정당, 정치>청와대, 정치>선거,,,,"나경원,이,윤,정계선,권성동,윤석열,이미선,윤상현,문형배,권,이재명",,"더불어민주당,서울구치소,헌재,국회,우리법연구회,사법연수원,국민의힘","국힘,공격,막무가내식,헌재,탄핵심판,불복,노리나,국민,윤석열,대통령,탄핵,심판,재판장,권한대행,문형배,헌법,재판소장,권한,대행,부당,공격,우두머리,혐의,구속기소,대통령,파면,대표,이재명,더불어민주당,친분설,탄핵심판,흠집,헌재,결정,불복,구실,마련,의도,국정,여당,원내대표,국민의힘,권성동,원내,대표,간담회,대행,문형배,소장,시절,사법연수원,동기,이재명,대표,호형호제,사이,주장,재판관,대표,모친상,문상,주장,사실,여론,비판,이날,친분설,재판관,세월,음모,동조,참전,용사,비하,낭설,제기,공정,심판,재판,회피,주장,여당,원내,대표,극우,유튜버,주장,국회,국민,재판관,이미선,정계선,재판관들,진보,성향,재판관,공격,진보,성향,판사,모임,출신,나경원,의원,헌재,결정,불복,암시,헌재,헌재,승복,국민들,헌재,저항,헌재,폐지,행위,재판,독립,침해,헌법,법관,헌법,법률,양심,독립,심판,규정,재판,독립,보장,법치주의,헌법재판관,법관,양심,재판,고도,훈련,법관들,훈련,선발,법관,음해,재판,결과,부정,민주주의,국정,여당,부정,국민,헌정,파괴,대통령,옹호,윤상현,의원,당협위원장들,설날,서울구치소,대통령,석방,원내,대통령,환경,인간,도리,기회,면회,대통령,변호인들,계엄,내란,이해,나라,민생,도탄,대통령,여당,국민","재판관,문형배,탄핵심판,이재명,친분설,재판장,사법연수원,막무가내식,권성동,국민의힘,원내대표,더불어민주당,윤석열,위원장,구속기소,당협,변호인,법치주의,당협위원장들,나경원,윤상현,간담회","국민의힘이 윤석열 대통령 탄핵심판 재판장인 문형배 헌법재판소장 권한대행을 부당하게 공격하고 있다. 내란 우두머리 혐의로 구속기소된 윤 대통령의 파면을 피할 수 없어 보이니, 엉뚱하게 이재명 더불어민주당 대표와의 친분설을 걸고넘어지는 꼴이다. 어떻게든지 탄핵심판에 흠집을 내서 헌재 결정에 불복할 구실을 마련하려는 의도로 보인다. 국정을 책임진 여당이 이래..",http://www.hani.co.kr/arti/opinion/editorial/1180083.html,
01100901.20250127003256001,20250127,중앙일보,,"[사설] 여야, 민생 챙겨 달라는 설 민심 경청해야",정치>국회_정당, 정치>청와대, 정치>행정_자치,,,,"트럼프,윤석열,이재명","미국,경기,장악,대선주자,비상계엄,한국","정부,민주당,이대,더불어민주당,한국갤럽,국회,범국민,산업연구원,한국,국민의힘","여야,민생,경청,민심,1위,대통령,중점,분야,민생,안정,경제,먹구름,협의체,공전,사태,비상계엄,정치권,유례,살벌,정쟁,소용돌이,국회,장악,더불어민주당,윤석열,정부,난도질,당력,총동원,국민의힘,정권,대표,이재명,민주당,공격,안간힘,정작,국민,정치권,요란,정치,공세,중앙일보,한국갤럽,여론조사,1월,23~24일,대통령,중점,분야,생각,질문,응답자,48%,민생,안정,경제,활성,응답,2위,해소,사회,갈등,국민,통합,20%,1위,차이,민생,안정,경제,활성,연령,지역,직업,지지,정당,그룹,압도,기록,해결,정치,국민,요구,한국,경제,먹구름,산업연구원,당장,미국,트럼프,대통령,자신,공약,10~20%,수준,보편관세,부과,한국,대미,수출,9.3,13.1%,감소,경제성장률,0.1,0.2%,포인트,고환율,물가,금리,내수,위축,소상공인,자영업자들,비명,가계,부채,증가,부동산,침체,경제,전반,부담,가중,경제,위기,극복,정부,여야,합심,협력,필수적,탄핵,대통령,국정,기조,조율,협의체,유명무실,상태,여야,조기,대선,의식,공세,사생결단식,정치,몰두,경기,회복,논의,추경,편성,민주당,제안,국민,지급,선거용,논란,바람,진전,계엄,탄핵,이슈,정도,가닥,만큼,여야,국회,정파,이해관계,경제,입법,총력,경주,이재명,대표,회견,이념,진영,실용주의,노선,성장,민간,주도,강조,눈길,방향,실천,발언,진심,절대다수,의석,민주당,반도체특별법,전력망특별법,기업들,숙원,입법,통과,국민,대선주자들,민생,안정,양상,보수,결집,의식,우경화,모습,민심,여야,연휴,현장,목소리,경청,민심,미래","민주당,1위,특별법,협의체,이재명,한국,이해관계,비상계엄,정작,사생결단식,정치권,소상공인,자영업자들","━
 차기 대통령 중점 분야 1위는 ‘민생 안정’ 
 
 ━
 경제 먹구름 오는데 여 야 정 협의체 공전 
 지난해 12월 비상계엄 사태가 터진 이후 정치권은 유례가 드문 살벌한 정쟁의 소용돌이에 휘말렸다. 국회를 장악한 더불어민주당은 윤석열 정부를 난도질하는 데 당력을 총동원했고, 국민의힘은 이대로 정권을 넘겨줄 순 없다며 이재명 민주당 대표를 공격하..",https://www.joongang.co.kr/article/25310317,
01101101.20250127001044001,20250127,한국일보,,[사설] 조사 못 한 채 尹 기소 절차 논란 더 없게 재판 만전을,사회>사건_사고, 정치>청와대, 정치>행정_자치,,,,"윤,심우정,윤석열,검찰총장,김용현",,"서울중앙지법,공수처,검찰,국방장관,고위공직자범죄수사처법,법원","조사,기소,절차,논란,재판,만전을,윤석열,대통령,구속,기간,연장,검찰,결국,대통령,결국,조사,기소,전례,수사,현직,대통령,절차,논란,결국,절차적,절차,조사,진행,대통령,기소,상황,심우정,검찰,총장,지검장,회의,전국,고,지검장,개최,대통령,구속기소,결정,대통령,대면조사,김용현,국방장관,수사,혐의,대통령,입증,증거,확보,판단,서울중앙지법,고위공직자범죄수사처법,별도,검찰,보완수사권,규정,취지,대통령,구속,연장,공수처,기소,검찰,사건,검찰,추가,수사,별도,조항,법원,수사,검찰,피의자,구속,여당,대통령,석방,지적,검찰,구속기소,방안,선택,조사,사건,검찰,재판,대통령,공소유지,유죄,입증,적정,형량,어려움,조사,현직,대통령,재판,스스로,대통령,수사,기관,조사,거부,경로,혐의,입증,이해,조치,석방,야기,혼란,상황,논란,형사사법,준수,적법,절차,중요,요소,관할,법원,선택,대리,날인,절차,하자,논란들,대통령,초법행위,단죄,명분,간과,측면,범죄자,법률,규정,절차,단죄,사법처리,대통령,사법,처리,절차,규명,실체,진실,발목,규정,해석","절차적,심우정,윤석열,구속기소,고위공직자범죄수사처법,서울중앙지법,공직자,범죄자,수사처법,공소유지,형사사법,김용현,국방장관,보완수사권,논란들,대면조사,사법처리,만전을,공수처,피의자,대통령","윤석열 대통령 구속기간 연장을 받아내지 못한 검찰이 결국 윤 대통령을 따로 조사하지 않고 곧바로 기소하기로 했다. 전례 없는 ‘현직 대통령 수사’에서 어떤 절차를 따라야 하는지를 두고 논란이 끊이지 않았는데, 결국 그런 절차적 문제 때문에 조사 한 번 진행하지 못하고 윤 대통령을 기소해야 하는 난감한 상황을 맞았다.
심우정 검찰총장은 어제 전국 고 지검..",https://www.hankookilbo.com/News/Read/A2025012615360001235,
01101101.20250127001043002,20250127,한국일보,,"[사설] 확 쏠리지 않은 중도층 ...설 민심에 여야, 귀 열어야",정치>선거, 정치>국회_정당, 정치>청와대,,,,"윤석열,이재명",갤럽,"민주당,오산,더불어민주당,한국갤럽,국민의힘,국무위","중도층,민심,중도,여야,각종,여론,조사,국민,더불어민주당,지지율,접전,지난달,불법,계엄,민주당,지지율,이달,국민,상승,정국,조기,대선,형성,보수,진보,진영,결집,결과,24일,조사,한국갤럽,정기,지지,정당,무당층,15%,대선,직전,14%,민심,결국,중도,정국,향배,가열,정치,양극,보수,진보,영향력,수록,중도,여론조사,중도,민심,민주당,상대적,조사,갤럽,중도,응답자,정당,지지율,국민,24%,,44%,중도,사이,정권,교체,찬성,60%,,창출,찬성,27%,윤석열,대통령,탄핵,찬성,71%,,21%,중도,민심,변동,가능,중도,응답자,무당층,25%,장래,대통령,질문,의견,유보,비율,41%,국민,신뢰,답변,22%,,답변,71%,민주당,신뢰,불신,44%,45%,민주당,지지,중도층,탄핵,대통령,정권교체,찬성,중도층,민심,민주당,지지,방증,여야,연휴,민생,실용,지지층,중도층,확장,여야,행보,실망,국민,지지율,상승,대통령,무리,비호,부정선거론,각종,음모,민주당,국무,위원,연쇄,탄핵,겁박,오만,야당,프레임,이재명,대표,일극,체제,안주,윤석열,이재명,정권,생각,오산,국정,안정,법치,민주주의,회복,정치,세력,중도층","중도층,민주당,지지율,이재명,윤석열,겁박,정권교체,응답자,무당층,한국갤럽,여론조사,갤럽,민주주의,부정선거론,오산","최근 각종 여론조사에서 국민의힘과 더불어민주당 지지율이 접전 중이다. 지난달 불법계엄 이후 민주당으로 지지율이 쏠렸다가 이달 들어 국민의힘 상승으로 다시 팽팽해졌다. 조기 대선 정국이 형성되면서 보수와 진보 진영이 각각 결집한 결과다. 24일 발표된 한국갤럽 정기 조사에서 지지하는 정당이 없다고 답한 무당층은 15%로, 2022년 3월 대선 직전(14%..",https://www.hankookilbo.com/News/Read/A2025012614340003974,
01100401.20250127233128001,20250127,동아일보,,"[사설]檢, ‘내란수괴’ 혐의 尹 구속 기소 공소 유지 부실 없어야",사회>사건_사고, 정치>청와대,,,,,"윤,심우정,윤석열","장악,비상계엄","중앙선거관리위원회,고위공직자범죄수사처,공수처,검찰,경찰,국회,법원,국민의힘","내란수괴,혐의,혐의,구속,기소,부실,공소,유지,검찰,26일,우두머리,수괴,혐의,윤석열,대통령,구속,기소,대통령,구속기간,연장,검찰,신청,법원,불허,구속,기간,만료,지검장,회의,전국,고,지검장,심우정,총장,결정,검찰,대통령,보완,수사,진행,공범,사건,증거자료,경찰,수사,증거자료,종합,검토,결정,현직,대통령,기소,헌정,사상,대통령,병력,투입,국회,중앙선거관리위원회,장악,혐의,국회,봉쇄,계엄,해제,요구,표결,혐의,확인,하나하나,국헌,문란,직결,사안들,법정,증거,법리,대통령,검찰,치열,다툼,대통령,조사,마당,재판,혐의,입증,대통령,수사,부실,근본적,대통령,고위공직자범죄수사처,공수처,출석,요구,불응,체포,구속영장,발부,조사,거부,대통령,공수처,사건,송부,검찰,조사,언론,질의,공수처법,맹점,수사,요인,대표적,공수처법,공수처,구속,사건,검찰,기소,수사,언급,법원,구속,기간,연장,불허,공수처,송부,사건,검찰,기소,여부,결정,자체적,보완,수사,근거,대통령,국민,공수처,수사,엉터리,입증,대통령,석방,요구,근거,주장,법원,결정,추가,수사,기소,여부,판단,수사,대통령,비상계엄,선포,50여,계엄,실체,공방,진행,국회,목적,질서,유지,대통령,사리,주장,진실,형사,책임,법정,검찰,공소,유지,요구","공수처,구속기간,공수처법,증거자료,국헌,사안들,공직자,하나하나,위원회,심우정,50여,중앙선거관리위원회,수사처,고위공직자범죄수사처,비상계엄,구속영장,윤석열,내란수괴,대통령,수사","검찰이 26일 내란 우두머리(수괴) 혐의를 받고 있는 윤석열 대통령을 구속 기소했다. 윤 대통령의 구속기간을 연장해 달라는 검찰의 신청을 법원이 불허해 구속기간 만료가 임박한 데 따른 것이다. 전국 고 지검장 회의를 거쳐 심우정 총장이 결정을 내렸다. 검찰은 “윤 대통령에 대한 보완 수사조차 진행하지 못했으나 공범 사건의 증거자료, 경찰에서 받아 수사한..",https://www.donga.com/news/Opinion/article/all/20250126/130936165/2,
01100101.20250126201552002,20250126,경향신문,,"[사설] ‘수사 불응’ 윤석열 구속기소, 검찰은 ‘내란 단죄’ 철저해야",사회>사건_사고, 정치>청와대, 정치>국회_정당,,,,"조태열,이상민,윤석열,김 전,진상도,김용현,최상목","12·3 비상계엄,비상계엄","검사장회의,행정안전부,공수처,검찰,헌법재판소,국방부,헌재,법원,사법부,국민의힘,국무위","수사,불응,윤석열,구속,기소,검찰,내란,단죄,철저,대통령,윤석열,26일,수괴,혐의,구속,기소,12,헌정,유린,국가,미증유,위기,현직,대통령,헌법,재판소,탄핵,심판,동시,단죄,사법부,수사,불응,극우,지지층,선동,궤변,거짓말,법치,부정,내란,혐의자,구속,기소,사필귀정,검찰,공소유지,윤석열,망동,엄벌,국민들,심우정,검찰,총장,검사장회의,이날,전국,검사장,회의,의견,수렴,기소,윤석열,구속,결정,검찰,증거자료,검토,결과,피고인,증거인멸,해소,구속,기소,법원,차례,구속,기간,연장,신청,불허,당사자,대면,조사,공소,유지,부담,증거,유죄,입증,자신감,법원,불허,구속,기간,연장,윤석열,트집,공수처,권한,독립,수사,재확인,검찰,윤석열,구속,기소,사건,사법,처리,안정,사정,불허,구속,기간,연장,면죄부,윤석열,석방,요구,국민,윤석열,난동,윤석열,어처구니,국회의원들,윤석열,지시,비상입법기구,준비,쪽지,수괴,혐의,입증,증언,증거,검찰,구속,기소,김용현,국방부,장관,10명,내란,공범,공소장,적시,것들,기소,윤석열,구속,공범들,형평,결정,단죄,내란,수괴,사법부,단계,수사,중대,의혹,장관,탄핵심판,헌재,탄핵,심판,비상계엄,국무위원들,비상계엄,국무,위원,준비,쪽지,6~7장,권한대행,최상목,대통령,권한,대행,조태열,외교,장관,2장,4~5장,행방,여부,내란,가담,의문,수사당국,이상민,행정안전부,장관,언론사,단전,단수,지시,쪽지,외환,유도,의혹,진상,규명,공수처,경찰,검찰,수사,기소,혼선,법꾸라지식,지연,방해,술책,윤석열,책임,범죄자들,헌정,유린,범죄자,법질서,농락,사법,체계,안정,권한,좌고우면,특검법,공포,윤석열,의혹,규명,공소유지,특검","윤석열,비상계엄,탄핵심판,공수처,사법부,조태열,당사자,최상목,심우정,공소유지","대통령 윤석열이 26일 내란 수괴 혐의로 구속 기소됐다. 12 3 비상계엄 선포로 헌정을 유린하고 국가를 미증유의 위기에 빠트린 지 54일 만이다. 현직 대통령의 헌법재판소 탄핵심판과 동시에 이제 내란 단죄도 사법부로 넘어간다. 수사에 일절 불응하며 극우 지지층을 선동하고, 갖은 궤변 거짓말로 법치를 부정하는 내란 혐의자의 구속 기소는 사필귀정이다. 검..",https://www.khan.co.kr/article/202501262014001,
01100101.20250126181543001,20250126,경향신문,,"[사설]미국발 ‘대북 주한미군 정책 변화’ 신호, 우리도 대비해야",정치>외교, 정치>북한, 정치>청와대,,,,"김정,김,트럼프,D,밴스,윤석열,김정은,J,도널드 트럼프,최상목","한반도,미국,일본,미,한국,북한,한,호주","정부,외무성,한·미관계,안보협,한국,북한,외교장관회,주한미군,행정부,국무위,미군","미국발,대북,주한미군,정책,변화,신호,대비,도널드,트럼프,미국,대통령,국무위원장,김정은,북한,국무,위원장,정상,외교,의지,연일,취임,첫날,20일,현지시간,북한,무장국,neclear,power,지칭,김정은,생각,인터뷰,방송,위원장,연락,질문,접촉,전망,한반도,정세,격변,가능,트럼프,대통령,그간,기회,위원장,이날,인터뷰,종교,광신자,남자,트럼프,21일,미국,일본,호주,인도,안보협의체,쿼드,외교,장관,회의,공동,성명,한반도,표현,트럼프,행정부,북한,집착,군축,동결,기초,협상,추진,환경,한반도,안보,전환점,와중,밴스,부통령,25일,미군,해외,배치,미군,병력,축소,시사,한국,요구,주한,미군,방위비,분담금,증액,2만,주한,미군,규모,변화,주목,트럼프,당선,대미,메시지,북한,전략,순항,미사일,시험,발사,위원장,수단들,전쟁,억제,수단,완비,북한,외무성,담화,연합훈련들,거론,주권,안전,이익,거부,미국,초강경,대응,최상,선택,비난,트럼프,대통령,대화,손짓,호응,기싸움,접촉,대비,트럼프,행정부,미국,우선주의,한국,통상,안보,영향,환경,변화,비상,대비,대통령,윤석열,탄핵,내란,정국,형편,외교장관,23일,전화,통화,미관계,대북,공조,의견,권한대행,최상목,대통령,권한,대행,통화,트럼프,대통령,정상,일정,국가,리더십,불안정성,해소,뒷짐,외교,트럼프,행정부,한국,입장,반영,정부,능동적,정치권,초당적","위원장,미군,미국,한국,주한미군,김정은,행정부,광신자,최상목,방위비,도널드,밴스,정치권,안보협의체,불안정성","도널드 트럼프 미국 대통령이 김정은 북한 국무위원장과의 정상외교 의지를 연일 내비치고 있다. 취임 첫날인 지난 20일(현지시간) 북한을 ‘핵 무장국(neclear power)’으로 지칭하며 “내가 돌아온 것을 그(김정은)가 반기리라 생각한다”고 하더니, 23일 방송 인터뷰에선 김 위원장과 다시 연락을 취하겠느냐는 질문에 “그렇게 할 것”이라고 했다. 북..",https://www.khan.co.kr/article/202501261815011,
01100801.20250125002532001,20250125,조선일보,조선일보,[사설] 많은 정략 탄핵 놔두고 ‘마은혁 문제’ 먼저 결정한다는 헌재,정치>선거, 정치>청와대,,범죄>범죄일반>폭행,,,"이재명,윤석열,마은혁,한덕수,최,최상목",,"진보파,감사원장,헌법재판소,방송통신위,헌재,국회,민노당,국회의사당","정략,탄핵,마은혁,결정,헌재,헌법재판소,권한대행,최상목,대통령,권한,대행,후보자,마은혁,헌법,재판관,임명,위헌,여부,선고,대행,국회,추천,3명,헌법,재판관,후보,후보,여야,합의,2명,임명,우원식,국회,의장,반발,권한쟁의심판,청구,선고,헌재,사건,선고,특별,기일,논란,정리,기회,대통령,권한,대행,국회,헌법재판관,국회,헌법,재판관,임명,한계,정리,헌재,사건들,사실,헌재,이진숙,방송통신,위원장,국회,탄핵,소추,5개월,엊그제,기각,탄핵,정략적,탄핵,소추,사건,심리,5개월,헌재,한덕수,권한,대행,탄핵,정족수,총리,탄핵,사건,감사원장,탄핵,방탄,이재명,대표,검사,무더기,탄핵,소추,9건,계류,대행,헌재,재판관,임명,사건,7일,29일,헌재,접수,한덕수,대행,탄핵,국정,안정,사안,사건,마은혁,재판관,처리,헌재,대행,후보자,임명,결정,논란,후보,노골적,인물,좌파,성향,국회의사당,판사,시절,국회,의사당,폭력,점거,민노당,보좌진,판결,공소,기각,정도,헌재,재판관,심리,심리,박근혜,탄핵,8명,후보,탄핵,윤석열,대통령,찬성,만큼,헌재,진보파,대통령,탄핵,가능,사람,임명,의심","마은혁,재판관,헌법재판관,권한대행,5개월,한덕수,후보자,이진숙,이재명,우원식,최상목",헌법재판소가 최상목 대통령 권한대행이 마은혁 헌법재판관 후보자를 임명하지 않은 일의 위헌 여부를 다음 달 3일 선고하겠다고 했다. 최 대행은 국회가 추천한 헌법재판관 후보 3명 중 마 후보를 빼고 여야 합의가 이뤄진 2명만 임명했다. 우원식 국회의장이 이에 반발해 권한쟁의심판을 청구한 지 한 달 만의 선고다. 헌재는 이 사건 선고를 위해 특별 기일까지 ..,https://www.chosun.com/opinion/editorial/2025/01/25/FFT4WJP4Y5GBFHV63E45VOP2IE/?utm_source=bigkinds&utm_medium=original&utm_campaign=news,
01101101.20250125001051001,20250125,한국일보,,"[사설] 윤 대통령, 검찰 조사까지 거부할 명분 없다",사회>사건_사고, 정치>행정_자치, 정치>청와대,,,,"윤석열,윤갑근",,"동원,고위공직자범죄수사처,공수처,포고령,검찰,헌법재판소,비상입법기구,국방장관,서울구치소,검찰청,법원","대통령,검찰,조사,거부,명분,윤석열,대통령,내란,혐의,사건,고위공직자범죄수사처,공수처,검찰,주말,주말,대통령,대면,조사,검찰청사,출석,조사,최대,예우,부장검사들,서울구치소,조사,방안,유력,대통령,조사,여부,대통령,체포,공수처,조사,진술,거부,강제구인,현장,조사,시도,내란죄,수사,공수처,위법,수사,병원,조사,9시,구치소,복귀,꼼수,심판,헌법,재판소,적극,출석,계엄,설파,그제,김용현,국방장관,국회,의원,요원,계엄,궤변,문짝,도끼,복수,증언,사령관,거짓,검찰,대통령,구속,기간,연장,법원,신청,사건,기소,공수처,예상,이첩,감안,기소,열흘,남짓,명절,연휴,대면조사,대통령,대면,조사,시도,변호사,검찰,조사,구치소,방문,기자들,질문,검찰,수사,태도,가지,요소,현직,대통령,검찰,선배,구치소,수감,내란,수괴,피의자,검찰,태도,운운,공수처,조사,수사,위반,기소권,검찰,조사,법적,거부,명분,빈약,대통령,탄핵심판,자신,포고령,조항,비상,입법,기구,쪽지,간여,수사기관,주장,논리,구실,동원,친정,검찰,농락,생각","공수처,구치소,피의자,사령관,강제구인,내란죄,대면조사,국방장관,김용현,부장검사들,공직자,포고령,꼼수,재판소,고위공직자범죄수사처,이첩,기자들,수사처,수사기관,서울구치소,탄핵심판,기소권,윤석열","윤석열 대통령의 내란 등 혐의 사건을 고위공직자범죄수사처(공수처)로부터 넘겨받은 검찰이 이르면 주말 윤 대통령 대면조사에 나설 것이라고 한다. 검찰청사로 출석시켜 조사하기보다 최대한 예우를 갖춰 부장검사들이 직접 서울구치소를 찾아 조사하는 방안이 유력하다. 하지만 윤 대통령측은 여전히 조사에 응할지 여부를 명확히 밝히지 않고 있다.
윤 대통령은 체포 후..",https://www.hankookilbo.com/News/Read/A2025012414510002802,
01101101.20250125001050001,20250125,한국일보,,"[사설] 민주당, '이재명 일극 체제' 벗어나 다양성 보여줘야",정치>국회_정당, 정치>선거, 정치>청와대,,,,"이,김두관,전,김경수,윤석열,임종석,이재명","대선주자,장악","경남지사,민주당,국민정당,청와대,아군,헌법재판소,더불어민주당,지도부,국회","민주당,체제,이재명,일극,다양성,더불어민주당,체제,이재명,일극,분출,헌법재판소,탄핵심판,윤석열,대통령,탄핵,심판,악재,정당,지지율,대선,주자,지지율,조사,민주당,이재명,대표,우위,26일,대표,공직선거법,사건,공판,결심,대선,대선,선고,가능,민주당,사법,리스크,부담,가중,임종석,청와대,비서실장,친명,색깔,과반수,국민,신뢰,21일,이재명,대표,사람,민주당,지적,김경수,경남지사,민주당,태생,민주적,국민정당,김두관,의원,정권교체,이재명,조기,대선,가시화,대표,강성,친명,중도,확장,의구심,정권교체,장담,위기감,반영,발언들,친명계,비명계,내부,총질,치부,최대,원외,조직,친명계,더민주혁신회의,아군,총질,민주주의,이기적,자폭행위,대표,목소리,일극,체제,안정적,유지,입장,논리,지도부,대통령,탄핵,찬성,친한계,무시,안정,정당,유지,차원,비명횡사,공천,총선,친명계,지도부,장악,전당대회,안팎,민주당,이재명당,인식,확산,국회,민주당,의석수,입법,독주,탄핵,정국,강경,일변,대응,중도,보수,인식,강화,대표,조기,대선,염두,중심,그간,분배,성장,우선,기조,변화,배경,대표,민주당,신뢰,기조,변화,중도,확장,언감생심,당내,의견,존중,공감대,형성,수권정당,면모","민주당,친명,이재명,친명계,지도부,지지율,정권교체,그간,윤석열,공감대,자폭행위,위기감,경남지사,임종석,발언들,전당대회,헌법재판소,더민주,수권정당,청와대",더불어민주당에서 ‘이재명 일극 체제’에 대한 우려가 분출하고 있다. 헌법재판소의 윤석열 대통령 탄핵심판 등 여권 악재에도 정당 지지율과 차기 대선주자 지지율 조사에서 민주당과 이재명 대표가 확실한 우위를 점하지 못하고 있는 탓이다. 다음 달 26일 이 대표의 공직선거법 사건의 2심 결심 공판에 따른 ‘대선 전 선고 가능성’도 민주당의 사법리스크 부담을 ..,https://www.hankookilbo.com/News/Read/A2025012411000005975,
01100401.20250125233114001,20250125,동아일보,,[사설]‘38 대 40’ 대선 국면 같은 勢 결집 가속화 관건은 ‘중도 민심’,정치>선거, 국제>중남미, 정치>국회_정당,,,,윤석열,12·3 비상계엄,"민주당,한국갤럽,더불어민주당,국민의힘","대선,국면,가속화,결집,가속,중도,민심,한국갤럽,24일,여론,조사,결과,정당,지지도,국민,40%,38%,,더불어민주당,40%,일주일,조사,일주일,39%,,국민,일주일,민주당,12,민주당,절반,체포,윤석열,대통령,구속,국면,보수층,결집,지지,시작,결과,정당,지지,무당층,맥락,무당,비율,계엄,무렵,11%포인트,15%,직전,대선,14%,수준,결국,본격화,가능성,조기,대선,가능,대선,총선,선거,목전,정당,지지율,결집,양상,조사,대통령,탄핵,찬성,59%,,36%,응답,정권,교체,50%,,정권,유지,응답,40%,자신,정치,성향,중도,응답자,탄핵,찬성,71%,반대,21%,정권,교체,60%,정권,유지,27%,격차,혼전,정당,지지율,혼전,중도층,12,위헌,위법,의견,여론,정권,교체,중도층,정당,지지도,국민,44%,24%,,민주당,44%,응답자,정당,지지율,차이,국민,단순,정당,지지율,상승,의미,계엄,합법,대통령,옹호,극우,세력,절연,국민,중도층,극도,태도,지지율,민주당,비율,탄핵,찬성,정권교체론,일극,체제,구축,강성,지지,민주당,대안,세력,인정,부족,여야,민심,중도,민심,아랑곳,강성,지지,대립,갈등,정치,50여,불법,계엄,민주주,퇴행,탄핵,국면,질서,수습,국정,혼란,종식,노력,대권,혈안,모습,국민,지지,대선주자,부상","민주당,지지율,일주일,중도층,무당층,지지도,응답자,윤석열,50여,비상계엄","한국갤럽이 24일 발표한 여론조사 결과 정당 지지도는 국민의힘 38%, 더불어민주당 40%로 나타났다. 일주일 전 조사에선 각각 39%, 36%로 국민의힘이 앞섰지만 일주일 만에 다시 민주당이 뒤집은 것이다. 12 3 비상계엄 이후 한때 민주당의 절반까지 떨어졌다가 윤석열 대통령 체포 구속 국면에서 보수층이 먼저 결집하자 그에 맞서 야권 지지층도 뭉치기..",https://www.donga.com/news/Opinion/article/all/20250124/130931649/2,
01100401.20250125232509001,20250125,동아일보,,"[사설]‘계엄 쪽지’ 6, 7개라는데 최상목-조태열 외엔 왜 입 닫고 있나",정치>청와대, 정치>행정_자치, 정치>국회_정당,,,,"김,조지호,윤,홍장원,윤석열,조태열,김 전,한덕수,이상민,조,이,조태용,김용현,최상목","장악,12·3 비상계엄","국정원장,행정안전부,소방청장,헌법재판소,비상입법기구,국방부,외교부,국가정보원,경찰청장,국회,행안부,국정원","계엄,쪽지,6,,최상목,조태열,김용현,국방부,장관,대통령,윤석열,헌법,재판소,탄핵,심판,출석,12,계엄,준비,6,,증언,계엄,쪽지,용지,문건,인사,경제부총리,권한대행,최상목,대통령,권한,대행,장관,조태열,외교,장관,최소,얘기,국회,대리인,국회,대행,참석자들,쪽지,준비,답변,장관,4명,국무총리,행정안전부,장관,국가정보원장,경찰청장,한덕수,총리,국회,계엄,쪽지,질의,장관,증언,대통령,계엄,선포,총리,계획,공유,정황,확인,대목,이상민,행안부,장관,계엄,선포,소방청장,경찰,언론사,단전,단수,요청,협조,지시,사실,국회,쪽지,물음,쪽지,답변,거부,장관,대통령,장관,언질,지시,의문,조태용,국정원장,홍장원,국정원,계엄,계엄,대통령,정리,지시,정치인,체포,보고,얘기,반응,조지호,경찰청장,국무,회의,참석자,계엄,국회,언론사,장악,기관,이름,체포,대상자,용지,국무,회의,참석자,전달,지시,문건,계엄,성격,핵심,물증,최상목,쪽지,차단,국회,예산,비상,입법,기구,창설,국헌,문란,추가,확인,경고,계엄,대통령,주장,자리,만일,총리,장관,원장,쪽지,규명,계엄,실체,복원,헌정,질서,방해,책임","참석자,조태열,최상목,경찰청장,언론사,소방청장,비상계엄,국정원,윤석열,4명,정치인,재판소","김용현 전 국방부 장관이 23일 윤석열 대통령에 대한 헌법재판소 탄핵심판에 출석해 12 3 비상계엄 발표 당시 부처별로 계엄 관련 조치 사항 문건을 6, 7장 준비했다고 증언했다. ‘계엄 쪽지’라고 불리는 A4 용지 한 장짜리 문건을 받은 인사가 경제부총리인 최상목 대통령 권한대행, 조태열 외교부 장관 외에 최소 4명이 더 있을 수 있다는 얘기다. 국회..",https://www.donga.com/news/Opinion/article/all/20250124/130931651/2,
01101001.20250124182003001,20250124,한겨레,한겨레,[사설] 김용현 궤변 속 계엄 찬성했다는 국무위원 밝혀내야,정치>청와대, 정치>행정_자치, 정치>외교,,,,"조지호,윤,이상민,윤석열,조태열,김 전,박성재,한덕수,조,이,김용현,한,최상목","12·3 비상계엄,비상계엄","국방부,국회,한겨레,대리인단,행정안전부,비상입법기구,외교부,기획재정부,경찰청장,법무부,행안부,국정조사특위,국무위","찬성,김용현,궤변,계엄,국무,위원,내야,23일,변론,윤석열,대통령,탄핵,심판,김용현,국방부,장관,12,동의,국무위원,비상계엄,비상계엄,대통령,지시,사항,문건,한덕수,국무총리,이상민,행정안전부,장관,전달,수사,내란,공범,실체,장관,국무회의,계엄,국무,회의,동의,사람,국회,대리,인단,질문,동의,사람,구체적,면면,말씀,곤란,국무위원,계엄,반대,국무위원들,주장,총리,현안보고,지난달,국회,본회의,현안,보고,자체,국무,회의,절차적,실체적,흠결,생각,국무위원들,계엄,선포,반대,걱정,사람,찬성,사람,기억,박성재,법무부,장관,계엄,장관,행안부,장관,참석자들,언급,장관,증언,국무위원,대통령,위헌,위법적,비상계엄,선포,동의,내란죄,공범,책임,장관,대통령,지시,장관,조태열,외교,장관,최상목,기획,재정부,조지호,경찰청장,총리,장관,문건,전달,장관,대통령,외교,장관,조치,지시사항,종이,권한대행,최상목,대통령,권한,대행,편성,국가,비상,입법,기구,예산,쪽지,대행,편성,비상,입법,기구,예산,지시,헌법기관,국회,무력화,시도,국헌,문란,핵심,쟁점,상태,총리,자신,문건,사실,충격적,상황,사람들,쪽지,장면,장관,22일,국정조사특위,증언,거부,계엄,계엄,지시,문건,증언,상황,수사,필수적,지시,문건,한겨레,언론,단전,단수,지시,포함,가능성,배제,그동안,비상계엄,국무,회의,참석자,안건,실질,논의,대통령,일방,통보,장관,증언,만큼,수사기관,회의,계엄,동의,개별,위원,대통령,지시,확인,내란죄,공범,누락","비상계엄,최상목,국무회의,국무위원,김용현,참석자,참석자들,조태열,지시사항,본회의,경찰청장,윤석열,내란죄,그동안,국무위원들","지난 23일 열린 윤석열 대통령 탄핵심판 4차 변론에서 김용현 전 국방부 장관은 12 3 비상계엄 직전 국무회의 당시 계엄에 동의한 국무위원이 있었다고 말했다. 또 비상계엄 관련 대통령 지시사항이 적힌 문건을 한덕수 국무총리와 이상민 전 행정안전부 장관 등에게도 전달했다고 했다. 엄정한 수사를 통해 ‘내란 공범’들의 실체가 밝혀져야 한다.
김 전 장관은..",http://www.hani.co.kr/arti/opinion/editorial/1179702.html,
01100101.20250124174712001,20250124,경향신문,,[사설] 이재명 재판 신속히 결론 내는 것이 유권자를 위하는 길,정치>국회_정당, 사회>사건_사고, 사회>미디어,,,,"이,윤석열,최은정,김문기,이재명","백현동,임하,성남시","민주당,형사6부,헌법재판소,서울고법,더불어민주당,성남도시개발공사,한국식품연구원,헌재,재판부,법원,사법부,국민의힘","이재명,재판,유권자,대표,이재명,더불어민주당,선고,공직,선거법,위반,사건,항소심,3월,예정,서울고법,형사,재판장,최은정,23일,2심,대표,사건,재판,유무,판단,필수적,증인,법정,조사,특별,사정,심리,내달,달쯤,판결,선고,대표,민주당,대선,경선,개발1처장,김문기,성남도시개발공사,처장,친분,성남시,백현동,한국식품연구원,부지,용도,변경,특혜,의혹,허위사실,공표,혐의,불구속기소,1심,징역,집행,유예,선고,선거법,위반,벌금,확정,당선,무효,10년,공직선거,출마,재판,결과,대통령,윤석열,탄핵,심판,중반,조기,대선,대표,직결,대표,변호인,재판,대표,적용,1항,선거법,신청,위헌,법률,심판,제청,검토,조항,선거,당선,목적,연설,방송,신문,선전문서,허위사실,공표,대표,조항,헌법,표현,자유,과도,제약,주장,대표,위헌법률심판,신청,재판부,인정,헌법재판소,형사,재판,절차,중지,법률,위헌,판단,요구,피고인,권리,헌재,4년,유사,사건,조항,합헌,판단,대표,조치,대표,전략,재판,지연,의심,대표,재판,국민의힘,여론전,사법부,압박,과도,사실,대표,재판,수괴,혐의,수사,윤석열,구속,절차,탄핵,심판,동일,형평성,요구,설득력,윤석열,사건,사안,중대,측면,대표,사건,비교,정도,중대,국민,대표,사건,사법부,압박,중단,별개,대표,재판,원칙,신속,법원,판결,선고,강행규정,선거법,강행,규정,준수,재판,2년,만큼,3심,대표,재판,지연,비판,빌미,신속,재판,진행,협력,사법,리스크,꼬리표,국면,조기,대선,확정판결,대표,당선,무효,확정,판결,대선,기간,상황,대혼란,피해,국민,신속,재판,판결,유권자,민주당,대표,본인,최선","선거법,윤석열,1심,2심,민주당,위헌법률심판,3심,이재명,유권자,성남시,서울고법,허위사실,성남도시개발공사,김문기,만큼","이재명 더불어민주당 대표의 공직선거법 위반 사건 항소심 선고가 이르면 3월 말 나올 예정이다. 서울고법 형사6부(재판장 최은정)는 지난 23일 이 대표 사건 2심 첫 재판에서 유무죄 판단에 필수적인 증인만 법정에 불러 조사할 것이라며 “특별한 사정이 없다면” 내달 26일 심리를 매듭짓겠다고 밝혔다. 그로부터 한 달쯤 뒤 판결 선고가 이뤄질 수 있다.

..",https://www.khan.co.kr/article/202501241746001,
01100901.20250124003443001,20250124,중앙일보,,"[사설] 입 맞춘 듯한 윤 대통령-김용현, 계엄 진상 밝혀야",정치>청와대, 정치>국회_정당, 정치>행정_자치,,,,"윤,홍장원,곽종근,여인형,윤석열,김 전,곽 전,한덕수,김용현,곽,최상목",비상계엄,"고위공직자범죄수사처,검찰,국방부,국가정보원,국회,어제,공수처,포고령,헌법재판소,비상입법기구,기획재정부,국정조사,헌재,국무위","대통령,김용현,계엄,진상,지시,의원,체포,관련자,지시,공수처,기소,요청,검찰,진술,규명,윤석열,대통령,김용현,국방부,장관,헌법,변론기일,탄핵,심판,변론,기일,출석,증인,장관,이날,대통령,이날,주장,뒷받침,취지,증언,국회,정당,정치,활동,비상계엄,포고령,자신,과거,포고령,참고,작성,대통령,검토,비상,입법,기구,설치,쪽지,문건,작성,실무자,장관,최상목,부총리,기획,재정부,답변,그동안,대통령,그동안,장관,포고령,입장,차이,이날,듯이,동일,주장,대통령,변론,곽종근,특수,전사령관,결의,계엄,해제,국회,국회의원들,지시,질문,장관,대통령,지시,포고령,위반,사람,동정,명단,여인,방첩,사령관,전달,증언,사령관,국회,내란,혐의,국정,조사,특위,출석,국회의원,지시,재확인,홍장원,국가,정보원,계엄,계엄,대통령,정리,전화,간첩단,사건,나중,방첩사령관,전화,정치인,체포,경고,계엄,대통령,주장,상반,대통령,장관,명시적,지시,차장,사령관,일관,진술,사람,지시,주장,상식적,가능,장관,이날,국회의원,요원,군인,얘기,진술,정황,신빙성,헌재,재판관,심의,비상계엄,선포,당일,국무,회의,질문,한덕수,국무총리,국무,흠결,장관,국무회의,국무위원들,논의,동의,답변,주장,수사,재판,규명,고위,우두머리,혐의,대통령,기소,사건,검찰,공수처,대통령,구속,효력,조서,피의자,신문,사건,검찰,효과적,수사,계엄,실체,기소,공수처,수사,거부,대통령,책임,자세,수사","포고령,사령관,비상계엄,국회의원,공수처,방첩사령관,국무회의,그동안,곽종근,변론기일,피의자,부총리,최상목,김용현,공직자,수사처","━
 의원 체포 지시한 적 없다지만 관련자는 “지시받아” 
 
 ━
 공수처는 기소 요청 검찰, 엇갈리는 진술 규명해야 
 윤석열 대통령과 김용현 전 국방부 장관이 어제 헌법재판소에서 열린 탄핵심판 4차 변론기일에 함께 출석했다. 증인으로 나온 김 전 장관은 이날 윤 대통령의 주장을 뒷받침하는 취지의 증언을 했다. ‘국회와 정당 등 모든 정치 활동을 금..",https://www.joongang.co.kr/article/25309838,
01100901.20250124003247001,20250124,중앙일보,,[사설] 이진숙 탄핵 기각 정략적 탄핵 남발의 당연한 결과,정치>행정_자치, 정치>청와대, 정치>국회_정당,,,,"이,진영,윤석열,한덕수,이진숙,최상목,최재해,이재명",12·3 비상계엄,"민주당,방통위,더불어민주당,방송통신위원,국회,상임위,감사원장,정부,헌법재판소,방송통신위,헌재,몽니,KBS,국민의힘","기각,이진숙,탄핵,정략적,탄핵,남발,결과,민주당,직무정지,재판관,추천,탈이념,탈진영,발목,국정,반성을,헌법재판소,이진숙,방송통신,위원장,국회,탄핵소추,기각,사흘,취임,더불어민주당,주도,탄핵소추,위원장,5개월,직무,복귀,예상,결과,민주당,체제,방송통신위원,위원장,KBS,이사,선임안,의결,탄핵안,의결,탄핵소추,민주당,헌재,신속,심리,절차,협조,3명,임기,만료,재판관,후임,추천,방해,태도,재판관,국회,추천,여야,인선,여야,합의,추천,관례,무시,야당,추천권,부여,고집,결과적,심리,헌재,사건,가능,재판관,심리,기약,이진숙,위원장,직무,정지,상태,연장,방통위,무력화,저의,헌재,헌재법,심판,정족수,조항,효력,정지,신청,인용,심리,진행,민주당,몽니,발등,결과,윤석열,대통령,12,선포,국회,탄핵소추,의결,재판관,6명,비상,민주당,대통령,권한,대행,한덕수,국무총리,재판관,임명,압박,관철,총리,탄핵안,의결,권한대행,최상목,대통령,권한,대행,재판관,임명,헌재,정상화,5개월,국정,혼란,정부,민주당,탄핵,강행,인사,위원장,탄핵,기각,직무,복귀,총리,최재해,감사원장,직무,정지,상태,민주당,탄핵,대통령,배경,계엄령,오판,작용,계엄,계엄,각종,여론,조사,고공행진,민주당,지지율,추락,국민,역전,현상,탄핵,영향,대표,이재명,민주당,회견,이념,진영,최상목,권한,대행,기준,권한,행사,민주당,탄핵병,국민,불안,야당,강행,정략,탄핵,소추,대통령,무모,정치,오판,결합,정국,불안,그림자,여권,책임,5명,방통위,상임,위원,체제,운영,공격,빌미,제공,선출,권력,민심,무시,독주,국민,용서,사실","민주당,재판관,위원장,이진숙,방통위,탄핵소추,최상목,직무정지,5개월,방송통신위원,비상계엄,3명,계엄령,이재명","━
 민주당, 직무정지 후에도 재판관 추천 않고 시간 끌어 
 
 ━
 “탈이념 탈진영” 외치기 전 국정 발목잡기부터 반성을 
 헌법재판소가 이진숙 방송통신위원장에 대한 국회의 탄핵소추를 기각했다. 지난해 8월 취임 사흘 만에 더불어민주당 주도로 탄핵소추를 당한 이 위원장은 5개월 만에 직무에 복귀했다. 예상된 결과다. 
 
 민주당은 방송통신위원 2명..",https://www.joongang.co.kr/article/25309836,
01100801.20250124002610001,20250124,조선일보,조선일보,"[사설] 李 대표 2심도 3개월 넘겨, 대법원은 ‘3개월 내 선고’ 지켜야",정치>국회_정당, 사회>사건_사고, 사회>미디어,,,,"이,윤석열,이재명",李,"민주당,헌재,재판부,대법원,법원","2심,대표,3개월,대법원,3개월,선고,대표,민주당,이재명,재판부,선거법,위반,사건,23일,재판,공판,결심,증인,신문,19일,특별,사정,재판,결심,공판,선고,기일,감안,선고,얘기,예상,속도,대표,사건,징역형,집행유예,선고,판결,2,확정,대선,출마,대표,2심,재판,재판부,선거법,허위,조항,공표,처벌,제청,위헌,심판,신청,의견서,재판,헌재,4년,조항,만장일치,합헌,결정,위헌,심판,신청,의도,재판,지연,재판부,신청,헌재,결정,재판,중지,재판부,재판,일정,신속,재판부,이날,대표,신청,증인,선거법,위반,사건,재판,2,3개월,규정,신속,재판,규정,자격,사람,국민,대표,취지,신속,재판,대표,재판,선거법,위반,사건,법원,위법,재판,규정,선고,재판부,재판,기한,대표,항소심,소송,기록,접수,통지서,송달,재판,지연,대표,시도,재판,지연,자신,2,헌재,탄핵,윤석열,대통령,인용,조기,대선,대선,대표,당선,국민,선거,인정,사회,혼란,대표,본인,나라,불행,재판부,최대,심리,대법원,3개월,선고,규정,대표,지연,막무가내식,재판","재판부,2심,선거법,3개월,윤석열,항소심,이재명,민주당,막무가내식,집행유예","민주당 이재명 대표의 선거법 위반 사건 2심 재판부가 23일 열린 첫 재판에서 “다음 달 26일 결심 공판을 하겠다”고 했다. 증인 신문을 다음 달 19일까지 끝내고, 특별한 사정이 없으면 다음 달 26일 재판을 끝내겠다는 것이다. 통상 결심 공판 이후 한 달 뒤 선고 기일이 잡히는 것을 감안하면 3월 말쯤 2심 선고가 나올 수 있다는 얘기다. 예상보다..",https://www.chosun.com/opinion/editorial/2025/01/24/E5FN7OEBKFEUXEZ6AD2IVPCGGU/?utm_source=bigkinds&utm_medium=original&utm_campaign=news,
01100801.20250124002116001,20250124,조선일보,조선일보,"[사설] 달라진 김용현 증언, 진실인가 ‘뒤집어쓰기’ 거짓인가",정치>청와대, 정치>국회_정당, 정치>행정_자치,,,,"김,윤,윤석열,김 전,김용현,최상목",비상계엄,"공수처,헌법재판소,검찰,국방부,경찰,국회,헌재","김용현,증언,진실,거짓,김용현,국방부,장관,헌법,재판소,윤석열,대통령,탄핵,심판,증인,출석,대통령,장관,대면,비상계엄,국회,포함,일체,정치활동,포고령,투입,계엄,당일,국회,병력,지시,정치인,체포,탄핵,심판,핵심,기둥,장관,쟁점,그동안,경찰,공수처,수사,증언,수사,당국,장관,지휘관,수사,토대,공소장,대통령,의원들,지시,대통령,국회,국회의원들,체포,경찰,지시,이날,헌재,장관,대통령,국회,최소,병력,투입,지시,대통령,국회,지시,의원,요원,지시,정치인,체포,장관,지시,구속,특전사령관,국회,대통령,비화폰,전화,인원들,상반,증언,대통령,탄핵,핵심,쟁점,거짓말,포고령,그동안,대통령,그동안,대통령,장관,대통령,부주의,취지,주장,장관,전체적,검토,대통령,책임,진실,공방,모습,이날,장관,대통령,주장,동의,태도,장관,권한,대행,쪽지,비상,입법,기구,전달,사람,검찰,대통령,자신,주장,장관,사실,대통령,보호,자신,증언,가능성,증인,증거,이론","그동안,포고령,정치인,김용현,윤석열,비상계엄,정치활동,인원들,특전사령관,재판소,사령관,가능성,비화폰,국회의원들,국회의원,거짓말,공소장,부주의,국방부,공수처,의원들,기둥,지휘관,대통령,장관,지시","김용현 전 국방부 장관이 23일 헌법재판소에서 열린 윤석열 대통령 탄핵심판 증인으로 출석했다. 윤 대통령과 김 전 장관이 대면한 것은 비상계엄 이후 처음이다. 국회를 포함한 일체의 정치활동을 금지한다는 내용의 ‘포고령 1호’와 계엄 당일 국회 병력 투입과 정치인 체포 지시 등은 탄핵 심판의 핵심 기둥이다. 김 전 장관은 이 쟁점에 대해 그동안 경찰, 공..",https://www.chosun.com/opinion/editorial/2025/01/24/X4EFWEB3EFHM7IWBGU2PTWLZQM/?utm_source=bigkinds&utm_medium=original&utm_campaign=news,
01101101.20250124001025001,20250124,한국일보,,"[사설] 실용 강조한 이재명, 말 아닌 행동으로 보여야",정치>국회_정당, 정치>청와대, 정치>선거,,,,"이,이재명","12·3 비상계엄,신성,피크,선진","민주당,더불어민주당","실용,강조,이재명,행동,대표,이재명,더불어민주당,신년기자회견,이념,탈진영,현실,실용주의,위기,극복,성장,발전,동력,회복,성장,시대,중대,제시,대표,기업,국가,뒷받침,성장,강조,분배,중시,기본,사회,성장,공정,성장,정치,비전,선언,행보,조기,대선,대표,노선,전환,여론조사,지지율,답보,12,민주당,지지율,여당,대표,지지율,박스권,당내,체제,이재명,일극,비판,경고등,차례,확장,중도,외연,대표,중점,중점,성장,기업,국가,뒷받침,시대,전환,자본,시장,선진,강화,경제,체질,인공지능,AI,로봇,바이오,신약,재생에너지,투자,분야,미래,창출,동력,제시,경제,정점,장기,불황,내리막,피크,코리아,상황,대표,노선,전환,제시,중점,1%대,잠재성장률,방편,이견,비전,실천,진정성,능력,민주당,출범,윤석열,정권,의석,압도,다수,차지,원내,그간,민생,경제,성과,국정,무한책임,대통령,집권,여당,실정,비견,다수당,비판,정치력,부재,대표,흑묘백묘,거론,실용주의,행동,모드,조기,대선,가동,와중,대표,공직선거법,항소심,위헌,법률,심판,제청,검토,꼼수,수사,대통령,그간,행위,재판,지연,반복,국민,대표,진정성,의심","이재명,지지율,실용주의,그간,민주당,비상계엄,윤석열,정치력,진정성,뒷받침,더불어민주당,재생에너지,무한책임,탈진영,꼼수,코리아","이재명 더불어민주당 대표가 어제 신년기자회견에서 “이념 탈진영의 현실적 실용주의가 위기 극복과 성장 발전의 동력”이라며 ‘회복과 성장’을 “이 시대의 가장 다급하고 중대한 과제”로 제시했다. 이 대표는 “기업이 앞장서고 국가가 뒷받침해, 다시 성장의 길을 열어야 한다”고 강조했다. 분배 중시의 ‘기본 사회론’에서 성장을 앞세우는 ‘공정 성장론’으로 정치..",https://www.hankookilbo.com/News/Read/A2025012316520004601,
01101101.20250124001024002,20250124,한국일보,,[사설] “의원 아닌 요원” “쪽지 몰라” 손바닥으로 하늘 가린 尹 金 콤비,정치>청와대, 정치>국회_정당, 정치>행정_자치,,,,"조지호,곽종근,윤석열,김 전,김용현,곽",비상계엄,"어제,헌법재판소,비상입법기구,경찰청장,국방장관,국회","의원,요원,쪽지,손바닥,하늘,콤비,윤석열,대통령,변론,헌법,재판소,탄핵,심판,비상,입법,기구,설립,최상목,쪽지,김용현,국방장관,국회의원,요원,취지,주장,우두머리,피의자,피의자,중요,임무,종사,객관적,사실,부인,이날,대통령,이날,대통령,국헌,문란,목적,내란죄,요건,입증,핵심,증거,최상목,쪽지,서면,증거,채택,반발,쪽지,예비비,신속,확보,국회,국가비상입법기구,자금,차단,국가,비상,입법,기구,예산,편성,입법기구,국회,무력화,국헌문란,별도,예산,편성,계엄,장기간,의도,문건,대통령,관여,사실,내란,의도,입증,증거,증인,장관,문건,자신,작성,장관,특정,부처,대통령,부처,사항,독단적,작성,가능,서열,장관,부총리,구체,지시,전달,이치,대통령,사전,재가,용인,당사자,전달,성격,문건,장관,주장,대통령,곽종근,특수전사령관,출동,국회,의원,지시,의원,요원,주장,조지호,경찰청장,대통령,의원,체포,지시,사령관,자신,의원,주장,장관,해석,대통령,비상계엄,책임,객관,사실,다수,증언,의도,관여,변명,일관,손바닥,하늘,집무실,책상,책임,명패,액세서리","피의자,사령관,국헌문란,손바닥,국헌,예비비,윤석열,최상목,재판소,용인,집무실,국방장관,특수전사령관,당사자,내란죄,특수전,김용현,국가비상입법기구,국회의원,입법기구,장기간","윤석열 대통령 측이 어제 헌법재판소 탄핵심판 4차 변론에서 비상입법기구 설립을 담은 ‘최상목 쪽지’를 모른다고 잡아뗐다. 김용현 전 국방장관은 국회의원이 아니라 ‘요원’을 빼내라고 한 취지였다고 주장했다. 내란 우두머리 피의자와 중요임무 종사 피의자가 함께 입을 맞춰, 객관적으로 드러난 사실마저 부인하고 있다.
이날 윤 대통령 측은 국헌문란 목적(내란죄..",https://www.hankookilbo.com/News/Read/A2025012315570004241,
01100401.20250124232737001,20250124,동아일보,,[사설]“의원 아닌 요원 빼라고” “계엄령 아닌 계몽령” 혀를 찰 헌재 농락,정치>청와대, 정치>국회_정당, 정치>행정_자치,,,,"국가비,윤,윤석열,김 전,김용현,최상목",호도,"포고령,헌법재판소,검찰,국방장관,헌재,국회,비상계엄","의원,요원,계엄령,계몽령,헌재,농락,헌법,재판소,윤석열,대통령,탄핵,심판,증인,김용현,국방장관,주장,맞장구,12,불법성,물타기,궤변,대통령,장관,답변,유도,계엄,취지,주장,대통령,계엄,국민,계몽,계몽령,극우,논리,거론,장관,대통령,투입,최소화,대통령,국회,의원들,요원들,대통령,질문,사전,시종일관,대통령,대통령,특전사령관,전화,의사정족수,문짝,도끼,지시,사실,검찰,공소,부인,사령관들,답변,태도,국회,지방,의회,활동,1호,명한,계엄포고령,문건,과거,계엄령,참고,대통령,법적,검토,계엄,하루,유지,하루,집행,가능,상징,측면,기억,장관,대통령,평상시,법전,차단,국회,자금,조직,국가,비상,입법,기구,예산,편성,지시,최상목,쪽지,작성,용산,대통령실,실무자,경제부총리,전달,부총리,대통령,실무자,국회,공개,발언,사안,왜곡,이날,대통령,이날,장관,복수,사령관,증언,부인,여론,호도,태도,일관,포고령,집행,의지,최상목,쪽지,대통령,주장,탄핵소추,국회,대리인,국회,질문,그날,병력,국회,난입,국민,그날,진실,헌재,법정,세력,계엄,주도,농락","사령관,계엄령,계몽령,실무자,비상계엄,부총리,계엄포고령,명한,최상목,윤석열,시종일관,정족수,의사정족수,불법성,물타기,김용현,용산,맞장구,재판소,포고령",23일 헌법재판소의 윤석열 대통령 탄핵 심판에 증인으로 나온 김용현 전 국방장관이 윤 대통령 측 억지 주장에 맞장구를 치며 12 3 비상계엄의 불법성에 물타기를 하려는 온갖 궤변을 쏟아냈다. 윤 대통령도 김 전 장관의 답변을 직접 유도하며 “군이 안 따를 것 알고 한 계엄”이란 취지의 주장을 펼쳤다. 윤 대통령 측은 이번 계엄이 국민을 계몽하기 위한 ‘..,https://www.donga.com/news/Opinion/article/all/20250123/130925362/2,
01100401.20250124232434001,20250124,동아일보,,[사설]조사 한번 못하고 손 턴 공수처 尹 친정인 검찰선 어찌할까,사회>사건_사고, 국제>중남미, 정치>청와대,,,,"윤석열,이의신,검찰총장",,"동원,고위공직자범죄수사처,공수처,검찰,법원","조사,공수처,친정,검찰선,고위공직자범죄수사처,공수처,대통령,윤석열,우두머리,혐의,사건,검찰,기소,요구,대통령,체포,구속,나흘,공수처,우여곡절,대통령,신병,확보,조사,수사,공수처,이첩,요청,행사,검찰,경찰,대통령,수사,그간,수사,역량,체포,영장,집행,경찰,번복,대통령,체포,조사,불응,예상,대응,전략,강제구인,차례,시도,무위,대통령,병원,사실,구치소,허탕,공수처,수사,빈손,수사권,관할권,위반,구실,조사,거부,일관,대통령,법원,체포영장,발부,이의신청,기각,대통령,공수처,수사권,인정,체포적부심,기각,대통령,불법,체포,영장,억지,주장,구속영장,발부,공수처,조사,거부,사건,검찰,대통령,논리,구실,동원,조사,회피,주변,대통령,검찰,운운,내란죄,수사,조사,불응,재판,탄핵,심판,출석,얘기,수사,책임,회피,국민,대통령,26년,검사,재직,검찰총장,인물,자신,피의자,친정,조사,스스로,자기부정,대통령,지시,계엄,가담,군경,간부,구속,기소,국민,혼란,계엄,최종,책임자,대통령,수사,회피,모면,책임,태도,검찰,조사,대통령,모습","공수처,체포영장,수사권,내란죄,이첩,윤석열,우여곡절,강제구인,공직자,고위공직자범죄수사처,구치소,자기부정,검찰선,피의자,체포적부심,구속영장,이의신청,검찰총장,수사처,관할권,책임자,나흘,그간","고위공직자범죄수사처(공수처)가 23일 윤석열 대통령의 내란 우두머리 혐의 등 사건을 검찰로 보내고 기소를 요구했다. 윤 대통령을 체포한 지 8일, 구속한 지 나흘 만이다. 공수처는 우여곡절 끝에 윤 대통령의 신병을 확보했지만 제대로 조사 한번 못 한 채 수사에서 손을 턴 것이다. 
 
공수처는 이첩 요청권까지 행사하며 검찰과 경찰로부터 윤 대통령에 대한..",https://www.donga.com/news/Opinion/article/all/20250123/130925364/2,
01100101.20250123193508002,20250123,경향신문,,"[사설]국회서 “요원 끌어내라” 했다는 김용현, 궤변도 정도껏 하라",정치>청와대, 정치>국회_정당, 정치>행정_자치,,,,"김,윤,곽종근,윤석열,김 전,김용현,최,최상목","비상계엄,겐네진","계엄군,기재부,포고령,공수처,헌법재판소,비상입법기구,검찰,국방부,기획재정부,국회,헌재","국회,요원,김용현,궤변,하라,12,혐의,중요,임무,종사,구속,기소,김용현,국방부,장관,헌법,재판소,탄핵심판,대통령,윤석열,탄핵,심판,출석,윤석열,궤변,윤석열,증언,연발,우두머리,혐의,구속,수감,윤석열,출석,변론,비상계엄,국회,비상계엄,의원들,요원들,주장,윤석열,국회,본회의장,도끼,증언,계엄군,수뇌부,궤변,헌법재판관들,국민,바보,장관,비상계엄,선포,최상목,기획,재정부,장관,대통령,권한대행,확보,비상,입법,기구,예비비,문건,쪽지,자신,작성,실무자,전달,주장,윤석열,국회의장,여야,대표,체포,지시,포고령,대상자,동정,지시,자신,곽종근,특전사령관,곽종근,특전,사령관,국회,의원들,지시,의원,국회,투입,요원,궤변,봉쇄,국회,해산,작전,180도,윤석열,헌재,대행,겐네진,쪽지,장관,취지,정치인들,체포,국회,의원들,지시,장관,진술,윤석열,장관,언행,범행,사기극,대행,지난달,국회,계엄,쪽지,대통령,참고,자료,윤석열,쪽지,장관,작성자,메모,장관,장관,대통령,건의,대통령,기재부,장관,준비,검토,정작,장관,이날,윤석열,헌재,발언,윤석열,법기술,범행,장관,이날,윤석열,포고령,조항,국회,활동,제한,문제제기,집행,위헌성,포고령,선포,실행,윤석열,승인,경고,비상계엄,국회,무력,전제,비상입법기구,앞뒤,윤석열,탄핵심판,출석,형사재판,내란죄,형사,재판,대비,피의자들,압박,의도,사건,이날,윤석열,공수처,송부,검찰,입증,내란죄,혐의,빈틈,윤석열,호위무사,노릇,윤석열,검찰,국가,국민,속죄","윤석열,비상계엄,내란죄,포고령,비상입법기구,예비비,곽종근,김용현,계엄군,본회의장,정작,수뇌부,탄핵심판,의원들",12 3 내란 중요임무 종사 혐의로 구속 기소된 김용현 전 국방부 장관이 23일 헌법재판소의 대통령 윤석열 탄핵심판에 출석해 윤석열 측 궤변에 꿰맞춘 증언을 연발했다. 그는 내란 우두머리 혐의로 구속 수감 중인 윤석열도 출석한 이날 변론에서 비상계엄 당시 “(국회에서) 의원들이 아니라 ‘요원들’ 끌어내라고 한 것”이라는 황당한 주장도 폈다. 윤석열이 직..,https://www.khan.co.kr/article/202501231933001,
01101001.20250123193224002,20250123,한겨레,한겨레,"[사설]이재명 대표, ‘친기업 성장 우선’으로 양극화 풀 수 있나",정치>국회_정당, 정치>청와대, 정치>선거,,,,"이,윤석열,진영,이재명",미국,"민주당,헌법재판소,이재명#더불어민주당 대표,사법부,행정부,국민의힘","이재명,대표,친기업,성장,우선,양극화,대표,이재명,더불어민주당,회견,이념,진영,고양이,탈이념,탈진영,현실,실용주의,위기,극복,성장,발전,동력,회복,성장,시대,중대,기업,국가,뒷받침,성장,출마,출마,먹사니즘,조기,대선,친기업,성장,중심,우클릭,선언,대표,친기업,실용,노선,상대적,분배,무게,기조,전통,민주당,대표,대표,브랜드,기본사회,국가,국민,기본,사회,구상,거리,대선,겨냥,지지,외연,의도,내수,수출,부진,미국,트럼프,행정부,출범,통상,압력,강화,대내외,위기,영향,대표,기업,지원책,강조,노동자,소상공인,서민,취약계층,별도,언급,노동계,효용,폐기,낙수,효과,이론,정책,반발,민주당,보수정당,노선,정책,차이,서민,취약계층,의지,대표,공정,성장,경제,양극,완화,노선,양극화,심화,비판,정책,마련,보수,과표집,원인,탄핵,정국,국민,지지율,민주당,오차범위,여론조사,민주당,긴장,민주당,원인,냉정,민의,공직선거법,위반,유죄,대표,사법,리스크,중도,진보층,사실,대표,변호인,대표,적용,선거법,허위사실공표,조항,허위,사실,공표,신청,위헌,법률,심판,제청,검토,피고인,권리,윤석열,대통령,법꾸라지,행태,비판,야당,대표,재판,지연,비판,자초,상황,고민,조항,헌법,재판소,합헌,결정,재판,사법부,판단,국민,선택,지도자,자세","민주당,친기업,양극화,실용주의,미국,과표집,허위사실공표,공직선거법,더불어민주당,이재명,지도자,진영,탈이념,노동계,윤석열,소상공인,여론조사",이재명 더불어민주당 대표가 23일 기자회견을 열어 “이념과 진영이 밥 먹여주지 않는다. 검든 희든 쥐만 잘 잡으면 좋은 고양이”라며 “탈이념 탈진영의 현실적 실용주의가 위기 극복과 성장 발전의 동력”이라고 밝혔다. 그는 “회복과 성장”을 이 시대 가장 시급하고 중대한 과제로 꼽으면서 “기업이 앞장서고 국가가 뒷받침해 다시 성장의 길 열어야 한다”고 했다..,http://www.hani.co.kr/arti/opinion/editorial/1179523.html,
01101001.20250123193150001,20250123,한겨레,한겨레,이진숙 탄핵 기각이 방송 장악 면죄부는 아니다 [사설],정치>청와대, 사회>미디어, 정치>국회_정당,,,,"정정미,김형두,이,정형식,윤,김복형,한상혁,최민희,문재인,윤석열,이미선",장악,"한국방송공사,정부,면죄부,방통위,헌법재판소,방송통신위,더불어민주당,국회,법원,방송통신위원회","기각,이진숙,탄핵,면죄부,방송,장악,사설,헌법재판소,이진숙,방송통신,위원장,국회,탄핵,심판,청구,기각,재판관,의견,파면,정족수,업무,복귀,위원장,탄핵,기각,윤석열,정부,방송,장악,면죄부,명심,국회,8월,위원장,탄핵심판,청구,핵심,사유,위원,체제,한국방송공사,이사,임명,의결,행위,헌법,법률,위반,방송통신위원회,위원장,포함,5명,위원,방통위법,재적위원,과반수,의결정족수,규정,의견,탄핵,기각,재판관,김형두,정형식,김복형,조한창,현행,방통위법,의결정족수,규정,회의,개최,위원,의사정족수,규정,재적,인원,전원,2인,출석,찬성,의결,위법,의견,탄핵,인용,재판관,문형배,이미선,정정미,정계선,방통위,합의,기관,실질적,위원,3인,위원,재적,상태,찬성,재적,위원,과반수,의견,재적,인원,의사정족수,결정적,의견,차이,출범,윤석열,정부,방통위,파행적,운영,대통령,방송,장악,혈안,무리,일방적,정책,대통령,더불어민주당,야당,추천,최민희,의원,7개월,임명,문재인,정부,취임,한상혁,위원장,강제,국회,추천,1,,인사,대통령,추천,인사,방통위,운영,방통위법,의사,정족수,규정,악용,민주화,방통위,독임제,합의,기관,입법,취지,행위,방통위,정부,과거,독재,방송,통제,탄압,일상적,반성,견제,균형,원리,설계,기관,법원,체제,방통위,위법성,판결,확인,취지,방통위,설립,반영,위원장,가망,시도,방송,장악,중단,국회,3명,나머지,위원,추천,방통위,정상화","방통위,위원장,재판관,정족수,2인,방통위법,이진숙,의사정족수,재적위원,과반수,윤석열,탄핵심판,7개월,면죄부,의결정족수","헌법재판소가 이진숙 방송통신위원장에 대한 국회의 탄핵심판 청구를 23일 기각했다. 재판관 8인의 의견이 4 대 4로 갈려, 파면에 필요한 정족수 6인에 미치지 못했다. 업무에 복귀한 이 위원장은 탄핵 기각이 윤석열 정부의 방송 장악에 대한 면죄부가 아님을 명심해야 한다.
국회가 지난해 8월 이 위원장의 탄핵심판을 청구한 핵심 사유는 ‘2인 위원’ 체제에..",http://www.hani.co.kr/arti/opinion/editorial/1179510.html,
01100101.20250123193143001,20250123,경향신문,,"[사설] 이진숙 ‘4대4’ 탄핵 기각, 국회는 5인 방통위 체제 서둘라",사회>미디어, 정치>국회_정당, 정치>청와대,,,,이,"하도,장악","방통위,헌법재판소,방송통신위,국회,방송문화진흥회,헌재,법원,방통위원,KBS,MBC","이진숙,탄핵,기각,국회,방통위,체제,서둘라,헌법재판소,국회,탄핵소추,이진숙,방송통신,위원장,탄핵,소추,기각,재판관,4명,체제,방통위,선임,공영,방송,이사,중요,결정,중대,위반,위원장,파면,4명,반대,파면,6명,위원장,즉시,업무,복귀,방통위,6개월,체제,재가동,국회,탄핵소추,5인,합의,기구,방통위,대통령,추천,위원장,부위원장,상황,KBS,이사,이사,MBC,방송문화진흥회,선임,헌법,법률,규정,위반,요지,4명,헌재,재판관,방통위,회의,명시,규정,2명,위원,과반수,의결,위법,판단,헌재,판단,문구,매몰,유감,헌재,언론,출판,자유,헌법,조항,해석,방통위,권위주,정권,시절,방송,통제,탄압,방지,설립,취지,대통령,2명,여당,1명,야당,추천,위원,견제,균형,원칙,작동,중요,결정,각급,법원,의결,체제,위법성,판단,소추,방통위,윤석열,정권,공영,방송,장악,폭주,체제,야당,추천,임명,방통,위원,후보자,대통령,장기간,보류,위원장,헌재,결정,오해,파면,요건,소추,기각,위법성,체제,위법,의견,방송,정치,대립,사안,해외,빅테크,과징금,부과,여야,공감대,사안,중심,처리,국회,공석,방통위원,추천,차제,논란,소지,제도,보완책,마련","방통위,위원장,이진숙,2명,재판관,4명,5인,방통위원,후보자,탄핵소추,서둘라,방송문화진흥회,위법성,보완책","헌법재판소가 23일 국회의 이진숙 방송통신위원장 탄핵소추를 기각했다. 재판관 8명 중 4명이 ‘2인 체제’ 방통위가 공영방송 이사 선임 같은 중요 결정을 내린 것이 중대한 법 위반이라며 이 위원장을 파면해야 한다고 했지만, 다른 4명이 반대하며 파면에 필요한 6명에 못 미쳤다. 이 위원장은 즉시 업무에 복귀했고 방통위는 6개월 만에 2인 체제로 재가동된..",https://www.khan.co.kr/article/202501231815001,
01100901.20250123004107001,20250123,중앙일보,,[사설] ‘이재명 일극체제 성찰’ 목소리에 귀 닫은 민주당,정치>국회_정당, 정치>행정_자치, 정치>청와대,범죄>기업범죄>거래제한,,,"김동연,이,윤,김경수,윤석열,임종석,김부겸","경남지사,비상계엄","민주당,경기지사,아군,대통령비서실장,미국대사대리,한·미 동맹,더불어민주당,지도부,사법리스크,자유민주,국민의힘","성찰,이재명,일극,체제,목소리,민주당,당내,민주주,지적,아군,총질,대표,재판,지연,개헌,입장,더불어민주당,강경,일변도,전략,체제,이재명,일극,비판,목소리,구속,윤석열,대통령,탄핵심판,진행,민주당,지지율,국민의힘,여론조사,임종석,대통령비서실장,대표,사람,당내,민주주의,민주당,국민,신뢰,반문,윤석열,정권,고집,실망감,김부겸,국무총리,인정,일방주의,정반대,김경수,경남지사,지적,비상계엄,선포,여권,악재,민주당,국민의힘,오차범위,여론,조사,결과,원인,성찰,정상,민주당,최대,원외,조직,친명계,더민주혁신회의,당내,비판,아군,총질,민주주의,이기적,자폭행위,인사들,지도부,인사,응답자,보수,성향,과표집,일시,착시,현상,주장,민주당,거대,의석,무기,대표,사법,리스크,방탄,입법,처리,예산안,단독,힘자랑,사실,계엄,대통령,권한,대행,총리,탄핵,정국,불안,초래,이반,결국,민심,민주당,현상,자성,시도,여론,조사,기관,규제,차원,여론,조사,특위,친명,의원,관리,여론,조사,업체,강화,법안,발의,여론,조사,기관,등록,요건,법률,상향,정기,점검,의무,등록,취소,기간,신청,제한,여론조사,공정,논란,사실,지지율,침묵,민주당,자신들,여론,조사,결과,책임,조사업체,대표,미국대사대리,동맹,강화,자유민주,진영,일원,책임,언급,회의,탈이념,탈진영,강조,안정,리더십,과시,모습,리더십,자신,재판,신속,진행,협조,먼저,비상계엄,사태,확인,제왕,대통령,폐해,극복,권력,구조,개편,생각,대선,대표,후보,단일,김동연,경기,지사,분권,중임,대통령,책임총리제,골자,권력,구조,개편,대표,합의,갈등,대립,정치,방안,마련,동참,대통령,탄핵,심판,반복,정치,비극,대선,도전,주자들,책무","민주당,여론조사,이재명,윤석열,비상계엄,친명,친명계,민주주의,지지율,국민의힘,김동연,지도부,예산안,과표집","━
 “당내 민주주의 숨 죽어” 지적에 “아군에 총질” 
 
 ━
 이 대표, 재판 지연 시도 말고 개헌 입장 밝혀야 
 더불어민주당에서 강경 일변도의 전략과 ‘이재명 일극 체제’에 대한 비판의 목소리가 나오고 있다. 윤석열 대통령 구속과 탄핵심판이 진행되고 있는데도 민주당 지지율이 국민의힘에 뒤지는 여론조사가 잇따르고 있어서다. 임종석 전 대통령비서실..",https://www.joongang.co.kr/article/25309530,
01100801.20250123002102001,20250123,조선일보,조선일보,[사설] 공수처가 지금 하는 것은 수사가 아니라 정치,정치>청와대,,,,,,윤석열,무산,"동원,공수처,헌법재판소,서울구치소,헌재","공수처,수사,정치,공수처,출석,요구,불응,윤석열,대통령,서울구치소,강제,구인,무산,20일,21일,강제,구인,피의자,조사,예외적,잡범들,피의자,진술,거부,행사,실효성,대통령,공수처,사람,구인,조사,공수처,시도,조사,목적,대통령,구치소,모습,의도,전형적,수사,공수처,구인,강제,시도,대통령,헌법,재판소,탄핵,심판,출석,변호인들,방어권,보장,공수처,강제,구인,시도,21일,대통령,헌재,출석,병원,이동,서울구치소,구인,시도,과도,공수처,대통령,변호인,제외,사람,접견,서신,발신,결정,조치,증거,인멸,정황,예외,정황,관련자,내란,혐의,관련자,구속,증거,확보,공수처,조치,소환,불응,보복,공수처,내란죄,수사,수사,대통령,무리,대통령,수사,조사,방법,조율,일방적,소환,통보,불응,체포,영장,청구,체포도,조사,절차,조사,목적,대안,검토,노력,경찰력,동원,영장,집행,강행,조사,대통령,관저,모습,정치,의도,상황,소환,불응,대통령,공수처,무리,수사,상황,악화","공수처,서울구치소,관련자,변호인,피의자,경찰력,내란죄,실효성,방어권,잡범들,재판소,체포도,변호인들,구치소,윤석열,시간date,대통령,조사,수사,출석,구인,불응","공수처가 출석 요구에 불응한 윤석열 대통령을 22일 서울구치소에서 강제 구인하려 했으나 또 무산됐다. 20일, 21일에 이어 세 번째다. 강제 구인은 피의자 조사를 위해 예외적으로 하는 것이다. 잡범들에게도 웬만해선 잘 하지 않는다. 피의자가 진술 거부권을 행사하면 실효성이 떨어지기 때문이다. 윤 대통령은 이미 “공수처에 더 할 말이 없다”고 했다. 그..",https://www.chosun.com/opinion/editorial/2025/01/23/KKSYUQX2TVDLJAFHT2NFQRLKNM/?utm_source=bigkinds&utm_medium=original&utm_campaign=news,
01100801.20250123001543001,20250123,조선일보,조선일보,[사설] 지지율 하락한다고 여론조사 업체들 조사한다는 발상,정치>행정_자치,,,,,,"윤석열,김어준","호도,부산","민주당,보궐선거,금정구청장,더불어민주당,선관위,국민의힘","지지율,하락,조사,여론,조사,업체,발상,더불어민주당,차원,여론,조사,업체,탄핵,윤석열,대통령,각종,여론,조사,민주당,지지율,하락,국민,지지율,상승,20일,지도부,회의,여론,조사,검증,특위,제도,개선,23일,토론회,계획,민주당,의원,선관위,규칙,여론,조사,회사,등록,요건,법률,여론,조사,회사,정기,점검,의무화,개정안,발의,민주당,강화,여론,조사,통제,여론조사,민주주,근간,민심,호도,민주당,여론,조사,통제,여론조사,자신들,유리,양산,여론,조사,통제,의문,민주당,압승,여론조사,총선,여론,조사,선관위,조작,확인,사례,51건,총선,32건,가까이,증가,조사,결과,왜곡,조작,거짓,중복,응답,유도,총선,총선,여론,조사,선관위,적발,실제,광범위,여론조사,빙자,정치,공작,가능성,민주당,김어준씨,여론,조사,회사,부산,금정구청장,보궐,선거,민주당,후보,3%포인트,여론,조사,결과,실제,민주당,22%포인트,민주당,여론조사,민주당,가짜,온상,가짜,카톡,지목,카톡,검열,가짜,근절,가짜,반대,국민,사생활,카톡,검열,생각,정작,민주당,인사,사실,확산,민주당,회사,김어준,여론,조사,조사,문제점,개선,시도,여론,조사,통제","여론조사,민주당,선관위,카톡,지지율,김어준씨,김어준,금정구청장,부산,윤석열,의무화,개정안,51건,가능성,지도부,토론회,더불어민주당,사생활","더불어민주당이 당 차원에서 여론조사 업체 때리기에 나섰다. 윤석열 대통령 탄핵 이후 각종 여론조사에서 민주당 지지율이 하락하고 국민의힘 지지율이 상승하는 데 따른 것이다. 지난 20일에는 지도부 회의를 거쳐 ‘여론조사 검증 및 제도 개선 특위’를 만들기로 했고, 23일에는 관련 토론회도 열 계획이다. 민주당 의원은 선관위가 규칙으로 정하고 있는 여론조사..",https://www.chosun.com/opinion/editorial/2025/01/23/PUJZF64QUFCFPNTATYQ2BWU3IM/?utm_source=bigkinds&utm_medium=original&utm_campaign=news,
01101101.20250123001021002,20250123,한국일보,,[사설] 윤 대통령 강제구인에만 매달리는 아마추어 공수처,사회>사건_사고, 정치>청와대, 국제>중남미,,,,윤석열,"구치소,한남동,설령","구치소장,동원,고위공직자범죄수사처,공수처,헌법재판소,검찰,서울구치소,헌재,국군서울지구병원","강제구인,대통령,아마추어,공수처,고위공직자범죄수사처,공수처,구속,수감,윤석열,대통령,동선,파악,강제구인,철수,수모,구인,실패,아마추어,행보,수사,실익,허비,형국,공수처,5시,검사,수사관,서울구치소,변론,헌법,재판소,탄핵,심판,출석,대통령,구치소,복귀,강제구인,현장,대면조사,계획,대통령,지병,치료,국군서울지구병원,이동,구치소,9시,분쯤,복귀,9시,피의자,동의,조사,불가능,수사팀,인권,보호,규정상,수사,성과,철수,대통령,구치소장,허가,외부,진료,공수처,파악,공수처,어제도,수사,서울구치소,강제구인,현장조사,시도,성과,관저,한남동,대통령,대통령실,압수수색,경호처,방어,대통령,공수처,자격,내란죄,수사,수사,탄핵심판,입장,고수,강제구인,성공,현장조사,진술,거부,헌재,계엄,설파,지지,결집,수사,대통령,이중,태도,비판,수사기관,무리수,동원,실익,구인,대통령,피해자,측면,강화,구속,대통령,구속,공수처,수사,성과,기소권,공수처,검찰,최장,구속기간,열흘씩,협의,검찰,사안,중대성,기소,열흘,수사,진척,하루,검찰,현명,재판,시비,수사,자격,최소화,기관,이기주의,매몰,정치,퍼포먼스","공수처,강제구인,수사팀,규정상,탄핵심판,구치소,서울구치소,수사관,현장조사,한남동,어제도,내란죄,국군서울지구병원,공직자,서울지구병원,경호처,압수수색,중대성,재판소,이기주의,열흘씩,무리수,피의자,대면조사,최소화","고위공직자범죄수사처(공수처)가 구속 수감 중인 윤석열 대통령의 동선 파악도 못하고 강제구인에 나섰다가 철수하는 수모를 당했다. 다음 날인 어제도 구인에 나섰지만 실패했다. 아마추어적 행보로 수사 실익은 없이 시간만 허비하는 형국이다.
공수처는 그제 오후 5시쯤 검사와 수사관 6명을 서울구치소로 보냈다. 헌법재판소 탄핵심판 변론에 처음 출석한 윤 대통령이..",https://www.hankookilbo.com/News/Read/A2025012215150000172,
01100401.20250123232722001,20250123,동아일보,,[사설]崔 “받았다”는데 尹 “준 적 없다”는 ‘계엄 쪽지’ 누가 뭘 숨기나,정치>청와대, 정치>행정_자치, 정치>국회_정당,,,,"국가비,윤석열,최,김용현,최상목","해산,적도","신군부,유일,헌법재판소,검찰,국방부,국회,서울서부지법,헌재","계엄,쪽지,12,최상목,경제,부총리,국가,비상,입법,기구,쪽지,논란,윤석열,대통령,헌법,재판소,출석,자리,쪽지,부총리,나중,계엄,해제,한참,언론,기사,부총리,12월,국회,대통령,이름,참고자료,참고,자료,예비비,예비비,사실,쪽지,수령,인정,언론,공개,최상목,쪽지,정부,예비비,확보,국회,예산,완전,차단,예산,국가,비상,입법,기구,편성,지시,사항,김용현,국방부,장관,검찰,공소장,일치,부총리,분량,용지,인쇄물,쪽지,검찰,제출,문건,중요,계엄,세력,국회,무력화,입법기구,의혹,핵심,증거,여야,정치인,체포,지시,차단,국회,예산,지침,국가,비상,입법,기구,예산,편성,야당,경고,계엄,국회,의도,심사,판사,서울,서부,지법,구속,영장,심사,유일,질문,쪽지,대통령,심사,김용현,장관,헌재,존재,자체,주장,장관,변호인,긴급명령,긴급,재정,입법,행사,건의,대통령,부총리,준비,검토,국회,무력,지적,국헌,문란,사실,대통령,지시,인정,계엄,성사,전두환,국회,해산,임시,입법,기구,국가보위입법회의,헌법,기구,대통령,장관,부총리,부총리,대통령,권한,대행,대통령,권한대행,규명","부총리,예비비,입법기구,최상목,김용현,전두환,국헌,공소장,서울,정치인,참고자료,재판소,긴급명령,변호인,국무회의,인쇄물","12 3 계엄 선포 직전 국무회의에서 최상목 경제부총리가 받았다는 ‘국가비상 입법기구’ 관련 쪽지를 놓고 논란이 커지고 있다. 윤석열 대통령은 21일 헌법재판소에 처음 출석한 자리에서 “쪽지를 (최 부총리에게) 준 적도 없고, 나중에 계엄 해제 후 한참 있다가 언론 기사에서 봤다”고 말했다. 하지만 최 부총리는 지난해 12월 이미 국회에서 “대통령이 제..",https://www.donga.com/news/Opinion/article/all/20250122/130917394/2,
01100401.20250123232528001,20250123,동아일보,,[사설]이재명 “트럼프 북-미 대화 환영” 무턱댄 ‘친미 법석’ 통하겠나,정치>외교, 정치>청와대, 정치>북한,,,,"트럼프,윤,이,문재인,윤석열,김정은,도널드 트럼프,이재명","한반도,미국,일본,북-미,중국,북한,윤석열#대통령,러시아","민주당,정부,미국대사대리,더불어민주당,한미동맹,한미 양국,자유민주,한국,북한,국무위","이재명,트럼프,대화,환영,무턱,법석,대표,더불어민주당,이재명,대통령,도널드,트럼프,미국,중단,의지,대화,재개,표명,환영,트럼프,대통령,의지,한반도,위기,완화,한반도,남북,교류,한반도,평화,트럼프,대통령,취임,북한,취임,국가,nuclear,power,지칭,김정은,국무,위원장,친분,과시,환영,대표,미국대사대리,이날,조셉,주한,미국,대사,대리,한미동맹,강화,자유,민주,진영,일원,책임,요즘,대표,대미,언행,결과상,각종,여론,조사,결과,유력,대권,위상,반미,反美,행보,대조,메시지,민주당,윤석열,대통령,탄핵,소추,북한,중국,러시아,적대시,일본,중심,외교정책,고집,문구,포함,미국,조야,비판,목소리,대표,친미,親美,행보,사실,정부,과거,문재인,트럼프,대통령,김정은,대화,중재,트럼프,민주당,기대감,이해,북한,국가,지칭,북한,보유,인정,협상,군축,의도,해석,한미,양국,상황,현실화,한국,북핵,머리,처지,반색,의문,긴장,갈등,한반도,정세,화해,협력,전환,대화,접근,곤란,정작,한국,인정,위험,거래,용인,트럼프,대북정책,구체화,여야,미국,전달,신중,접근,설득,요란,행보,과시,안보,동맹,의지","미국,김정은,민주당,이재명,한국,한미,조셉,문재인,윤석열,더불어민주당,도널드,일본,적대시,외교정책,현실화,반미,러시아,진영,위원장","더불어민주당 이재명 대표가 22일 “도널드 트럼프 미국 대통령이 중단된 북-미 대화 재개 의지를 표명한 것을 환영한다”며 “트럼프 대통령의 의지가 한반도 위기를 완화해 한반도 비핵화와 남북 교류, 한반도 평화로 이어지기를 기대한다”고 밝혔다. 트럼프 대통령이 취임 직후 북한을 ‘핵 국가(nuclear power)’로 지칭하며 김정은 국무위원장과의 친분을..",https://www.donga.com/news/Opinion/article/all/20250122/130917392/2,
01101001.20250122184013001,20250122,한겨레,한겨레,"[사설] ‘내란 청문회’ 증언 거부한 이상민, 서둘러 수사해야",사회>사건_사고, 정치>청와대, 정치>국회_정당,,,,"용혜인,조지호,이,김주현,백혜련,이상민,허석곤,윤석열,이완규,박성재,김용현","울산,서울,삼청동,비상계엄","혐의 진상규명,소방청장,국방부,더불어민주당,한겨레,국회,기본소득당,행정안전부,정부,경찰청장,법제처장,국정조사,법무부,특별위원회","내란,청문회,증언,거부,이상민,수사,정부,윤석열,비상계엄,선포,특별위원회,내란,혐의,진상,규명,국정,조사,특별,위원회,내란국조특위,청문회,핵심,증인,답변,거부,모르쇠,일관,청문회,무력화,집중,모습,윤석열,대통령,최측근,이상민,행정안전부,장관,개입,의혹,증언,자체,거부,국민,우롱,장관,시작,거부,시작,질문,답변,용혜,기본,소득,의원,장관,국회,의결,계엄,해제,계엄,지속,2시간,계엄,해제,행적,증언,허석곤,소방청장,진술,장관,한겨레,언론,단전,단수,지시,의혹,증언,증언,거부,의원,백혜련,더불어민주당,지적,소환,국민,대리,국회,대통령,12,헌법,규정,권한,고도,통치행위,공개적,옹호,자신,개입,혐의,부인,계엄,당일,울산,출장,도중,예정,일정,취소,상경,4시간,계엄,선포,김용현,김용현,국방부,장관,통화,사실,계엄,선포,경찰,국회,봉쇄,경찰청장,조지호,통화,당일,계엄,해제,4일,서울,삼청동,대통령,안가,박성재,박성재,법무부,장관,민정수석,김주현,대통령실,민정,수석,이완규,법제처장,회동,계엄,계엄,대응,논의,의혹,제기,정권,비판적,언론사,단전,단수,마비,의혹,12,관여,혐의,장관,자신,증언,거부,사람들,입장,경험,사실,국민,혼란,강변,증언,수사,재판,불리,작용,거짓말,위증죄,처벌,중요,임무,종사자,구속기소,만큼,수사,기관,장관,수사,진상","청문회,윤석열,이상민,비상계엄,박성재,김용현,서울,대통령실,울산,조지호,더불어민주당,김주현,백혜련,법무부,국방부","22일 ‘윤석열 정부의 비상계엄 선포를 통한 내란 혐의 진상규명 국정조사 특별위원회’(내란국조특위) 1차 청문회가 열렸지만, 핵심 증인들은 답변을 거부하거나 ‘모르쇠’로 일관하며 청문회를 무력화하는 데 집중하는 모습이었다. 특히 윤석열 대통령의 최측근인 이상민 전 행정안전부 장관은 내란 개입 의혹에 증언 자체를 거부하며 국민을 우롱하고 있다.
이 전 장..",http://www.hani.co.kr/arti/opinion/editorial/1179324.html,
01100101.20250122183626001,20250122,경향신문,,"[사설] “언론이 초갑”이라는 윤석열, 입틀막 정권이 할 소린가",정치>청와대, 국제>중남미, 국제>아시아,범죄>범죄일반>폭행,,,"황상무,윤석열,홍철호,이상민",망상,"경향신문,행정안전부,정부,망상,헌법재판소,국정조사,국회,자유민주,비상계엄,대국,한국,MBC","언론,초갑,윤석열,입틀,정권,소린가,내란,수괴,대통령,윤석열,탄핵심판,헌법,재판소,탄핵,심판,언론,대통령,초갑,超甲,주장,윤석열,거짓,궤변,임기,언론,무시,불통,정권,군림,스스로,약자,코스프레,어이,입틀,정권,비판,비판,언론,적대시,민심,국정,갑질,망동,비상,계엄,국민,언론,국회,겨냥,윤석열,초갑,발언,국회,계엄,해제,요구,생각,헌법,기관,유린,부인,자신,피해자,포장,통치행위,주장,비상계엄,언론,일방,비판,선동,국민,권력,감시,자유,민주주의,국가,언론,윤석열,망동,헌법,파괴,비판,갑질,비난,언론관,실상,언론,국민,윤석열,정부,개월,보도,MBC,전용기,탑승,배제,헌법,수호,일환,강변,출근길,문답,MBC,무례,일방,중단,관례,대통령,신년,회견,입맛,방송,쇼핑,선택,녹화,대담,대체,홍철호,정무,수석,기자회견,대국민,회견,질문,대통령,무례,비상계엄,사태,경향신문,비판,언론사,단전,단수,지시,사실,이상민,행정안전부,장관,국회,국정,조사,청문회,위증죄,처벌,의식,단전,단수,질문,포함,일체,증언,거부,언론,초갑,일들,황상무,시민사회수석,과거,정보사,언론,사건,회칼,테러,언급,반자유언론,정점,일개,참모,망언,정도,언론,폭력,수중,윤석열,평소,망상,의심,국경,기자회,한국,언론자유지수,하락,62위,추락,민심,통로,언론,강압,통제,대통령,국정,만무,허물,거울,나팔수,언론,애초,독재,망상,인사,검증,언론,국민,자괴감,정도,윤석열,국민,우롱","윤석열,비상계엄,청문회,갑질,경향신문,홍철호,mbc,대국민,회칼,탄핵심판,입틀,피해자,이상민,통치행위,행정안전부,시민사회수석,기자회,62위,코스프레,전용기","내란 수괴 대통령 윤석열이 지난 21일 헌법재판소 탄핵심판에서 언론을 두고 “대통령보다 훨씬 강한 초갑(超甲)”이라고 주장했다. 윤석열의 거짓과 궤변이야 새삼스럽지 않지만, 임기 내내 언론을 무시하며 ‘불통 정권’으로 군림하고선 스스로를 ‘을(乙)’로 매김하는 약자 코스프레를 하니 어이가 없다. 오죽하면 ‘입틀막 정권’ 비판까지 들었겠는가. 비판 언론을..",https://www.khan.co.kr/article/202501221835011,
01100101.20250122181612001,20250122,경향신문,,"[사설] ‘만시지탄’ 정부 여당 추경 논의, 규모 늘리고 속도내라",경제>경제일반, 정치>선거, 정치>행정_자치,,,,"권영세,권성동,우원식 국회의장,이창용,최상목,최태원,최 권한대행,이재명","중구,미국,서울,경기,비상계엄,경제통인","정부,경기지사,SK그룹,더불어민주당,한국은행,국회,한,한은,행정부,국민의힘,국정협의회","만시지탄,정부,여당,추경,논의,규모,속도내라,권성동,국민,원내대표,서울,중구,한국은행,이창용,총재,추가경정예산,추경,얘기,권한대행,최상목,대통령,권한,대행,국회,정부,가동,국정,협의회,전제,추경,편성,언급,윤석열,정부,집권,긴축재정,금과옥조,국민,일주일,야당,추경,주장,포퓰리즘,비난,정부,여당,입장,변화,만시지탄,환영,추경,예산,감당,경제,민생,위기,추가,편성,예산,예산안,국회,본회의,통과,달포,추경,필요성,12,내수,위축,얼마,한은,얼마,국내총생산,GDP,성장,전망,1.9%,1.6,1.7%,하향,조정,2개월,0.2,0.3%,포인트,정도,경제,최악,서민들,경기,부양,기준금리,환율,상승,강달러,윤석열,리스크,달러,환율,1400원,소비자들,지갑,자영업자들,외환,위기,이구동성,구직,노력,29세,청년,41만,수출,버팀목,역할,관세,장벽,미국,트럼프,행정부,출범,수출,최대,달러,65조,감소,예상,회장,최태원,SK,그룹,경제,수출,주도,보완,정도,추경,경제,주체,심리,영향,한은,15조,20조,규모,추경,편성,취약계층,지원,정도,의문,경제통,김동연,경기,지사,30조,주장,추경,50조,각론,입장,추경,당위성,여야,정부,공감,골든타임,권한,우원식,국회,의장,권영세,국민,비상대책위원장,대표,이재명,더불어민주당,당장,일정,국정협의회,안건,추경,논의,진행","최태원,한국은행,한은,국정협의회,윤석열,김동연,미국,비상계엄,최상목,우원식,이재명,더불어민주당,서울,협의회,일주일,만시지탄,예산안,총생산,2개월,소비자","권성동 국민의힘 원내대표가 22일 서울 중구 한국은행을 찾아가 이창용 총재와 추가경정예산(추경) 관련 얘기를 나눴다고 한다. 전날엔 최상목 대통령 권한대행이 국회 정부 간 국정협의회 가동을 전제로 추경 편성을 언급했다. 윤석열 정부는 집권 이후 긴축재정을 금과옥조처럼 여겼고, 국민의힘은 일주일 전만 해도 야당의 추경 주장을 포퓰리즘이라고 비난했다. 정부..",https://www.khan.co.kr/article/202501221815011,
01100901.20250122003410001,20250122,중앙일보,,"[사설] 윤 대통령, 첫 탄핵심판 출석 반성보다 변명만 하나",정치>청와대, 정치>국회_정당, 정치>행정_자치,사회>사회갈등>시위,,,"윤,윤석열,김용현",대치,"국방부,국회,국회의사당,대리인단,선거관리위원회,선관위,군사정권,계엄군,포고령,헌법재판소,헌재,서울서부지법,비상계엄","대통령,탄핵,심판,출석,반성,변명,재판관,국민,사과,책임,회피,궤변,사법절차,협조,우두머리,혐의,구속,수사,윤석열,대통령,헌법재판소,변론,탄핵,심판,출석,국회,탄핵소추,피청구,신분,현직,대통령,헌재,자신,입장,헌정사,대통령,발언,태도,국민,실망,헌재,재판관,입장,변론,시작,대통령,탄핵,사건,고생,재판관들,마음,국민,대통령,진정,국민,사과,반성,대통령,대리인단,비상계엄,주장,책임,회피,변명,궤변,일관,변론,계엄포고령,문제점,작성자,집중적,대리인,대통령,포고령,계엄,형식,집행,의사,주장,포고령,발언,상식적,납득,포고령,헌법기관,국회,활동,미복귀,전공,처단,시절,과거,군사,정권,형식적,포고령,대목,대리인,대통령,김용현,국방부,장관,포고령,작성,책임,대통령,초안,야간,통행,삭제,주장,포고령,나머지,대통령,검토,사실,인정,포고령,집행,의사,주장,이해,변론,국회,탄핵소추인단,국회,탄핵,소추인단,12,선거관리위원회,외부,CCTV,영상,공개,영상,계엄군,국회,본청,진입,의원,보좌진,대치,장면,선관위,무장,군인들,진입,장면,계엄,상황,국회,선관위,통제,근거,영상,대통령,군인들,국회,청사,진입,직원들,저항,계엄,계엄,투입,피해,취지,주장,애초,계엄군,국회,진입,용납,그동안,대통령,그동안,법적,정치적,책임,회피,공언,탄핵,심판,절차,수사,대통령,모습,약속,거리,지지자,대통령,자처,시위,군중,서울서부지법,침입,난동,사태,발생,대통령,지지자들,언행,자제,국민,사과,사법절차,협조,자신,대통령,국민,예의","포고령,재판관,선관위,지지자,그동안,사법절차,군인들,재판관들,계엄군,서울,서울서부지법,문제점,위원회,작성자,계엄포,선거관리위원회,피청구,헌정사,보좌진,미복귀,국방부,cctv,직원들,계엄포고령,의사당","━
 재판관에겐 “송구하다”면서 국민에 사과 없어 
 
 ━
 책임 회피나 궤변 말고 사법절차에 협조하길 
 내란 우두머리 혐의로 구속 수사를 받는 윤석열 대통령이 어제 헌법재판소의 탄핵심판 3차 변론에 출석했다. 국회의 탄핵소추로 피청구인 신분이 된 현직 대통령이 직접 헌재에 나와 자신의 입장을 밝힌 것은 우리 헌정사에서 처음 있는 일이다. 어제 윤 ..",https://www.joongang.co.kr/article/25309241,
01100801.20250122002123001,20250122,조선일보,조선일보,[사설] “부정선거 증거 너무 많다”더니 이젠 “사실 확인 차원”,정치>국회_정당, 정치>선거, 정치>청와대,,,,윤석열,비상계엄,"계엄군,헌법재판소,국정원,선관위","부정,선거,증거,이젠,확인,차원,윤석열,대통령,헌법,재판소,탄핵심판,출석,대통령,비상계엄,명분,제시,부정,선거,의혹,계엄,선포,선거,공정,신뢰,의문,것들,선거,부정,음모론,제기,사실,확인,차원,계엄,사후적,부정,선거,의혹,주장,지적,반박,대통령,국정원,장비,선관위,전산,점검,결과,부정,선거,자체,색출,선관위,전산,전반적,점검,대통령,언급,얼마,주장,대통령,공개,부정선거,증거,선관위,엉터리,가짜,투표지,발견,총체적,부정선거,가동,44장,원고지,분량,부정,선거,의혹,할애,대통령,주장,사실,국가,사태,주장,대통령,며칠,선거,부정,음모론,확인,차원,사회,일각,부정선거론,대통령,가세,위험,수준,악화,대통령,책임감,가짜,투표지,총체적,부정선거,세력,적대,해외,선거,개입,구체,설명,이날,이날,대통령,변호인,시중,부정,선거,루머,근거,주장,부정,선거,주장,확인,증거,확산,분열,사회,대통령,계엄,선포,선관위,계엄군,투입,부정선거,무책임,처신,대통령,증거,중대,주장,사회,혼란,초래,음모론","부정선거,선관위,원고지,투표지,국정원,음모론,재판소,탄핵심판,계엄군,44장,비상계엄,사후적,변호인,책임감,부정선거론,무책임,윤석열,이젠,대통령,선거",윤석열 대통령이 21일 헌법재판소의 탄핵심판에 직접 출석했다. 윤 대통령은 비상계엄 명분으로 제시했던 부정선거 의혹에 대해 “계엄 선포 전 여러 선거 공정성에 대한 신뢰에 의문이 드는 것들이 있었다”며 “선거가 부정이어서 믿을 수 없다는 음모론을 제기하는 게 아니라 사실을 확인하자는 차원”이라고 말했다. 계엄을 정당화하기 위해 사후적으로 부정선거 의혹을..,https://www.chosun.com/opinion/editorial/2025/01/22/U2FWH66CO5F2BGFELE66ADTNQM/?utm_source=bigkinds&utm_medium=original&utm_campaign=news,
01101101.20250122001033001,20250122,한국일보,,"[사설] 헌재서도 증거 무시, 책임회피, 억지 주장만 한 尹",정치>청와대, 정치>행정_자치, 정치>국회_정당,범죄>범죄일반>폭행,,,"윤석열,최상목","계산,비상계엄","계엄군,변호인단,고위공직자범죄수사처,포고령,공수처,헌법재판소,검찰,비상입법기구,기획재정부,헌재,국회,사법부","헌재,증거,무시,책임회피,억지,주장,12,수괴,혐의,윤석열,대통령,헌법재판소,탄핵,심판,변론,출석,계엄,강변,비상계엄,선포,권한,대통령,고유,고도,통치행위,내란죄,성립,주장,반복,계엄,관련자,국회,증언,수사기관,확보,증거,상반,주장,책임,회피,모습,개탄,대통령,변론,검찰,단서,내란죄,핵심,장관,최상목,부총리,기획,재정부,편성,쪽지,비상,입법,기구,예산,편성,기사,부인,계엄군,국회,의원들,지시,계엄,포고령,집행,의사,실행,계획,주장,변호인단,대통령,계엄,선포,배경,주장,부정,선거,의혹,선거,공정,신뢰,의문,음모론,제기,팩트,확인,차원,비상계엄,선포,국회,탄핵,소추,사유,전면,부인,탄핵심판,역대,대통령,헌재,변론,대통령,고위공직자범죄수사처,공수처,수사,불응,헌재,변론,출석,배경,짐작,공수처,강제수사,명분,마련,서부지법,난입,폭력,사태,위축,지지층,결집,전략,본인,대통령,국회,탄핵소추,기각,대통령직,복귀,형사,재판,대응,유리,계산,증거,증언,계엄,선포,위헌,위법성,사회,정치적,평가,상황,구체,반증,계엄,강변,헌재,탄핵,심판,역효과,헌정,질서,파괴,선동,발언,법치주의,최후,보루,사법부,위협,장본인,무책임,태도,주장,대통령,계엄,선포,공수처,수사","내란죄,공수처,탄핵심판,서부지법,부총리,최상목,비상계엄,탄핵소추,고위공직자범죄수사처,사법부,음모론,공직자,장본인,지지층,법치주의,재정부","12 3 불법 계엄 선포로 내란 수괴 혐의를 받는 윤석열 대통령이 어제 헌법재판소의 탄핵심판 변론에 출석해 계엄 정당성을 강변했다. 비상계엄 선포는 대통령 고유 권한이자 고도의 통치행위로 내란죄가 성립하지 않는다는 기존 주장을 반복했다. 계엄 관련자들의 국회 증언, 수사기관이 확보한 증거와 상반된 주장을 펴며 책임 회피에 급급한 모습에 개탄을 금할 수 ..",https://www.hankookilbo.com/News/Read/A2025012111230003086,
01100401.20250122233135001,20250122,동아일보,,[사설]“그런 적 없다” “그게 아니다” “나 아니다” 그리고 “잘 살펴 달라”,정치>청와대, 정치>행정_자치, 정치>국회_정당,,,,"윤석열,김 전,김용현,최상목",비상계엄,"기재부,검찰,국방부,경찰,국회,선관위,포고령,헌법재판소,수방사령관,기획재정부,경찰청장,헌재,재판부,대국","비상계엄,사태,탄핵소추,윤석열,대통령,헌법,재판소,출석,대통령,헌재,재판관,만큼,논리적,답변,대통령,요약,거짓,모르쇠,계엄,방해,국회,투입,주장,어이,대통령,군인들,국회,직원들,저항,얼마,계엄,해제,요구,결의,철수,주장,표결,수사,결과,김용현,국방부,장관,검찰,공소장,대통령,도끼,국회,본회의장,의원들,지시,현장,지휘관,이행,대통령,헌재,답변서,계엄,며칠간,예상,의지,계엄,실행,대통령,수방사령관,특전사령관,의원,지시,사실,재판부,질문,사령관,시도,국회,무력,핵심,쟁점,비상입법기구,대통령,비상,입법,기구,예산,편성,쪽지,기획,재정부,장관,질문,계엄,해제,기사,사람,장관,대통령,참고,실무자,쪽지,장관,기재부,발언,배치,대통령,부정선거론,계엄,선포,배경,음모론,제기,차원,팩트,확인,대국민담화,총체적,부정선거,가동,주장,실제,무장,투입,자신,부정,선거,의혹,체크,취지,대통령,포고령,계엄,형식,집행,의사,집행,주장,경찰,포고령,국회,봉쇄,대통령,경찰청장,국회,의원들,체포,포고령,위반,지시,일언반구,국회,선관위,마비,표결,계엄,해제,정치활동,계엄,위헌,위법성,핵심적,계엄,최종,책임자,대통령,결심,사안,상식,마디,억지,궤변","사령관,포고령,부정선거,비상입법기구,기재부,본회의장,의원들,재판소,탄핵소추,대국민,음모론,만큼,대국민담화,김용현,위법성,지휘관,재판관,실무자,정치활동,재판부,국방부,특전사령관,윤석열","비상계엄 사태로 탄핵소추된 윤석열 대통령이 21일 헌법재판소에 처음으로 출석했다. 대통령이 헌재 재판관들에게 “잘 살펴달라”며 직접 입을 연 만큼 솔직하고 논리적인 답변을 기대했지만 윤 대통령에게서 나온 것은 “그런 적 없다” “그게 아니다” “나 아니다”로 요약되는 거짓과 모르쇠 그리고 남 탓이었다. 
 
 계엄 당시 해제 요구 결의안 표결을 방해하기..",https://www.donga.com/news/Opinion/article/all/20250121/130908867/2,
01101001.20250121191007001,20250121,한겨레,한겨레,"[사설] 내란 이어 폭동도 옹호, 국민의힘 극우정당 되려 하나",정치>국회_정당, 국제>중남미, 정치>행정_자치,범죄>범죄일반>폭행,,,"권영세,전광훈,권성동,윤석열,윤상현,김민전",설령,"극우정당,유튜브,국회,법원,국민의힘","폭동,옹호,국민,극우정당,12,여당,국민,탄핵,윤석열,대통령,반대,세력,옹호,입장,의원들,집회,전광훈,목사,참석,극우,발언,19일,법원,난입,사건,폭도들,태도,국민,법치,파괴,폭력,불사,극우,모습,국민들,불안,국민,근시안,당리당략,보수정당,권성동,국민,원내대표,유튜버들,극우,유튜버,대안,언론,두둔,극우,진영,의견,취재진,질문,지지,국민,포용,정당,일축,법원,폭동,폭력,책임,시위대,일방적,상황,옹호,경찰,과잉,대응,조사,요구,권영세,국민,비상대책위원장,시민들,분노,원인,폭도,낙인,엄벌,으름장,법원,기물,경찰,폭행,구속영장,발부,판사,사무실,난입,폭도,분노,원인,법원,결정,법원,국민,그간,우두머리,피의자,대통령,절연,고비,의원들,명씩,관저,공권력,체포,영장,집행,방해,김민전,의원,백골단,국회,기자회견,윤상현,의원,법원,담장,체포,훈방,행태,법원,침탈,자행,명분,작용,국민,폭동,사태,극렬,지지,결집,상승,지지율,고무,해석,극우,세력,순간,합리적,상식적,중도층,보수층,도움,민주사회,정당,폭력,세력,대통령,극우,유튜브,국민,극우화,스스로,보수정당","지지율,당리당략,보수정당,전광훈,의원들,윤석열,중도층,위원장,기자회견,시민들,민주사회,시위대,취재진,구속영장,공권력,보수층,사무실,백골단,윤상현,훈방,김민전,폭도들,피의자","‘12 3 내란’ 이후 여당인 국민의힘은 윤석열 대통령 탄핵에 반대하는 것을 비롯해 줄곧 내란 세력을 옹호하는 듯한 입장을 보여왔다. 이 과정에서 일부 의원들이 전광훈 목사 집회에 참석해 극우적 발언을 일삼은 데 이어, 지난 19일 일어난 ‘법원 난입’ 사건에 대해 폭도들을 감싸는 듯한 태도도 보이고 있다. 국민의힘이 법치를 파괴하고, 폭력도 불사하는 ..",http://www.hani.co.kr/arti/opinion/editorial/1179109.html,
01101001.20250121182009003,20250121,한겨레,한겨레,[사설] 수사 거부한 채 헌재에서도 극우 준동 부추긴 윤석열,정치>청와대, 정치>국회_정당, 정치>선거,,,,"유경준,이진우,윤석열,최상목","망상,비상계엄","중앙선거관리위원회,고위공직자범죄수사처,헌법재판소,검찰,헌재,국회,대리인단,12·3 불법 비상계엄,국민의힘","수사,거부,헌재,극우,준동,윤석열,윤석열,대통령,변론기일,헌법,재판소,탄핵,심판,변론,기일,출석,12,주장,부정,선거,음모,음모론,법정,주장,고위,공직자,범죄,수사처,조사,거부,탄핵심판,출석,의도,부정선거,극우,세력,준동,의심,헌재,변론,기일,출석,대통령,대리인단,극우,유튜버,주장,반복,해킹설,선관위,전산,사전,투표,조작,사실무근,각종,음모,앵무새,변론,기일,대리인단,주장,중앙선거관리위원회,조목조목,반박,대통령,차원,이날,부정,선거,의혹,확인,비상계엄,선포,궤변,망상,자신,합리적,판단,과거,대통령,과거,부정선거론,설전,유경준,국민의힘,의원,언론,인터뷰,대통령,5~10%,포인트,우위,사전,예측,0.73%,포인트,부정선거,주장,사람,대통령,자신,선포,비상계엄,자체,위헌적,사실,국회,의결,비상계엄,해제,위법,주장,우원식,국회,의장,국회법,비상계엄,해제,결의,억지,국회,계엄,해제,요구,결의안,통과,이진우,수도방위사령관,계엄령,선포,진행,지시,뒷받침,대통령,장성,검찰,진술,가짜뉴스,최상목,부총리,마련,비상,입법,기구,예산,지시,쪽지,사실,부인,손바닥,하늘,대통령,이날,자유,민주주의,신념,대통령,적반,하장식,언사,억지,궤변,사실,거짓말,헌재,탄핵,심판,변론,수사기관,수사,대통령,국민,마지막,사죄,사실,수사,협조","비상계엄,부정선거,변론기일,탄핵심판,선관위,음모론,대리인단,결의안,우원식,윤석열,가짜뉴스,수도방위사령관,국민의힘,최상목,이진우,공직자,사령관,유경준,부총리,위원회","윤석열 대통령이 헌법재판소 탄핵심판 변론기일에 처음 출석해 12 3 불법 비상계엄의 정당성을 주장하면서 ‘부정선거 음모론’을 들고나왔다. 허무맹랑한 음모론을 버젓이 법정에서도 주장한 것이다. 고위공직자범죄수사처 조사는 거부하면서 탄핵심판에 계속 출석하려는 의도가 부정선거를 믿는 극우 세력의 준동을 부추기려는 게 아닌지 의심된다.
21일 헌재에서 열린 3..",http://www.hani.co.kr/arti/opinion/editorial/1179092.html,
01100901.20250121014529001,20250121,중앙일보,,[사설] 극렬 유튜버와 무책임 정치인이 서부지법 사태 불렀다,정치>선거, 정치>청와대, 국제>중남미,범죄>범죄일반>폭행, 범죄>범죄일반>살인, 사회>사회갈등>시위,"원희룡,전광훈,윤석열,윤상현,한동훈",중국,"극우,변호인단,민주당,유튜,가짜,국회,법원,유튜버,서부지법,유튜브,헌법재판소,서울서부지법,국민의힘","극렬,유튜버,정치인,서부,지법,사태,구속,포함,유튜버,돈벌이,시청,대통령,유튜브,독려,여야,가짜,전파,사태,서울,서부,지법,난동,경찰,3명,구속,수사,대상자,유튜버,포함,12,윤석열,대통령,지지,집회,극렬,유튜버,기름,폭력행위,옹호,현장,구호,미증유,법원,공격,사실상,유튜버,돈벌이,행태,어제오늘,조직폭력배,채널,살인,장면,생중계,패륜,행태,유튜버들,병리,알고리즘,사회,위험,정치판,시위,현장,예외,빅테크,기업,방관,현실,유튜브,폐해,책임,정치권,여야,정치인,근거,음모론,제공,갈등,국민,전당대회,원희룡,후보,한동훈,후보,지지,유튜버,사이,폭력사태,정치,지도자,대책,마련,이익,선동,전광훈,목사,주도,대통령,지지,집회,보수,신문,유튜브,채널,극우,유튜브,탄핵사태,1억,후원금,보수,진보,정상적,미디어,불법,위헌적,계엄,찬성,국민의힘,의원,계엄,찬성,근거,선거,부정,유튜버,변론,헌법,재판소,탄핵,심판,압송,선거,연수원,체포,중국인,주일,미군,기지,가짜뉴스,언급,지경,대통령,관저,지지자들,유튜브,실시간,모습,메시지,변호인단,대통령,체포영장,집행,공권력,시민,체포,선동,의원,윤상현,국민의힘,법원,담장,체포,17명,훈방,유튜브,급속,확산,언행,법원,난동,민주당,한동훈,암살조,운운,유튜버,김어준,국회,진실,외면,유튜버,극단,선동,행태,여야,회의,긴급,법치주의,무시,극단적,행위,일상화,우리나라,존립,돈벌이,혈안,극렬,유튜버,편승,정치인,서부지법,난동,폭력사태,재발","유튜버,유튜브,정치인,국민의힘,돈벌이,실시간,생중계,가짜뉴스,3명,중국인,한동훈,윤상현,폭력사태,대상자,유튜버들,서부지법,윤석열","━
 구속 66명 중 유튜버 3명 포함 과격할수록 돈벌이 
 
 ━
 대통령 “유튜브 시청” 독려에 여야는 가짜뉴스 전파 
 서울서부지법 난동 사태와 관련해 경찰의 우선 구속 수사 대상자 66명 가운데 유튜버 3명이 포함됐다. 12 3 계엄사태 이후 윤석열 대통령 지지 집회가 갈수록 과격해지는 과정에서 극렬 유튜버들은 계속 기름을 부었다. 이들은 폭력행..",https://www.joongang.co.kr/article/25308935,
01100901.20250121014303001,20250121,중앙일보,,"[사설] 트럼프 2기 출범, 위기를 기회로 만드는 저력 발휘해야",정치>외교, 국제>미국_북미, 국제>일본,,,,"트럼프,윤석열,마코,도널드 트럼프,최상목","미국,일본,중국,루비오,아세안,연대도,한국,워싱턴,평택,미,한,일,개진","미국,중국,유럽외교협회,한국,북한,주한미군,행정부,미군기,EU,정부,유럽연합,한·미,일","출범,트럼프,위기,기회,저력,발휘,한국,24개국,위기감,우선주,과거,미국,극복,지혜,20일,현지시간,미국,대통령,도널드,트럼프,취임,4년,워싱턴,트럼프,대통령,귀환,트럼프,미국,직면,위기,해결,역사적,속도,행동,선언,미국,우선주의,4년,각국,트럼프발,청구서,예측,생존,전략,마련,돌입,상황,윤석열,대통령,구속,사태,리더십,부재,한국,위기감,유럽,외교,협회,조사,한국인들,24개국,조사,대상,개국,트럼프,비관적,긍정,68%,11%,,부정,68%,구조,수출,주도,경제,북한,위협,노출,한국,트럼프,안보,통상,정책,퍼펙트,스톰,위기,기회,저력,실제,한국,독트린,닉슨,주한미군,정도,철수,이래,차이,미국,우선주,압박,위기,오늘날,동맹,시대,트럼프,한국,미국,폐기,압박,자유무역협정,FTA,재개정,일시적,규모,대미,무역,흑자,트럼프,임기,반등,성공,이슈,방위비,분담금,무리,증액,요구,국내총생산,GDP,대비,국방,예산,규모,규모,세계,최대,평택,미군,기지,전략,효용,제시,인상률,과거,선방,행정부,트럼프,출범,미국,전략적,중국,의지,패권,도전,유념,중국,인접,한국,지정학,환경,대미,협상,레버리지,의미,안보,미국발,국제,통상,환경,급변,상황,일본,유럽연합,EU,연대,검토,60주년,국교,정상,주년,과거사,미래지향적,구축,양국,국익,수호,긍정적,패권,경쟁,공동,보조,국가,리더십,아세안,국가,연대,영향력,대북,정책,마코,루비오,국무,장관,지명자,리뷰,대북,정책,착수,입장,정부,의견,개진,입장,반영,노력,트럼프,대통령,권한,대행,통화,외교,산업통상,장관,부처,방미,트럼프,정부,인사,조기,방한,추진","미국,한국,미군,지명자,중국,위기감,24개국,분담금,방위비,평택,닉슨,루비오,미국발,마코,윤석열","━
 한국 주요 24개국 중 위기감 가장 크지만 
 
 ━
 과거 미국 우선주의 극복한 지혜 살려야 
 20일(현지시간) 미국의 제47대 대통령으로 도널드 트럼프가 취임했다. 4년 전 “어떤 식으로든 돌아오겠다”는 말을 남긴 채 워싱턴을 떠났던 트럼프 대통령이 화려하게 귀환한 것이다. 트럼프는 미국이 직면한 위기를 해결하기 위해 “역사적인 속도와 힘으로..",https://www.joongang.co.kr/article/25308934,
01100801.20250121002615001,20250121,조선일보,조선일보,"[사설] “성전, 십자군, 저항권” 경솔하고 위험한 선동 안 돼",사회>사건_사고, 국제>미국_북미, 정치>국회_정당,범죄>범죄일반>폭행, 사회>사회갈등>시위,,"윤석열,이재명",,"민주당,법원행정처장,유튜브,경찰,더불어민주당,국회,법원,유튜버,국민의힘","성전,십자군,저항권,경솔,위험,선동,윤석열,대통령,구속,영장,발부,시위,서부지법,난입,판사,겨냥,법치,민주주의,위협,천대엽,법원,행정처장,국회,시위자들,판사실,영장판사,의도적,흔적,경찰,난동,사태,체포,90명,66명,구속영장,신청,체포자,20,51%,46명,과반,사회,분열,갈등,수준,사실,경찰,폭력,사태,발생,경위,배후,재발,폭력,사태,국민,성전,聖戰,십자군,저항권,발언,경솔,위험,국민,비대위원장,폭력,명분,당내,인식,행위,결국,자해,사실,여론조사,국민,지지율,고무,역풍,시간문제,극단,유튜버,자극,선동,법원,난동,영향,서부지법,내부,침입,46명,유튜버,3명,선동,보호,윤석열,대통령,명분,실제,유튜브,창출,금전,수익,목적,국민,극단,유튜버,한편,모습,결국,자신,자해,행위,더불어민주당,법원,난입,국민의힘,발생,민주당,법원,이재명,대표,구속,영장,기각,법원,인권,최후,보루,재판,선거법,유죄,선고,사법,판결,법원,공격,남불,여야,20,연루,폭력,사태,자신들","구속영장,유튜버,서부지법,선거법,판사실,천대엽,십자군,경솔,윤석열,국민의힘,이재명,민주주의,시위자,체포자,남불,시위자들,시간문제,유튜브,여론조사,저항권,聖戰,위원장,지지율,비대위원장,민주당",윤석열 대통령에 대한 구속영장 발부 직후 벌어진 서부지법 난입 시위는 담당 판사를 직접 겨냥했다는 점에서 법치와 민주주의에 대한 심각한 위협이었다. 천대엽 법원행정처장은 20일 국회에 나와 “시위자들이 7층 판사실 중 유독 영장판사 방만 의도적으로 들어간 흔적이 있다”고 말했다. 경찰은 난동 사태로 체포한 90명 중 66명에 대해 구속영장을 신청했다. ..,https://www.chosun.com/opinion/editorial/2025/01/21/KBOF2C5YYNHZ3GUZOO5YKBLUBI/?utm_source=bigkinds&utm_medium=original&utm_campaign=news,
01100801.20250121002113001,20250121,조선일보,조선일보,[사설] 법원이 법원 난입 사태에 생각해야 할 것,사회>사건_사고, 정치>국회_정당, 정치>청와대,범죄>기업범죄>횡령,,,"황운하,노무현,윤미향,문재인,전,조국,윤석열,이재명",,"정부,민주당,청와대,조국혁신당,우리법,서울서부지법,재판부,법원,대법원","법원,사태,법원,난입,생각,대법관들,회의,긴급,지지자들,윤석열,대통령,지지자,사건,서울,서부,지법,난입,법치주의,전면,부정,극단,행위,일상화,우리나라,존립,나라,존립,법원,생각,조국,조국혁신당,대표,징역,확정,판결,5년,1심,재판부,실형,선고,법정,구속,국회의원,재판,혐의,후원금,횡령,기소,윤미향,의원,기소,2개월,당선,무효,징역형,확정,의원,임기,4년,법원,불의,청와대,문재인,정부,개입,울산,시장,선거,사건,기소,황운하,의원,선고,징역형,개월,판사,출신,15개월,본안,심리,진행,의원,임기,의원,판사들,재판,정치,정부,판사,노무현,혐의,대통령,부부,명예,훼손,기소,사건,징역,선고,법조,상식,극단,판결,판사,정치,편견,차례,인터넷,사람,결국,벌금형,감형,법원,정치,판사,주의,처분,대표,재판,이재명,민주당,대표,지지부진,대표,작전,재판,지연,법원,결과,대표,대선,출마,자체,TV,토론,거짓말,허위,공표,판결,이젠,국민,재판,진실,판사,성향,생각,불만,분노,난입,사태,배경,법원,생각","2개월,징역형,1심,재판부,윤석열,이재명,문재인,후원금,tv,거짓말,우리나라,일상화","대법관들이 20일 긴급 회의를 열고 윤석열 대통령 지지자들의 서울서부지법 난입 사건과 관련해 “법치주의에 대한 전면 부정”이라며 “이런 극단적 행위가 일상화될 경우 우리나라는 존립할 수 없다”고 했다. 그 말 그대로다. 이러면 나라가 존립할 수 없다. 하지만 법원도 생각해야 할 부분이 있다. 
 
조국 조국혁신당 전 대표는 징역 2년 확정 판결을 받기까..",https://www.chosun.com/opinion/editorial/2025/01/21/KBMH43F5FJDTPEY7TAFRIHHAJY/?utm_source=bigkinds&utm_medium=original&utm_campaign=news,
01100401.20250121232733001,20250121,동아일보,,[사설]“헌법 위에 저항권” 대놓고 사법 테러 선동 이게 제정신인가,정치>청와대, 국제>중남미, 국제>아시아,범죄>범죄일반>폭행, 사회>사회갈등>테러행위, 사회>사회갈등>시위,"권성동,석동현,윤석열,윤상현,검찰총장,김민전","무의,서울,선진","한나라당,입법부,집권당,경찰,민노총,서울서부지법,국회,법원,새누리당,대법원,사법부,국민의힘","헌법,저항권,선동,사법,테러,제정신,극우,법치,강조,과거,법치주의,최후,보루,법원,폭력,시위대,침탈,충격,사건,집권세력,경찰,발언,권영세,국민,비대위원장,폭력,민노총,경찰,시민,강경,경찰,비판,거대,야당,수사기관,권력,눈치,사법부,헌정질서,유린,장본인,주장,권성동,원내,대표,경찰,과잉,대응,규명,법치,강조,보수,정당,지도부,궤변,남불,종교인,극우,성향,헌법,국민저항권,수준,선동,행위,국민,폭력,시위대,지적,경찰,운운,강경,대응,양비론,태도,자체,법치주의,부정,선진국,법원,시위대,습격,경찰,대응,상상,엄단,불법,폭력,시위,강조,정체,국민,한나라당,새누리당,시절,민노총,폭력시위,엄단,주문,반대편,불법,엄벌,요구,불법,분노,이해,이중잣대,동의,무책임,윤석열,대통령,폭력,난입,사태,옥중,입장문,표현,평화,의사,강조,분노,심정,이해,대통령,검찰,총장,출신,따름,대통령,선동,발언,행위,사법부,침탈,측면,불법,파업,세력,이권,카르텔,규정,폭력,굴복,악순환,반복,대통령,대통령,여당,지도부,윤상현,김민전,의원들,무분별,발언,행동,정도,검사장,석동현,변호사,발언,우파,장점,약점,민노총,경찰차,감내,저항권,행사,자신,현직,대통령,변호,사실,선동,외신기자들,집행,대통령,체포영장,내전,대통령,변호인,강성,발언,반복,집권세력,지적,서울서부지법,폭력,2030청년,포함,90명,체포,정치,지도자,제시,대법원,긴급회의,서울,서부,지법,침탈,마지막,공격,헌법,기관,연쇄,시작,곤란,표명,대통령,집권당,책임의식,시위대,난동,사법부,테러,대통령,무장병력,국회,입법부,유린,집권,세력,분노,이해,운운,시위대,경찰,책망,태도,행위,옹호,제어,정당,상식적,국민,지지,불법적,폭력,극단,세력,절연,모습","시위대,사법부,민노총,지도부,법치주의,서울서부지법,폭력시위,권성동,집권세력,저항권,체포영장,서울,지도자,의원들","법치주의의 최후 보루인 법원이 폭력 시위대에 침탈당하는 충격적 사건이 벌어졌는데도 집권세력이 오히려 경찰을 문제 삼는 듯한 발언을 내놓고 있다. 권영세 국민의힘 비대위원장은 20일 “폭력은 정당화할 수 없다”면서도 “민노총 앞에서 순한 양이던 경찰이 시민에게 한없이 강경했다”며 경찰을 비판했다. 또 “거대 야당에 줄 선 수사기관, 권력의 눈치를 보는 비..",https://www.donga.com/news/Opinion/article/all/20250120/130900542/2,
01101001.20250120183002001,20250120,한겨레,한겨레,"[사설] 김성훈 경호차장 복귀, 범법 혐의자가 경호 지휘하나",사회>사건_사고, 정치>청와대,,,,,"김,김성훈,이광우,이,김신,윤석열,김건희,최상목,강경파",,"동원,검찰,대통령경호처,국군,경찰,서울구치소,경찰청,국가수사본부,법원,경호처,서울서부지검","복귀,김성훈,경호,차장,범법,혐의자,경호,지휘,윤석열,대통령,체포영장,집행,방해,혐의,특수공무집행방해,차장,김성훈,대통령,경호처,경호처장,직무대행,경찰,업무,복귀,증거인멸,범법,혐의자,업무,지휘봉,상황,납득,12,수사,특별수사단,경찰청,국가,수사본부,특별,수사단,18일,차장,구속영장,신청,서울서부지검,차장,경찰,자진출석,재범,법원,구속영장,청구,차장,업무,복귀,대통령,구속수감,서울구치소,경호,지휘,차장,체포,대통령,저지,혐의,이광우,경호본부장,석방,검찰,구속,영장,반려,이해,차장,대통령실,비화폰,서버,관리자,대통령,지시,국군방첩사령관,수도방위사령관,특수전사령관,기록,비화폰,통화,진술,경찰,확보,검찰,영장,반려,차장,본부장,김신,가족부장,3인,경호처,강경파,휴대전화,소지,경찰,출석,구치소,대통령,관저,김건희,여사,가까이,경호,증거인멸,차장,체포,저지,명령,직원들,구두,직무,배제,지시,인사,보복,예고,상태,경호처,직원,복귀,차장,불안,호소,부당,명령,지휘관,집행,직원들,불이익,차장,경호처,직원,파티,대통령,부부,생일,동원,대통령,공직,윤석열,부부,개인,충성,인물,집행,체포,영장,대통령,경호처,부장단,오찬,차장,진술,경찰,확보,집행,합법,영장,무력,충돌,불사,위험,인물,활보,검찰,차장,혐의,중대성,증거인멸,주목,의지,경호처장,인사,권한대행,최상목,대통령,권한,대행,차장,직위해제,법치,본보기,경호처,정상화","경호처,김성훈,경호처장,비화폰,구속영장,윤석열,경찰청,사령관,증거인멸,직원들,강경파,관리자,최상목,대통령실,범법,혐의자,체포영장","윤석열 대통령 체포영장 집행을 방해한 혐의(특수공무집행방해)를 받는 김성훈 대통령경호처 차장(경호처장 직무대행)이 경찰에서 풀려나 업무에 복귀했다. 증거인멸 우려가 높은 범법 혐의자가 버젓이 업무 지휘봉을 잡고 있는 상황을 납득하기 어렵다.
12 3 내란사태를 수사 중인 경찰청 국가수사본부 특별수사단은 지난 18일 김 차장에 대한 구속영장을 신청했으나,..",http://www.hani.co.kr/arti/opinion/editorial/1178887.html,
01101001.20250120181008001,20250120,한겨레,한겨레,"[사설] 다시 있어선 안될 법원 습격, 배후까지 밝혀 엄벌해야",사회>사건_사고, 정치>행정_자치, 정치>청와대,범죄>범죄일반>폭행, 사회>사회갈등>반란_혁명_폭동,,"권영세,차은경,전광훈,윤석열,권성동",,"민주당,서울서부지방법원,법원행정처장,국회,서울서부지법,사랑제일교회,법원,사법부,국민의힘","법원,습격,배후,엄벌,19일,서울서부지방법원,습격,폭도들,경찰,일반,시민,폭행,법원,출입문,유리창,사무실,집기,외벽,무차별적,파괴,대통령,피의자,윤석열,구속영장,발부,판사,집단,공격,천대엽,법원,행정처장,긴급현안질의,국회,긴급,현안,질의,폭도들,서울서부지법,7층,확인,판사실,영장판사,의도적,파손,흔적,영장판사,사무실,추측,영장,발부,퇴근,차은경,판사,만일,사무실,조금,생각,이날,습격,영장,발부,흥분,시위대,군중,자극,우발적,현장,지휘,장면,포착,관제실,폐회로텔레비전,CCTV,서버,랜선,증거,인멸,행위,조직적,행동,의혹,제기,60~70대,평소,탄핵,반대,집회,이날,폭력,주도,청년,경찰,지시,경로,폭동,가담,배후,국민,저항,운운,폭력,선동,목사,전광훈,사랑,제일교회,엄벌,헌법기관,법원,직접적,사태,집단,폭력,국민,양비론,사실,폭도,비호,권영세,국민,비상대책위원장,민주당,언론,시민,분노,원인,폭도,낙인,엄벌,으름장,주장,권성동,원내,대표,경찰,경고,법원,난입,현장,폭력,책임,시위대,일방적,상황,정치,목적,내란,대통령,옹호,사법부,집단,테러,폭도들,사법,인정,사회,지탱,법치,민주주의,알베르,카뮈,범죄,범죄,용기,사법부,침탈,관용","사무실,폭도들,전광훈,시위대,사법부,권성동,7층,서울,천대엽,피의자,윤석열,판사실,영장판사,폐회로텔레비전,관제실,서울서부지방법원,랜선,민주주의,위원장,알베르,민주당","지난 19일 새벽 서울서부지방법원을 습격한 폭도들은 경찰과 기자, 일반 시민까지 폭행했고, 법원 출입문과 유리창, 사무실 집기와 외벽을 무차별적으로 파괴했다. 특히 내란 피의자 윤석열 대통령의 구속영장을 발부한 판사를 찾아내 집단 공격하려고 했다.
천대엽 법원행정처장은 20일 국회 긴급현안질의에서 “(폭도들이 서울서부지법) 7층까지 올라간 것으로 확인되..",http://www.hani.co.kr/arti/opinion/editorial/1178882.html,
01100901.20250120005234001,20250120,중앙일보,,"[사설] 윤 대통령 구속, 후진적 권력구조 개편 논의로 이어져야",정치>청와대, 정치>국회_정당,,,,,"권한,윤석열,이재명","망상,다원,한국,비상계엄","정부,민주당,청와대,더불어민주당,반정부,서울서부지법,국회,비상계엄,법원,사법부","구속,대통령,후진,권력,구조,개편,논의,개인,책임,추궁,역사,발전,대통령,권력,집중,윤석열,대통령,결국,구속,한국,구속,전직,대통령,구속,현직,대통령,사상,세계,국가,유례,구속,현직,대통령,정파,한국,정치,비극,한국,정치,지경,대통령,구속,본인,비상계엄,사태,응보,應報,대통령,서울서부지법,영장실질심사,출석,비상계엄,대통령,권한,내란,강변,판사,사법,절차,구속,영장,발부,의미,대통령,혐의,기소,법원,판단,기류,예상,대목,구속,대통령,비상계엄,사태,구속,인사,11명,계엄,핵심,멤버,사법,사법부,판결,사태,관련자,처벌,역사,발전,비상계엄,대통령,망상,주변,견제,정권,파국,제왕,대통령,비상계엄,6시간,종료,망정,국회,봉쇄,성공,국민,세상,극단,사례,오래전,한국,정치,집중,대통령,권력,폐해,대통령,공천,사실,좌우,여당,의원,청와대,거수기,전락,대통령,개인,친분,권력,공적,무력화,실세,정권,좌지우지,대선,사표,死票,발생,권력,소외,야당,임기,투쟁,몰두,여소야대,대통령,권력,국회,권력,충돌,국정,마비,더불어민주당,윤석열,정부,29번,탄핵안,발의,13건,본회의,통과,대통령,대통령,대행,도합,거부권,행사,독식,승자,대통령제,작동,신호,정치,양극,사회,갈등,양당,정치,폐단,대통령,대표,이재명,민주당,사람,중도파,목소리,구축,다원,정치,체제,사회,건강,대통령,사법처리,개인,책임,비상계엄,사태,한국,정치,근본,모순,환기,체계,헌법,재검토,요구,권력,구조,개편,머리","한국,비상계엄,윤석열,대통령제,도합,민주당,이재명","━
 개인 법적 책임 추궁에 그치면 역사 발전 없어 
 
 ━
 대통령에게 권력이 집중되는 시스템 바꿀 때 
 어제 새벽에 윤석열 대통령이 결국 구속됐다. 한국에서 전직 대통령 구속은 네 번 있었지만, 현직 대통령 구속은 사상 처음이다. 제3세계 저개발국가에서도 유례를 찾기 힘든 현직 대통령 구속은 정파를 떠나 한국 정치 전체의 비극이 아닐 수 없다. ..",https://www.joongang.co.kr/article/25308626,
01100901.20250120005128001,20250120,중앙일보,,[사설] 초유의 법원 난입 난동 ‘무관용 원칙’으로 엄단을,사회>사건_사고, 국제>중남미, 정치>청와대,범죄>범죄일반>폭행, 사회>사회갈등>시위,,"윤,노종면,윤석열,윤상현",대한민국,"시위,변호인단,헌법재판소,경찰,더불어민주당,서울서부지법,자유민주,(대법관)법원행정처장,법원,국민의힘","초유,법원,난입,난동,무관용,원칙,엄단을,사태,서울,서부,지법,폭력,민주주,정면,도전,수사,처벌,정치권,선동,윤석열,대통령,지지자,자처,시위,군중,법원,건물,난입,유리창,집기,난동,초유,사태,발생,대통령,구속영장,발부,서울서부지법,시위대,위협적,욕설,판사,영장,발부,이름,집무실,판사,개인,시위대,난동,저지,경찰관,법원,난입,난동,법치주의,전면,부정,행위,용납,민주주의,법치주의,자리,후진국,사태,대한민국,현실,참담,비통,심정,자유,민주주의,체제,법원,법치주의,수호,최후,보루,법원,공격,시위대,자유민주주의,정면,부정,천대엽,법원행정처장,현장,서울,서부,지법,피해,국민,여론,분열,상황,헌법,사법절차,우리나라,강조,헌법,사법,절차,준수,법치주의,기본,원칙,원칙,무시,폭력,반국가세력,자유민주주의,정치인,시위대,폭주,선동,태도,유감,의원,노종면,더불어민주당,의원,윤상현,국민의힘,법원,담장,경찰,체포,17명,경찰,관계자,얘기,훈방,영상,공개,국회의원,불법행위,선동,사실,법적,정치적,책임,지지자들,메시지,대통령,책임감,대통령,변호인단,평화적,방법,의사,표현,당부,만시지탄,경찰,그제,현장,이틀간,87명,현행범,체포,수사,추가,법원,난동,배후,선동자,조사,서부지법,탄핵심판,대통령,탄핵,심판,진행,헌법재판소,형사재판,진행,법원,공격,당국,철저,대비,조치,경찰,기관,체계,대한민국,사법,유린,철저,수사,원칙,책임","시위대,법치주의,서울서부지법,대한민국,민주주의,자유민주주의,지지자,서울,천대엽,이틀간,노종면,더불어민주당,윤상현,사법절차,국민의힘,국회의원,훈방,불법행위,형사재판,선동자,참담,재판소,서부지법,우리나라","━
 서울서부지법 폭력 사태, 민주주의 정면 도전 
 
 ━
 엄중한 수사 처벌 필요 정치권도 선동 멈춰야 
 윤석열 대통령의 지지자를 자처한 시위 군중이 법원 건물 안으로 난입해 유리창과 집기를 부수며 난동을 부린 초유의 사태가 발생했다. 어제 오전 윤 대통령의 구속영장을 발부한 서울서부지법에서 있었던 일이다. 일부 시위대는 위협적인 욕설과 함께 영장..",https://www.joongang.co.kr/article/25308625,
01100801.20250120003118001,20250120,조선일보,조선일보,[사설] 대통령 탄핵 체포에서 구속까지 이어진 초유의 사태,정치>청와대, 사회>사건_사고, 정치>행정_자치,범죄>범죄일반>폭행,,,"윤석열,공명정대","임해,비상계엄,대치,대통령 관저","계엄군,고위공직자범죄수사처,공수처,헌법재판소,국회,대한민국,비상계엄,법원,경호처","대통령,탄핵,체포,구속,초유,사태,윤석열,대통령,내란,직권남용,혐의,구속,현직,대통령,탄핵소추,체포,구속,사상,비상계엄,구속,47일,국민,초유,사태,목격,헬기,계엄,당일,도착,계엄군,국회,유리창,진입,본회의장,바리케이드,보좌진,대치,계엄,해제,수사기관들,대통령,측근들,수사,경쟁적,고위공직자범죄수사처,공수처,경찰,체포조,대통령,관저,국가기관,경호처,버스,차벽,사이,장시간,대치,황망,참담,장면들,그동안,대한민국,국격,훼손,불행,사태,야기,혼란,시일,정리,공수처,수사기관,정치,중립,의심,처신,증거,법리,근거,수사,헌법재판소,법원,사태,현직,대통령,구속,사법기관,수사,판결,완전,신뢰,사실,대통령,자신,주장,비상계엄,입증,수사,재판,대통령,구속,불행,점철,대통령사,얼룩,상대,극한,대립,정쟁,사태,정치권,정치적,이용,불행,논의,비상계엄,선포,47일,수습,정치,분열,체계,부실,야당,국정,정치,득실,탄핵,반성,출범,공수처,졸속,검수완박,수사,혼선,정리,노력,여당,부정선거론,동조,증거,제시,서부지법,난동,폭력,사태,방지,경제,외교,한목소리,위기,극복,대한민국,국운,좌우","공수처,비상계엄,대한민국,본회의장,한목소리,부정선거론,장면들,공직자,고위공직자범죄수사처,유리창,차벽,계엄군,참담,서부지법,대통령사,그동안,재판소,직권남용,바리케이드,보좌진,국격,검수완박,수사처,국가기관,경호처,경쟁적,헌법재판소,수사기관들,체포조,사법기관,측근들",윤석열 대통령이 19일 내란과 직권남용 등의 혐의로 구속됐다. 현직 대통령이 탄핵소추와 체포를 당한 데 이어 구속까지 된 것은 사상 처음 있는 일이다. 비상계엄부터 구속까지 47일 동안 우리 국민은 ‘초유’의 사태를 여러 번 목격해야 했다. 계엄 당일 헬기를 타고 도착한 계엄군은 국회 유리창을 깨고 진입해 본회의장 앞에 바리케이드를 친 보좌진과 대치했다..,https://www.chosun.com/opinion/editorial/2025/01/20/MEBCQVLXXVF5HF6CD4O45XFTFM/?utm_source=bigkinds&utm_medium=original&utm_campaign=news,
01100801.20250120002555001,20250120,조선일보,조선일보,"[사설] “野 대표라서” 불구속한다던 법원, 대통령에겐 “증거인멸 염려”",사회>사건_사고, 정치>청와대, 정치>국회_정당,,,,"차은경,조국,윤석열,이재명","대장동,野","민주당,서울중앙지법,공수처,헌법재판소,서울서부지법,국회,법원,대법원,사법부","대표,불구속,법원,대통령,증거,인멸,염려,윤석열,대통령,구속영장,발부,부장판사,서울,서부,지법,차은경,부장,판사,구속,사유,피의자,증거,인멸,염려,15자,심사,보통,구속,영장,범죄,혐의,소명,증거,인멸,도주,판단,근거,제시,헌법재판소,탄핵심판,영향,현직,대통령,구속영장,발부,법원,사유,15자,증거,인멸,걱정,도주,여부,범죄,소명,설명,대통령,압수,수색,소환,불응,혐의,전면,부인,증거,인멸,판단,근거,추정,법원,유력,정치인,피의자들,구속영장,발부,기각,비교,형평성,제기,법원,야당,동의,동의안,국회,체포,동의,통과,대표,민주당,이재명,영장,기각,조국,대표,실형,선고,법정,구속,총선,출마,당선,비교,현직,대통령,구속,법원,사유,구속,공정,논란,야기,대표,영장,기각,판사,사유,영장,기각,분량,설명,판사,피의자,방어,보장,정도,정도,증거,인멸,염려,종합,수사,원칙,배제,정도,구속,사유,필요성,정당,현직,대표,감시,비판,대상,감안,사유,야당,대표,정치,배경,사유,법원,현직,대통령,원칙,적용,설명,체포영장,서울중앙지법,서울서부지법,청구,영장,쇼핑,논란,공수처,구속영장,서부지법,청구,영장심사,주말,심사,대통령,영장,영장,전담,판사,당직법관,주말,근무,당직,법관,사건,과거,주말,영장판사들,전례,비교,납득,국민,시선,이재명,대표,선거법,위증교사,대장동,사건,대북,송금,법원,1심,징역,집행,유예,선고,선거법,사건,2심,판결,공정,재판,지연,논란,대선,사법부,감당,상황","불구속,피의자,구속영장,15자,서울서부지법,차은경,선거법,2심,이재명,필요성,서울","윤석열 대통령에게 구속영장을 발부한 서울서부지법 차은경 부장판사가 밝힌 구속 필요 사유는 “피의자가 증거를 인멸할 염려가 있음” 15자가 전부였다. 보통 구속영장 심사에서는 범죄 혐의가 소명되는지, 증거 인멸이나 도주의 우려에 대한 판단 근거와 이유가 제시된다. 그러나 헌법재판소의 탄핵심판에 막대한 영향을 줄 수 있는 현직 대통령의 구속영장을 발부하며 ..",https://www.chosun.com/opinion/editorial/2025/01/20/MKWKLWYYH5F5TFIFJ43WEPANVQ/?utm_source=bigkinds&utm_medium=original&utm_campaign=news,
01101101.20250120001114001,20250120,한국일보,,[사설] 무법천지 된 법원...윤 대통령 여당 책임 없나,사회>사건_사고, 국제>중남미, 정치>청와대,범죄>범죄일반>폭행, 사회>사회갈등>시위, 사회>사회갈등>반란_혁명_폭동,"장지연,윤,윤석열,윤상현,김민전,도널드 트럼프",,"서부지법,변호인단,서울서부지방법원,검찰,경찰,일제,법원,국민의힘","무법천지,법원,대통령,여당,책임,윤석열,대통령,현직,대통령,구속,극렬,지지자,영장,발부,서울서부지방법원,습격,경찰,저지,법원,난입,시위대,경찰관,폭행,유리창,집기,마구잡이,법원,순식간,무법천지,이날,3시,소식,대통령,구속,영장,발부,서부지법,시위,지지자들,극도,격분,법원,난입,시위대,경찰,방패,청사,유리창,벽체,파손,소화기,사방,난사,영장,발부,판사,이름,법원,청사,아수라장,외신들,2021년,현직,대통령,지지자들,도널드,트럼프,지지자,대선,결과,불복,의회,난동,사태,소환,폭도,대통령,여당,책임,대통령,계엄,사법시스템,부정,메시지,지지자,선동,체포,위기,입장문,체포,계엄,선포,국민,청년들,주권자,권리,책임,의식,자필,원고,공개,구속,변호인단,구속,입장문,제목,시일야방성대곡,是日也放聲大哭,선동,극치,범죄,애국운동,장지연,일제,외교권,박탈,을사,늑약,체결,비분강개,인용,논설,제목,반등,지지율,국민,독재,상징,백골단,소환,김민전,의원,법원,젊은이들,훈방,윤상현,의원,격려,폭력,권성동,원내,대표,정작,폭동,책임,경찰,법원,법원,폭동,법치주의,사법체계,전면,부정,중대,범죄,법치,복원,양극단,정치,지형,국정,지도자,정치인들,행동,절제,폭력,기승,검찰,경찰,불상사,발생,구속,가담자,전원,수사,처벌","지지자,지지자들,유리창,입장문,권성동,지지율,시위대,가담자,무법천지,도널드,지도자,정치인들,외교권,장지연,정치인,양극단,소화기,훈방,주권자,외신들","윤석열 대통령이 현직 대통령 최초로 구속된 어제 새벽 극렬 지지자들이 영장을 발부한 서울서부지방법원을 습격했다. 경찰 저지를 뚫고 법원에 난입한 시위대는 경찰관을 폭행하고 유리창을 깨고 집기를 마구잡이로 부쉈다. 법원은 순식간에 무법천지가 됐다.
이날 새벽 3시께 윤 대통령 구속영장 발부 소식이 전해지자 서부지법을 둘러싸고 시위를 벌이던 지지자들은 극도..",https://www.hankookilbo.com/News/Read/A2025011915150004608,
01101101.20250120001113001,20250120,한국일보,,[사설] '사필귀정' 윤 구속... 엄정 수사로 헌정질서 회복 초석을,정치>청와대, 국제>중남미, 정치>행정_자치,,,,"진영,윤석열,검찰총장",12·3 비상계엄,"동원,고위공직자범죄수사처,공수처,검찰,헌법재판소,대국,법원","사필귀정,구속,수사,초석을,헌정,질서,회복,윤석열,대통령,12,우두머리,혐의,구속,현직,대통령,구속,헌정사상,법원,현직,대통령,구속,수사,판단,만큼,대통령,만큼,혐의,대통령,퇴임,사법,처리,전례,대통령,구속,나라,불행,위헌,위법,계엄,선포,헌정,질서,유린,혐의,수사,불응,행위,법치주의,무시,감안,사필귀정,대통령,계엄,대국민담화,계엄,대국민,담화,법적,정치적,책임,회피,약속,고위공직자범죄수사처,검찰,출석,요구,차례,불응,공수처,내란죄,수사,체포영장,효력,자체,부인,경호처,동원,영장,집행,저지,검찰,총장,출신,국가,지도자,사법,절차,자체,부정,군림,모습,국민,충격,이젠,공수처,검찰,대통령,구속,상태,기소,최장,수사,기관,사전,협의,열흘씩,대통령,기소권,공수처,기소권,검찰,이첩,힘겨루기,헌정,질서,회복,일련,행위,헌정,질서,파괴,수사,수사,주도,불필요,논란,정국,가중,사실,명심,현직,대통령,구속,국가,불행,반복,정치권,사태,불법,계엄,개인,대통령,여야,대화,여야,협상,실종,정치,실패,결과,구속,대통령,여야,상대,진영,구태,계엄,정국,혼란,대외,신인,하락,정치,경제,해소,여야,대통령,수사,탄핵심판,수사기관,헌법재판소,사법,영역,갈등,조정,해소,정치,역할,충실,계엄,사태,상처,민심,첫걸음","공수처,지도자,만큼,진영,내란죄,비상계엄,법치주의,사필귀정,기소권","윤석열 대통령이 어제 12 3 비상계엄 선포에 따른 내란 우두머리 혐의 등으로 구속됐다. 현직 대통령의 구속은 헌정사상 처음이다. 법원이 현직 대통령을 구속 수사해야 한다고 판단할 만큼 윤 대통령의 혐의가 엄중하다고 본 것이다. 
이제껏 네 명의 대통령이 퇴임 후 사법 처리됐던 전례에 이어, 윤 대통령의 구속은 나라의 불행이다. 그러나 위헌 위법한 계엄..",https://www.hankookilbo.com/News/Read/A2025011911530004132,
01100401.20250120233047001,20250120,동아일보,,[사설]법원 난동과 헌재 월담 2025년 서울 복판서 벌어진 일 맞나,정치>청와대, 국제>중남미, 국제>아시아,범죄>범죄일반>폭행, 사회>사회갈등>시위,,"윤,김재원,윤석열,윤상현","서울,한국,무산,대치","서부지법,공수처,서울서부지방법원,헌법재판소,경찰,헌재,서울서부지법,국회,비상계엄,법원,시위대,신흥","법원,난동,헌재,월담,복판,서울,초유,헌정,사상,사법테러,책임,19일,서울서부지방법원,윤석열,대통령,구속영장,발부,법원,지지자들,법원,청사,침입,난동,사태,법치주의,최후,보루,법원,습격,헌정사상,이날,시위대,심리,대통령,탄핵,진행,헌법재판소,시위,3명,헌재,경찰,체포,이날,서울,서부,지법,폭력,사태,모범적,국가,신흥,민주주의,수도,정도,충격적,이날,3시,소식,대통령,구속,영장,발부,대통령,지지자,경찰,장비,현장,철제,집기,소화기,법원,유리창,외벽,법원,청사,폭력,시위대,저지,경찰,부상,공수처,수사관,구타,취재진,폭력,경찰,시위대,진압,3시간,서부지법,무법지대,폭력,시위대,영장,판사,법원,난입,판사실,7층,수색,사무실,판사,봉변,후진국,세계,정치,법원,판사,겨냥,폭력,안전,도시,서울,목격,현장,극우,유튜버,국민,저항,운운,폭력,시위대,선동,법치주의,부정,범죄,법원,난동,물론,폭력,선동,조사,책임,폭력,사태,책임감,사람,대통령,대통령,관저,농성,지지자,애국,시민,애국심,운운,집단,행동,비판,이날,옥중,입장문,분노,심정,이해,평화적,방법,의사,표현,경찰,강경,대응,관용,자세,요구,공권력,도전,불법,시위,강경,대응,지시,대통령,여당,폭력,사태,규탄,폭력,책임,시위대,일방적,상황,경찰,과잉,대응,윤상현,의원,하루,폭력,사태,서부,지법,담장,체포,시위대,언급,훈방,애국시민,감사,김재원,최고위원,폭력,사태,거병,아스팔트,십자군,전사,경의,집권,여당,정치인들,지지자들,불법,행위,면죄부,선동,정치,책임,외신,사태,법원,난동,긴급,달여,비상계엄,국회,신속,결의,무산,한국,민주주의,회복력,긍정,평가,외신들,집행,대통령,체포영장,공권력,대치,사태,법원,테러,국가,위신,대외,신인도,추락,옥중,메시지,지지자들,무책임,선동,대통령,대통령,무분별,여당,나라,물리,충돌,혼란","시위대,서울,지지자,지지자들,민주주의,서부지법,공권력,법치주의,구속영장,십자군,공수처,신흥,후진국,체포영장",19일 새벽 서울서부지방법원에서 윤석열 대통령에 대한 구속영장이 발부되자 법원 앞에 모여 있던 지지자들이 법원 청사로 침입해 난동을 부리는 사태가 벌어졌다. 법치주의 최후의 보루인 법원 습격은 헌정사상 처음 있는 일이다. 이날 오후 시위대는 대통령 탄핵 심리를 진행 중인 헌법재판소 앞으로 몰려가 시위를 이어갔는데 이 중 3명이 헌재 담을 넘다 경찰에 체..,https://www.donga.com/news/Opinion/article/all/20250119/130892810/2,
01100401.20250120232834001,20250120,동아일보,,[사설]한달 새 11전11패 반성 없이 절차 탓만 하다 구속된 尹,정치>청와대,,,,,,"차은경,윤,윤석열,검찰총장","안중,비상계엄","변호인단,검경,국회,소추위,법원,서부지법,서울중앙지법,공수처,헌법재판소,서울구치소,중앙지법,서울서부지법,헌재,국민의힘","11전,반성,절차,구속,이젠,대통령,갈등,윤석열,대통령,서울구치소,구속,수감,판사,서울,서부,지법,차은경,대통령,공수처,양측,진술,8시간,검토,3시,구속영장,발부,공수처,비상계엄,선포,후속조치,국헌,문란,목적,폭동,주장,공수처,수사,거부,대통령,법정,계엄,발령,배경,40분,진술,현직,대통령,구속,대통령,반응,실망,무장병력,국회,투입,탄핵소추,구속,한마디,변호인단,법치,대통령실,야당,헌정,문란,비상조치,국민,사과,계엄,당위성,주장,대통령,상대,체포,구속영장,청구,발부,형사사법제도,적법,진행,대통령,최고,권력,지위,존재,대통령,자신,대통령,제도,존중,현실,대통령,공수처,수사,헌법재판소,탄핵,심판,사실,불응,거부,일관,사람,검찰,총장,출신,법률가,대통령,계엄,저지,정치,책임,회피,행동,대통령,변호인단,총동원,서울중앙지법,서부지법,5번,헌재,6번,11차례,대통령,주장,상반,결과,서부지법,체포영장,발부,이의신청,기각,영장,구속영장,발부,중앙지법,체포적부심,기각,포함,대통령,헌재,대통령,우편,인편,전자,방식,최소,차례,서류,접수,거부,헌재,송달,간주,헌재,신청,변론,준비,기일,연기,불허,정계선,헌법,재판관,기피,신청,기각,헌재,5차례,변론기일,지정,부당,이의신청,기각,요구,변론,기일,변경,거절,검경,수사기록,헌재,송부,이의신청,헌재,규정,기각,대통령,대통령,자기방어권,주장,사이,11번,결과,대통령,절차,시비,의미,국민들,대통령,계엄,준비,실행,핵심,결정,공수처,탄핵,소추,위원,질문,장면,대통령,태도,대통령,비상계엄,대통령,포기,모습,관저,관저,시위대,애국시민,비상계엄,민주주,훼손,국민,안중,체포도,회피,수사,거부,대통령,법원,헌재,최종,판단,승복,태도,거리,대통령,취임식,헌법,준수,직책,수행,선서,약속,시절,탄핵,위기,구속,마당,국민,헌법,다짐,책무,사회,갈등,사법,절차,존중","공수처,비상계엄,변론기일,이의신청,서부지법,변호인단,11차례,정계선,차은경,구속영장,시위대,시간date,서울구치소,취임식","윤석열 대통령이 19일 서울구치소에 구속 수감됐다. 서울서부지법 차은경 판사는 윤 대통령과 공수처 양측의 진술을 들은 뒤 8시간 넘게 검토한 끝에 오전 3시쯤 구속영장을 발부했다. 공수처는 “비상계엄 선포와 후속조치를 통해 국헌문란 목적의 폭동을 일으켰다”고 주장했고, 공수처 수사를 거부하던 윤 대통령도 법정에 직접 나와 계엄 발령의 배경을 40분 넘게..",https://www.donga.com/news/Opinion/article/all/20250119/130892812/2,
01101001.20250119184011001,20250119,한겨레,한겨레,"[사설] 사상 첫 현직 대통령 구속, 여권은 반성부터 해야",정치>청와대, 정치>국회_정당,,,,,"권영세,차은경,윤석열,권성동,이재명","망상,호도,비상계엄,대한민국","동원,변호인단,고위공직자범죄수사처,더불어민주당,서울서부지법,국회,사법부,선거관리위원회,국민의힘","사상,구속,현직,대통령,여권,반성,우두머리,혐의,윤석열,대통령,19일,구속,비상계엄,사태,헌법,법률,위반,수사,동원,국가,사법,우롱,결과,대통령,파괴,헌정,질서,공동,책임,여당,대통령실,공정,운운,사실,호도,부장판사,서울,서부,지법,차은경,영장,당직,부장,판사,이날,대통령,이날,구속영장,발부,피의자,증거,인멸,대통령,그간,수사,기관,조사,불응,석방,구속,기소,중요,임무,종사자,법정,증언,영향,고위공직자범죄수사처,부정,선거,확신범,대통령,유사,행위,반복,자신,불리,증언,인사들,보복,피력,변호인단,대통령,영장,발부,입장문,대통령,상태,직무,정지,영향력,행사,위치,주장,대통령,거짓말,궤변,수사,불응,그간,행태,사상,구속,현직,대통령,자초,대통령,지경,방치,국민,대통령실,책임,통감,야당,형평성,주장,사법부,몰두,권영세,국민,비상대책위원장,대표,이재명,더불어민주당,수사,거론,현직,대통령,구속,수사,잣대,야당,대표,적용,주장,권성동,원내,대표,국민,사법부,공정성,신뢰,지경,비애감,대통령실,정치인,형평성,결과,주장,동원,국회,침탈,부정,선거,망상,헌법기관,선거관리위원회,난입,광경,국민,목도,집권세력,국민,사과,야당,대통령,헌법,수호,의무,민주주의,대한민국,독재,시절,구속,회복,헌정,질서,시작,죄상,수사,재판,국민,대통령실,국민,배신,우두머리,피의자,모습,대통령,국민,심판대","대통령실,그간,피의자,공정성,사법부,확신범,차은경,권성동,이재명,형평성,더불어민주당,대한민국,공직자,민주주의,종사자,고위공직자범죄수사처,서울,위원회,인사들,집권세력,부장판사","내란 우두머리 혐의를 받고 있는 윤석열 대통령이 19일 새벽 구속됐다. 비상계엄 사태의 헌법 법률 위반은 물론, 수사 과정에서 온갖 ‘법 기술’을 동원해 국가의 사법 시스템을 우롱한 것을 고려하면 당연한 결과다. 하지만 윤 대통령의 헌정 질서 파괴에 공동 책임을 져야 할 여당과 대통령실은 공정성 운운하며 사실을 호도하고 있다.
서울서부지법 차은경 영장 ..",http://www.hani.co.kr/arti/opinion/editorial/1178707.html,
01101001.20250119183014003,20250119,한겨레,한겨레,"[사설] 법원 습격 난동, 윤석열의 거듭된 불복 선동이 빚었다",사회>사건_사고, 정치>청와대, 국제>중남미,범죄>범죄일반>폭행, 사회>사회갈등>시위,,"윤석열,이호영,최상목","중계,대한민국","비상대책위원회,긴급,동원,입법부,서울서부지방법원,유튜브,경찰청장,국회,경찰청,법원,사법부,국민의힘","법원,습격,난동,윤석열,불복,선동,윤석열,대통령,동원,국회,입법부,침탈,대통령,옹호,극우,시위대,법원,사법부,습격,법원,결정,마음,폭력,사회,지탱,법치,민주주의,행위,반사회적,사회,지탱,용인,대통령,국민,사태,책임,자들,반성,12,사회,기로,19일,3시,대통령,구속영장,발부,소식,서울서부지방법원,지지자,법원,난입,창문,집기,판사,영장,발부,법원,무법천지,폭도,시위대,공무집행방해,기물,파손,혐의,연행,권한대행,최상목,대통령,권한,대행,원칙,수사,경찰청,지시,직무대행,이호영,경찰청장,직무,대행,폭력,시위,배후,철저,수사,시위대,시위,경찰,법원,습격,이래,대한민국,건국,처벌,반복,사회,근간,수사,엄벌,사태,책임,대통령,물론,대통령,12,수사,기관,조사,불응,법원,합법,영장,불법,관저,농성,사법부,무시,전략,일관,극우,시위대,유튜브,법치,무시,행위,폭력,사태,여론,악화,조짐,대통령,입장문,평화적,방법,의사,표현,당부,태도,분노,심정,이해,경찰,관용,자세,사태,폭력,시위대,모습,사태,자신,촉발,책임감,국민의힘,이날,회의,긴급,비상,대책,위원회,폭력,경찰,과잉,대응,진상규명,주장,국민,시위대,극우,폭력,민주,대중,정당,행세,극우,유튜버,시위대,법원,난입,주도적,역할,한남동,관저,시위,중계방송,선동,발언,수위,난동,결국,법원,극우,유튜브,사회,물리,위협,폭력,선동,수사,진행","시위대,사법부,윤석열,유튜브,이호영,경찰청장,대한민국,최상목,한남동,진상규명,책임감,국민의힘,서울,서울서부지방법원,입법부","선을 넘었다. 윤석열 대통령은 군을 동원해 국회(입법부)를 침탈했고, 윤 대통령을 옹호하는 극우 시위대는 법원(사법부)을 습격했다. 법원의 결정이 마음에 안 든다고 폭력을 쓰는 것은 우리 사회를 지탱하는 ‘법치’와 ‘민주주의’를 완전히 허무는 행위로, 반사회적이다. 우리 사회를 지탱하기 위해서도 절대 용인해선 안 될 일이다. 윤 대통령과 국민의힘 등 이..",http://www.hani.co.kr/arti/opinion/editorial/1178706.html,
01100101.20250119182128001,20250119,경향신문,,[사설] 내란 수괴 윤석열 구속은 사필귀정이다,정치>청와대, 사회>사건_사고, 정치>행정_자치,,,,"차은경,윤석열,최상목,이재명",,"변호인단,공수처,더불어민주당,12·3 비상계엄,서울서부지법,헌재,법원,국민의힘","내란,수괴,윤석열,구속,사필귀정,12,대통령,윤석열,19일,구속,윤석열,구속영장실질심사,발버둥,헌정사,초유,현직,대통령,구속,오명,부장판사,서울,서부,지법,차은경,부장,판사,영장,발부,염려,증거,인멸,수사,탄핵심판,회피,국민,선동,범죄자,판단,최고,권력자,예외,수괴,구속,사필귀정,내란,외환,면책,현직,대통령,헌법,지위,감안,법원,영장,발부,12,위법성,판단,의미,동시,윤석열,법치,부정,내란,현실,위험성,체포,영장,발부,체포적부심,기각,구속,법원,사법,판단,일관,윤석열,내란,혐의,소명,판단,헌재,탄핵심판,세력,망동,윤석열,구속,이날,공수처,수사,불응,변호인단,엉터리,구속,영장,발부,반발,대통령실,정치인들,형평성,결과,공정성,법치,부정,가세,대표,더불어민주당,이재명,겨냥,국사범,혐의,일반,형사,범죄,동일시,언어도단,국민,사죄,이날,극단,지지자,폭동,서부,지법,습격,비상사태,심산,국민,현직,대통령,구속,파장,의문,내란,가담,수하,구속기소,관저,경호관,인간방패,윤석열,국민,대통령직,운운,윤석열,구속,계기,세력,수사,단죄,속도,법원,습격,위험천만,망동,한시,권한대행,최상목,대통령,권한,대행,나라,생각,특검법,공포,정치권,국민,분열,이득,정략,시도,중단,국난,수습,전념,윤석열,구속,대다수,시민,마음","윤석열,차은경,이재명,더불어민주당,대다수,탄핵심판,부장판사,비상계엄,최상목,사필귀정,형평성,정치인,특검법,정치인들,동일시,인간방패,경호관","12 3 ‘내란 수괴’ 대통령 윤석열이 19일 새벽 구속됐다. 윤석열은 구속영장실질심사에 직접 나서면서 발버둥쳤지만, 헌정사상 초유의 현직 대통령 구속 오명은 피하지 못했다. 서울서부지법 차은경 부장판사는 영장을 발부하며 “증거 인멸 염려가 있다”고 했다. 수사와 탄핵심판을 모두 회피하고 “끝까지 국민과 함께 싸우겠다”고 선동한 범죄자에 대한 당연하고도..",https://www.khan.co.kr/article/202501191820001,
01100101.20250119181620001,20250119,경향신문,,"[사설] 미국 우선주의 더 강해질 ‘트럼프 2.0’, 도전을 기회로",정치>외교, 국제>미국_북미, 정치>청와대,,,,"문정인,윤석열,도널드 트럼프,최태원","한반도,미국,대중국,미,한국,한,북한","경향신문,정부,동북아,대한상공회의소,연세대,한국,주한미군","미국,우선주,트럼프,2.0,도전,기회로,당선인,도널드,트럼프,미국,대통령,20일,현지시간,취임식,번째,시작,공식,얼굴,사진,암시,트럼프,미국,우선주의,파고,예고,트럼프,취임,100일,세계,질서,정책,결정,한국,대통령,윤석열,초래,상태,지도부,공백,트럼프,2.0,트럼프,변화,1조,한국,부담,주한,미군,방위비,10배,공언,주한,미군,감축,위협,군사,훈련,축소,주한,미군,역할,대응,북한,위협,대중국용,조정,구상,병행,한국,대중국,견제,최첨병,한국,배제,북한,대화,가능,도전,요인,북한,사실,핵보유국,인정,1기,한국,흑자,대미,무역,부과,보편,관세,대미,투자,한국,기업,보조금,철회,변화,한국,대응,처지,대선,정치,기본,원칙,충실,중요,윤석열,탄핵,심판,마무리,상태,리더십,부재,여야,정부,대외정책,대화,타협,의견,노력,국회의장,대통령,권한,대행,여야,지도부,장기,논의,명예교수,문정인,연세대,명예,교수,경향신문,인터뷰,제안,미국,한반도,최악,시나리오,상정,동북아,다자,안보,구조,토론,회장,최태원,대한상공회의소,수출,주도,국가,경제,모델,내수,확대,논의,트럼프,2.0,저주,기회,결국,공동체","한국,미국,윤석열,지도부,대중국,방위비,미군,핵보유국,연세대,최태원,대한상공회의소,문정인,도널드","도널드 트럼프 미국 대통령 당선인이 20일(현지시간) 취임식을 갖고 두번째 임기를 시작한다. 그의 독해진 공식 얼굴사진이 암시하듯, 트럼프 2기는 더 강력한 ‘미국 우선주의’ 파고를 예고하고 있다. 트럼프는 취임 후 100일 동안 세계 질서를 바꿀 주요 정책을 결정할 것이라고 밝힌 바 있다. 불행히도 한국은 대통령 윤석열이 초래한 지도부 공백 상태로 ‘..",https://www.khan.co.kr/article/202501191815001,
01100101.20250118002044001,20250118,경향신문,,"[사설]‘외환죄 뺀 3자 추천’ 내란 특검법 국회 통과, 최상목 거부 말라",사회>사건_사고, 정치>청와대, 정치>국회_정당,,,,"권성동,윤석열,최상목","평양,말라,한국","민주당,야당,검찰,더불어민주당,정보,국회,고위공직자범죄,법원,공수처,서울서부지법,공조수사본부,국민의힘,공조본","외환죄,외환죄,추천,통과,특검법,국회,말라,거부,12,규명,특검법,더불어민주당,야당,주도,국회,본회의,통과,재석,찬성,반대,국민,표결,참여,반대표,특검법,추천권,특검,후보,추천,제3자,대법원장,수사,대상,선전,선동,외환,혐의,제외,국민,요구,수용,수정안,권한대행,최상목,대통령,권한,대행,특검,즉시,공포,특검,우두머리,대통령,윤석열,일당,유린,헌정,질서,단죄,중심축,민주당,국민의힘,이날,차례,특검,쟁점,협의,최종,결렬,민주당,국민,협상,요구,특검안,수정,수사,대상,국민,종북,이적,특검법,반대,내란,선전,선동,외환,혐의,삭제,5개,압축,사건,수사,가능,특검,규모,90명,75명,기간,최장,100일,단축,특검,추천,야당안,대법원장,2명,추천,대통령,임명,수사,브리핑,언론,허용,압수,군사,기밀,시설,수색,브리핑,제외,혐의,외환,유치,수사,대상,명시적,유감,평양,침투,의혹,검토,오물,풍선,원점,타격,정보사,인민군복,구입,계엄,북풍,공작,의혹,연관,정상화,형태,규명,국민,특검법,몽니,폐기,최종,재표결,특검법,6명,국민의힘,의원,특검법,찬성,특검법,가능성,특검법,협상,자체,특검법,이날,발의,공개,협상,자신들,입장,협상,최종,결렬,민주당,국민,합의,수준,정도,수정안,마련,권성동,국민,원내대표,본회의,권한,대행,거부,행사,요구,윤석열,내란,반성,노력,극렬,지지,민심,공조수사본부,고위공직자범죄수사처,경찰,국방부,검찰,진행,내란,수사,특검,일원화,그간,표출,혼선,해소,내란범,동조자들,철저,수사,처벌,한국,민주주의,회복,계기,권한,국회,통과,특검법,공포,특검,신속,출범,진상,규명,특검,추천,대법원장,야당,비토권,삭제,거부,특검법,명분,위헌,논란,해소,대행,여야,합의,특검,강조,민주당,국민,협의,여당안,수용,존중,공수처,윤석열,서울서부지법,구속영장,청구,법원,조사,진술,거부,사법,질서,지지자들,선동,윤석열,구속,공조본,검찰,특검,시작,좌고우면,윤석열,수사,매진","특검법,윤석열,최상목,민주당,국민의힘,대법원장,평양,수정안,본회의,비상계엄","12 3 비상계엄 사태 진상을 규명하기 위한 두번째 ‘내란 특검법’이 17일 더불어민주당 등 야당 주도로 국회 본회의를 통과했다. 재석 274명 중 찬성 188명, 반대 86명이었는데 국민의힘이 표결에 참여해 대거 반대표를 던졌다. 이번 특검법은 특검 후보 추천권을 제3자인 대법원장에게 넘기고, 수사 대상도 내란 선전 선동과 외환 혐의를 제외하는 등 국..",https://www.khan.co.kr/article/202501180020001,
01100901.20250118001535001,20250118,중앙일보,,[사설] 윤 대통령 구속영장 청구 국민은 착잡하다,정치>청와대, 사회>사건_사고, 정치>국회_정당,,,,"김,윤,윤석열,이의신,김 전,김용현","비상계엄 후,임해,장악,비상계엄","고위공직자범죄수사처,서울중앙지법,공수처,포고령,헌법재판소,검찰,국방부,중앙지법,서울서부지법,국회,법원,대리인단","대통령,구속,영장,청구,국민,수사,중앙,지법,공수처,수사,체포적부심,기각,절차,시비,자세,수사,재판,임해야,고위공직자범죄수사처,윤석열,대통령,우두머리,혐의,서울서부지법,구속영장,청구,현직,대통령,구속영장,청구,헌정,사상,참담,대통령,법원,영장실질심사,구속,여부,결정,그동안,대통령,그동안,공수처,내란죄,수사,소환,요구,결국,관저,체포,서울서부지법,발부,체포영장,인정,서울중앙지법,체포적부심,신청,서울중앙지법,체포영장,공수처,수사,판단,대통령,형사,피의자,방어권,사실,그동안,대통령,그동안,대통령,본질,사안,소명,절차적,제기,절차,구속영장,청구,마당,수사권,관할,법원,다툼,소모적,대통령,제기,체포,영장,이의신청,체포적부심,기각,직시,영장실질심사,자신,입장,소명,수사,전향적,모습,비상계엄,국회,경찰,일체,정치,활동,1호,계엄,포고령,위헌적,위법,대통령,통치,행위,주장,반복,여야,대표,국회의장,체포,국회,의결,계엄,해제,회의장,의원들,지시,정황,구속,지휘부,진술,대통령,대리인단,탄핵,심리,헌법재판소,답변서,앞뒤,대목,답변서,포고령,김용현,국방부,장관,종전,대통령,국회해산권,예문,주장,장관,변호인,장관,재판,장관,대통령,부정선거,세력,정치활동,매개,국회,장악,현상,발생,정치활동,취지,작성,포고령,대통령,검토,장관,책임,태도,계엄,필요성,부정선거,언급,부정선거,주장,설득력,근거,제시,자유,공정,선거,민주주의,지탱,핵심,요소,대통령,음모론,형국,대통령,비상계엄,다수,국민,의문,수사,재판,공수처,수사,재판,국민,대통령,질문,검사,출신,대통령,구속,여부,법원,판단,대통령,기소,재판,상황,수사,진행,공수처,기소,검찰,신경,수사,재판,절차상,시빗거리,공수처,관할,법원,서울중앙지법,대통령,주거지,용산,관할,서울서부지법,체포영장,청구,위법,이례적,사실,현직,대통령,수사,사상,정치,해석,원칙,그동안,관례,순리,진행,잡음","공수처,그동안,포고령,서울중앙지법,체포영장,체포적부심,구속영장,답변서,부정선거,서울서부지법,비상계엄,이의신청,정치활동,대리인단,수사권,영장실질심사,절차적,내란죄,공직자,헌법재판소,의원들","━
 중앙지법 “공수처 수사 문제 없다”며 체포적부심 기각 
 
 ━
 절차 시비 그만하고 당당한 자세로 수사 재판 임해야 
 고위공직자범죄수사처가 어제 윤석열 대통령에 대해 내란 우두머리 혐의로 서울서부지법에 구속영장을 청구했다. 현직 대통령에게 구속영장이 청구된 것은 헌정 사상 처음이다. 참담함을 금할 수 없고, 다시 일어나서는 안 될 일이다. 윤 ..",https://www.joongang.co.kr/article/25308327,
01100801.20250118001533001,20250118,조선일보,조선일보,[사설] 尹 “부정선거 증거 많다” 중대 발언 후 지금까지 무소식,정치>선거, 정치>국회_정당, 정치>청와대,범죄>범죄일반>폭행,,,"문재인,노상원,윤석열,문상호","일본,중국,오키나와","변호인단,민주당,선거연수원,정보사령관,대리인단,유튜버,선관위,계엄군,정보사령관 공소장,정부,헌법재판소,헌재,국민의힘","증거,부정,선거,중대,발언,무소식,헌법,재판소,윤석열,대통령,탄핵,심판,대통령,대리인단,대통령,대리,인단,부정,선거,의혹,제기,대통령,부정,선거,제보,증거,확보,계엄,선포,선관위,계엄군,투입,선관위,의혹,검증,협조,주장,선관위,부실,투표지,관리,해킹,선거,결과,조작,가능,의혹,차원,문제들,나열,헌재,선거연수원,총선,기간,선관위,선거,연수원,체류,중국,국적,사무원,명단,확인,대통령,신청,채택,대통령,불법,선거,중국,생각,비상계엄,계엄군,비상계엄,선관위,연수원,중국,99명,체포,일본,오키나와,압송,유튜버,확인,주장,대통령,언급,선관위,전면,부인,사회,선거,습관,부정선거,주장,민주당,실권자,김어준씨,대선,민주당,부정선거,주장,총선,국민의힘,참패,국힘,부정선거,주장,양쪽,부정선거,입증,증거,증언,대통령,충격적,공개,체포,당일,부정선거,증거,평생,검사,대통령,증거,의미,증거,사실관계,입증,자료,증언,민간,유튜버,단체,수사기관,정보기관,지휘,대통령,부정선거,증거,중대,사태,대통령,증거,공개,사실,입증,선거,결과,국가,비상,사태,대통령,중대,발언,이틀,증거,공개,변호인단,증거,공개,증거,확보,계엄,선포,증거,대통령,부정선거,중대,증거,증거,공소장,문상호,정보,사령관,노상원,정보사령관,사령관,후배,부정,선거,관련자,부정선거,사실,확인,공소장,증거,폭력적,사람들,강압,진술,선관위,문재인,정부,민주당,편향,결정,소쿠리,투표,직원들,세습,채용,신뢰,선관위,편향성,비위,부정선거,증거,대통령","선관위,부정선거,민주당,중국,공소장,유튜버,계엄군,사령관,비상계엄,정보사령관,문상호,투표지,윤석열,국힘,직원들,사람들,수사기관,김어준,김어준씨,정보기관,문제들","16일 헌법재판소에서 열린 윤석열 대통령 탄핵 심판에서 대통령 측 대리인단이 부정선거 의혹을 제기했다. 윤 대통령 측은 “부정선거 제보를 워낙 많이 받았다. 그 증거를 확보하기 위해 계엄을 선포할 수밖에 없었다”고 말했다. 선관위에 계엄군을 투입한 것도 선관위가 의혹 검증에 협조하지 않았기 때문이라고 주장했다. 그러면서 선관위의 투표지 관리 부실, 해킹..",https://www.chosun.com/opinion/editorial/2025/01/18/3WKXRFDUFRHMNKTMVLCYOERTVE/?utm_source=bigkinds&utm_medium=original&utm_campaign=news,
01100801.20250118001142001,20250118,조선일보,조선일보,[사설] 이 대표의 주요 은행장 전원 소집,정치>국회_정당, 정치>청와대, 정치>선거,,,,"이,윤석열,이재명","경기,장악","정무위원회,민주당,정부,더불어민주당,국회,북한","대표,소집,은행장,전원,대표,이재명,더불어민주당,시중은행장,시중,은행장,간담회,야당,대표,은행장,전원,이례적,의원들,국회,정무,위원회,소속,민주당,의원,동석,예정,민주당,은행권,압박,난세,극복,공개적,의견,금융,전략,자리,상생,금융,금리,논의,상생,금융,12월,은행,3년,7000억,원씩,2조,지원,방안,경기,부진,위기,소상공인,지원,정부,금융권,방안,논의,진행,상황,은행장,간담회,중복,간담회,민생,정치,시선,가능성,조기,대선,가능,상황,지지율,선두,대표,은행장,자체,권력,상징적,대표,민주당,정권,행보,역풍,체포,윤석열,대통령,민생,경제,안보,행보,판단,민주당,민생,걱정,정치,행사,자신들,장악,국회,민생,경제,안보,도움,조치,먼저,민주당,반도체법,경제,법안,발목,아무것,불능,국가,세계,경직적,52시간,중대재해처벌법,규제,법안,탄핵,정국,대행,대통령,권한,총리,탄핵,대외,신인도,악재,계엄,국회,북한,기밀,노출,대표,실질적,현실적,문제들,은행장들,한자리,국민,신뢰","민주당,은행장,금융권,간담회,시중은행장,윤석열,더불어민주당,이재명,경직적,중대재해처벌법,공개적,재해처벌법,자신들,원씩,7000억,신인도,문제들,2조,소상공인,가능성,위원회,한자리,지지율,은행장들,반도체",이재명 더불어민주당 대표가 오는 20일 6대 시중은행장을 모두 불러 모아 간담회를 연다. 야당 대표가 주요 은행장 전원을 불러 모으는 것은 극히 이례적이다. 국회 정무위원회 소속 민주당 의원들도 동석할 예정이라고 한다. 민주당 측은 “은행권을 압박하려는 것이 아니다” “난세를 극복하기 위해 공개적으로 의견을 나누고 금융권 전략을 듣는 자리”라고 했다. ..,https://www.chosun.com/opinion/editorial/2025/01/18/LWSNIQG6AJB4ZDBEC2GPLUQVFE/?utm_source=bigkinds&utm_medium=original&utm_campaign=news,
01101101.20250118001114001,20250118,한국일보,,[사설] “하늘이 보낸 대통령”이라니 경호처 일대 혁신 필요하다,정치>청와대, 국제>중남미, 국제>유럽_EU,,,,"김성훈,아웅산,윤,육영수,김신조,박정희,박종규,윤석열,김용현","독일,캐나다,미국,영국,대한민국 대통령","정부,대통령경호처,경찰,국방장관,재무부→국토안보부,근위대,경호처,부처","하늘,대통령,경호처,혁신,체포,영장,집행,대통령경호처,평소,개인,윤석열,대통령,칭송,경호,열중,사실,김용현,국방장관,처장,2022년,5월,9월,경호처,정치색,근위대,변질,의혹,경호처,행사,경호처,창설,주년,대통령,헌정곡,음원,가사,국민,생각,하늘,대통령,이날,생일,대통령,의미,국가,기관,창설,장소,칭찬,아부,대통령,개인,경배,의식,목숨,각오,VIP,경호,조직,입장,대통령,존경심,정도,개인,투영,축하,친구,생일,차장,김성훈,경호처,항변,설득력,경호관,충성,대상,대한민국,대통령,직책,윤석열,개인,당장,대통령,당장,대통령,안전,최선,경호관,숙명,본보,보도,경호처,대통령,추종,세력,영장,집행,협조,경호관,증언,공무집행,수긍,배신,치부,국가기관,의리,개인,요소,얘기,경향,경호처,사유,박정희,정부,시절,박종규,차지철이,경호실장,경호처,독립,조직,군경,통제,1,김신조,피살,육영수,여사,폭파,아웅산,묘역,대통령,실체,위험,존재,특정,처장하,조직,일탈,사실,재확인,만큼,경호처,개혁,필요성,부처,재무부,국토안보부,대통령,경호,미국,경찰,캐나다,영국,독일,사례,사유화,대통령,경호,조직,사유,후속,조치","경호처,경호관,국가기관,윤석열,사유화,근위대,박종규,육영수,영국,독일,박정희,아웅산,김성훈","체포영장 집행을 가로막았던 대통령경호처가 평소에도 윤석열 대통령 개인을 과하게 칭송하면서 ‘심기 경호’에 열중한 사실이 드러났다. 김용현 전 국방장관이 처장으로 일하는 동안(2022년 5월~지난해 9월) 경호처가 정치색 짙은 ‘친윤 근위대’로 변질된 게 아니냐는 의혹이 커졌다.
 경호처는 2023년 12월 18일 경호처 창설 60주년 행사에서 윤 대통령..",https://www.hankookilbo.com/News/Read/A2025011715300001027,
01101101.20250118001114002,20250118,한국일보,,[사설] 뜻밖의 尹 탄핵 반대 여론 상승... 민주당 성찰해야,정치>행정_자치, 정치>청와대, 정치>국회_정당,,,,윤석열,"서울,경기,인천,수도권","한국리서치,민주당,헌법재판소,한국갤럽,더불어민주당,비상계엄,NBS,국민의힘,국무위","뜻밖,상승,탄핵,반대,여론,민주당,성찰,탄핵,윤석열,대통령,반대,여론,여론,조사,결과,대통령,내란,수괴,혐의,증거,체포,거부,수사,방해,법질서,무시,상황,감안,뜻밖,결과,공개,한국갤럽,조사,응답,탄핵,찬성,응답,57%,,반대,36%,일주일,찬성,의견,7%포인트,반대,의견,4%포인트,답변,탄핵,반대,64%,73%,보수,결집,서울,6%포인트,인천,경기,5%포인트,수도,응답자,20대,14%포인트,30대,13%포인트,40대,12%포인트,응답자,사이,탄핵,찬성,감소,대목,공개,한국리서치,기관,여론,조사,전국지표조사,NBS,답변,탄핵,반대,36%,일주일,포인트,증가,계엄,야당,계엄,더블스코어,압도,정당,지지율,계엄,구도,갤럽,조사,국민,39%,더불어민주당,36%,지지율,오차범위,3.1%,포인트,국민,지지율,5%포인트,지난주,대비,포인트,더불어민주당,정체,결과,조사,NBS,양당,지지율,오차범위,여론,추이,민주당,민심,경고,민주당,신속,계엄,해제,탄핵소추,대통령,탄핵,소추,헌법,재판소,정상,주도,야당,조치,통제력,폭주,모습,패착,국무위원,연쇄,탄핵,국무회의,무력화,위협,카카오톡,가짜,검열,고발,경고,수권정당,모습,거리,민주주,퇴행,국가,위기,초래,비상계엄,위헌,불법성,본질적,왜곡,인식,확산,민주당,행태,악영향,민주당,현실,인식,여론조사,보수,의견,과다,표집,보수층,결집,원인,외부,민주당,민심,수용,국정,혼란,수습,책임정당,면모,민심,천심,기본,스스로,성찰","민주당,지지율,보수층,응답자,여론조사,더불어민주당,일주일,카카오톡,더블스코어,윤석열,불법성","윤석열 대통령 탄핵에 반대하는 여론이 커지고 있다는 여론조사 결과가 잇달아 나왔다. 윤 대통령의 내란수괴 혐의 관련 증거가 쏟아지고 체포 거부 수사 방해로 법질서를 무시하는 상황을 감안하면 뜻밖의 결과다.
어제 공개된 한국갤럽 조사에서 탄핵 찬성 응답은 57%, 반대 응답은 36%로, 일주일 전보다 찬성 의견은 7%포인트 줄고 반대 의견은 4%포인트 늘..",https://www.hankookilbo.com/News/Read/A2025011716370005127,
01100401.20250118233043001,20250118,동아일보,,[사설]39% 대 36% 홀로 과속하다 지지율 역전당한 野,정치>청와대, 정치>국회_정당, 정치>행정_자치,,,,"윤석열,한덕수,이재명","12·3 비상계엄,제로섬,비상계엄","민주당,한국갤럽,더불어민주당,국회,NBS,국민의힘","39%,36%,39%,36%,과속,지지율,역전,여야,지지율,역전,여론,조사,결과,한국갤럽,17일,여론,조사,결과,정당,지지도,국민,36%,39%,,더불어민주당,36%,집계,지난주,국민,5%포인트,민주당,조사,기관,전국지표조사,NBS,국민,민주당,지지도,35%,,탄핵소추,윤석열,대통령,탄핵,소추,가결,지난달,중순,민주당,지지율,국민,기록,12,구도,오차범위,결과,역전,여야,지지율,탄핵,대통령,체포,보수층,여론조사,응답,결과,응답자,갤럽,조사,지난주,비교,보수층,진보층,중도층,위헌,불법적,비상계엄,보수층,대통령,여론전,야당,국민,비토론,결집,동향,탄핵,여론,영향,57%,36%,57%,36%,탄핵,찬성,지난주,찬성,7%포인트,반대,4%포인트,보수층,결집,사이,대통령,망동,국회,권력,압도,지지,민주당,제자리,추락,가속화,일방,독주,독선,오만,지난달,권한대행,한덕수,대통령,권한,대행,탄핵소추안,통과,지지율,이래,여당,상승세,야당,내림세,민주당,민심,안정,정치력,발휘,인사들,사형,극언,이재명,대표,재판,모습,국민,현직,대통령,체포,초유,상황,여야,지지도,현실,정치,불안정,혼란,실책,공짜,이익,정당,국민,안심,정치,정치,제로섬,갈등,정작,진실,책임,비방,삿대질,그사이,거짓,음모론,민주주의,자체,민주당,지지층,분열,정치,역사","민주당,지지율,지지도,여론조사,비상계엄,보수층,윤석열,한덕수,갤럽,그사이,삿대질,인사들,음모론,이재명,중도층,정치력","여야 지지율이 역전됐다는 여론조사 결과가 잇달아 나왔다. 한국갤럽이 17일 발표한 여론조사 결과 정당 지지도는 국민의힘 39%, 더불어민주당 36%로 집계됐다. 지난주보다 국민의힘은 5%포인트 올랐고 민주당은 그대로였다. 전날 발표된 4개 조사기관의 전국지표조사(NBS)에서도 국민의힘과 민주당 지지도는 각각 35%, 33%였다. 윤석열 대통령 탄핵소추안..",https://www.donga.com/news/Opinion/article/all/20250117/130886708/2,
01100401.20250118232741001,20250118,동아일보,,[사설]洪 6% 韓 6% 吳 4% 1등은 7% 김문수인 어수선한 與,정치>청와대, 정치>국회_정당, 정치>선거,,,,"오세훈,윤,김문수,윤석열,홍준표,한동훈,홍,이재명",비상계엄,"민주당,한국갤럽,더불어민주당,고용노동부,국회,갤럽,유튜버,NBS,국민의힘,희생자","1등,김문수,한국갤럽,여론,조사,결과,장래,대통령,질문,대표,더불어민주당,이재명,31%,장관,김문수,고용,노동부,7%,홍준표,대구,시장,6%,한동훈,국민,대표,6%,오세훈,서울,시장,4%,주자,자릿수,지지율,지지율,23%,대표,지지율,국민,지지율,민주당,역전,주자,10%,모래알,지지율,도토리,키재기,의사,대선,출마,피력,장관,1위,주자,결집,강경,보수,단적,사례,장관,비상계엄,국회,긴급,현안,질의,야당,기립,사과,요구,거부,탄핵,체포,국면,윤석열,대통령,발언,극우,유튜버,대통령,정치인,김문수,평가,조사,기관,전국지표조사,NBS,장관,13%,기록,대통령,광기,희생자,주장,시장,여권,2위,7%,대선,주자,기형,지지율,여권,난맥상,단적,여당,지지율,갤럽,조사,여론,탄핵,찬성,정권,교체,48%,응답,정권,유지,응답,40%,중도층,탄핵,찬성,68%,정권,교체,56%,여론,계엄,불법성,부인,대통령,옹호,지지층,강성,보수,지지,지지,일반,민심,국민,민주주의,45년,퇴행,불법,계엄,책임,집권,여당,대통령,절연,탄핵심판,수사,방해,모습,여당,대선주자들,우파,아스팔트,국민,지지,정당,지지율,대선,주자,지지율,현격,괴리,국민,직시,주소","지지율,김문수,한국갤럽,오세훈,홍준표,더불어민주당,이재명,1위,전국지표조사,중도층,희생자,윤석열,유튜버","17일 한국갤럽 여론조사 결과에 따르면 장래 대통령감을 묻는 질문에 더불어민주당 이재명 대표(31%), 김문수 고용노동부 장관(7%), 홍준표 대구시장(6%), 한동훈 전 국민의힘 대표(6%), 오세훈 서울시장(4%) 순으로 나타났다. 여권 주자들은 모두 한 자릿수 지지율에 머물렀고 이들 지지율을 다 합쳐도 23%로 이 대표 지지율보다 낮았다. 국민의힘..",https://www.donga.com/news/Opinion/article/all/20250117/130886712/2,
01100401.20250118232516001,20250118,동아일보,,[사설]판사 테러 협박에 ‘죽음’ 선동까지 위험선 넘은 불신과 증오,정치>청와대, 국제>중남미, 국제>미국_북미,범죄>범죄일반>마약, 사회>사회갈등>시위,,윤석열,"광화문,과천,경기,남미,한남동,강경,증오","극우,서울중앙지법,민주당,공수처,유튜브,서울서부지법,법원,유튜버","협박,판사,테러,죽음,선동,위험선,불신,증오,윤석열,대통령,체포,극렬,지지자,표시,정치,의사,구속영장,대통령,구속,영장,청구,서울,서부,지법,주변,하루,인간,법원,정문,법치,구호,경찰,몸싸움,안쪽,법원,100m,집회,불허,현행,무시,행위,대통령,체포적부심,기각,서울중앙지법,판사,겨냥,테러,위협,등장,15일,대통령,체포,경기,과천,공수처,부근,남성,분신,극단,현상,극렬,지지,자신,기대감,현실,괴리,감당,측면,분노,좌절,활용,유튜버들,상황,악화,책임,광화문,한남동,관저,강경,지지,집회,경쟁적,생중계,유튜버,경호처,발포,선동,시위,참여자,유튜브,소액,현금,후원,슈퍼챗,호응,발언,수익,악순환,구조,비상계엄,탄핵,촉발,사회,갈등,상업적,이용,행위,시도,체포,1주일,12일,10위,유튜버들,강경,보수,유튜버,평균,슈퍼챗,후원,파악,대통령,유튜버,존재감,부각,여당,정치인,몰지각,종교인,극우,유튜버,죽음,활용,순교,거론,상식,선동,양태,싸움,여야,정치,감정적,인내,한계,증폭,대통령,남미,마약,갱단,호소,민주당,마약갱단,행동,대통령,지지,자극,도전,여야,지도자,절제,행동,통합,리더십,제시,일촉즉발,상황,갈등,출구,노력","유튜버,유튜버들,한남동,슈퍼챗,마약갱단,갱단,100m,10위,남미,악순환,비상계엄,몰지각,정치인,유튜브,기대감","윤석열 대통령이 체포된 이후 일부 극렬 지지자들의 정치적 의사 표시가 도를 넘어서고 있다. 17일 대통령 구속영장이 청구된 서울서부지법 주변에는 하루 전부터 수백 명이 몰려들었다. 이들은 인간 띠로 법원 정문을 막아서거나, “법치는 죽었다”는 등의 구호를 외쳤다. 드러눕거나 경찰과 몸싸움을 벌이기도 했는데, 법원 100m 안쪽은 집회가 불허되는 곳이어서..",https://www.donga.com/news/Opinion/article/all/20250117/130886710/2,
01101001.20250117184003002,20250117,한겨레,한겨레,[사설] 경호처를 아부꾼으로 전락시킨 ‘윤비어천가’,정치>청와대,,,,,,"김성훈,윤석열,김건희,권진원,김용현",대한민국,"동원,국방부,한겨레,경호처","경호처,아부꾼,전락,윤비어천가,대통령,경호처,대통령,윤석열,생일,창설,주년,기념,행사,대통령,찬양,헌정곡,합창,경호처,부부,대통령,조직,운영,정황,한겨레,언론,보도,대통령실,강당,경호처,창설,주년,기념식,직원들,84만,취임,84만,시간들,국민,생각,가사,노래,반복,84만,취임일,대통령,이날,587일,의미,렌트,유명,뮤지컬,러브,시즌스,오브,찬양,대통령,개사,생일,축하곡,가수,권진원,해피,버스데이,가사,대한민국,하늘,대통령,축하,선발대회,윤석열,삼행시,선발,대회,진행,기념일,경호처,창설,12월,생일,대통령,12월,날짜,사실,대통령,생일,파티,형식,진행,행사,경호처장,김용현,국방부,장관,주관,기획관리실장,차장,김성훈,경호처,기획,차장,이외,김건희,여사,환심,직원들,동원,의혹,대통령,부부,반려견,기간,대통령,부부,휴가,설치,노래방,기계,폭죽,구입,사적,지시,국민,봉사,책무,대한민국,국가,기관,개인,대통령,심부름,기관,전락,체포,대통령,체포,경호처,강경,대응,주도,체포,영장,집행,저지,혐의,이날,경찰,체포,차장,대통령,헌정곡,논란,친구,생일,축하,파티,축하,경호처,시도,윤석열,체포,시도,사병,영장,집행,방해,배경,차장,수뇌부,과잉,충성,자리,영장,집행,방해,행위,수행,경호,임무,강변,경호처,수뇌부,대통령,밀착,책무,망각,경호처,창설,존폐,위기,직면","경호처,윤석열,84만,대한민국,헌정곡,기념식,수뇌부,한겨레,노래방,시즌스,직원들,삼행시,주년","대통령 경호처가 2023년 윤석열 대통령의 생일에 맞춰 창설 60주년 기념 행사를 열고 윤 대통령을 찬양하는 헌정곡을 합창했다고 한다. 경호처가 윤 대통령 부부의 ‘사조직’처럼 운영된 정황이 속속 드러나고 있다.
17일 한겨레 등 언론 보도를 보면, 2023년 12월18일 대통령실 강당에서 열린 경호처 창설 60주년 기념식에서 직원들은 “84만5280분..",http://www.hani.co.kr/arti/opinion/editorial/1178509.html,
01101001.20250117184003001,20250117,한겨레,한겨레,"[사설] 내란 체포 이후에도 궤변 트집, 이제 국민 우롱 그만해야",국제>중남미, 정치>청와대, 사회>사건_사고,,,,"오동운,우종수,윤석열,검찰총장",한남동,"공수처장,고위공직자범죄수사처,검찰,법원,서울중앙지법,공수처,헌법재판소,서울구치소,서울서부지법,국가수사본부,비상계엄,사법부,국민의힘","내란,체포,궤변,트집,국민,우롱,윤석열,대통령,고위공직자범죄수사처,공수처,체포,부당,서울중앙지법,체포적부심,기각,대통령,서울서부지법,발부,체포영장,불법,영장,공수처,내란죄,수사,생트집,법원,적법,판단,대통령,공수처,조사,오동운,공수처장,우종수,국가,수사본부장,혐의,고발,사법,혼란,조장,지지자들,집결,의도,개탄,대통령,체포,공수처,압송,당일,제외,서울구치소,공수처,대면,조사,공수처,비상계엄,내란죄,성립,일방적,진술,거부,자신,체포,지휘,처장,법치주의,공권력,행사,헌정질서,문란,중대,범죄,검찰,고발,추후,불법,행위,발견,책임,엄포,적반하장,유분수,명색,대통령,검찰,총장,출신,대통령,태도,형사재판,탄핵심판,불리,작용,사실,수사,재판,헌법,재판소,탄핵,심판,사법,절차,불신,조장,의도,짐작,법치주의,근간,훼손,위기,모면,시대착오,비상계엄,나라,망신,태도,대통령,동조,사법,혼란,국민,보수,언론,행태,개탄,공수처,수사권,체포영장,법원,일관,판단,막무가내,사법부,군사,독재,정권,비상계엄,동조,치욕,과거,정도,선동,극우,세력,준동,기승,한남동,관저,집결,대통령,체포,영장,집행,방해,극렬,지지자,공수처,서울구치소,17일,대통령,체포적부심,기각,판사,신변,위협,온라인,커뮤니티,경찰,수사,존중,마음,눈꼽만큼,내란죄,피의자,동조,세력,법치주의,위협,공수처,대통령,구속영장,청구,사법부,내란,세력,법치주의,조롱,처벌","공수처,법치주의,비상계엄,내란죄,체포영장,탄핵심판,사법부,체포적부심,지지자,우종수,한남동,서울구치소,지지자들,수사권,적반하장,헌정질서,눈꼽만큼,유분수,수사본부장,공수처장,서울,재판소,오동운,공직자,형사재판","윤석열 대통령이 고위공직자범죄수사처(공수처)의 체포가 부당하다며 서울중앙지법에 낸 체포적부심이 지난 16일 기각됐다. 윤 대통령은 서울서부지법이 발부한 체포영장은 ‘불법 영장’이고 공수처는 내란죄 수사권이 없다는 등의 생트집을 잡았지만, 법원은 모두 적법하다고 판단했다. 그런데도 윤 대통령은 공수처 조사에 응하지 않고, 오히려 오동운 공수처장과 우종수 ..",http://www.hani.co.kr/arti/opinion/editorial/1178508.html,
01100901.20250117010127001,20250117,중앙일보,,"[사설] 법원 “윤 대통령 체포 정당”, 이제는 수사에 협조해야",정치>청와대, 국제>중남미, 정치>행정_자치,,,,"윤,이진우,윤석열,김용현",12·3 비상계엄,"고위공직자범죄수사처,서울중앙지법,공수처,검찰,국방부,서울서부지법,국회,법원","법원,수사,협조,사과,묵비권,대통령,일단락,체포,영장,논란,선동,진실,윤석열,대통령,고위공직자범죄수사처,공수처,불법,체포,주장,법원,청구,체포적부심,서울중앙지법,기각,공수처,차례,서울서부지법,발부,체포영장,서울중앙지법,판단,그동안,대통령,그동안,공수처,내란죄,수사,주장,공수처,조사,사실,거부,공수처,공직자,직권,남용,범죄,내란죄,수사,입장,법원,공수처,대통령,공수처,관할,법원,서울중앙지법,공수처,서울서부지법,발부,체포영장,무효,주장,법원,판단,공수처법,법원,서울중앙지법,결정,공수처,수사,범위,관할,법원,논란,일단락,만큼,대통령,공수처,수사,협조,대통령,우두머리,혐의,체포,묵비권,진술거부권,행사,수사,협조,공수처,대통령,조사,계획,대통령,조사,공수처,조사,그제,공수처,검사,10시간,조사,준비,분량,질문,대통령,묵비권,행사,현직,대통령,헌정,사상,수사기관,체포,참담,상황,묵비권,방패막이,수사,협조,모습,실망,묵비,행사,체포적부심,청구,범죄,피의자,헌법,보장,권리,개인,권리,행사,책임자,국정,최고,대통령,국민,병력,투입,시도,국회,무력,대통령,관여,진실,김용현,국방부,장관,검찰,공소장,대통령,이진우,수도방위사령관,국회,본회의장,지시,포함,주장,대통령,경고성,계엄,선포,앞뒤,거짓말,대통령,지지자들,선동,여론전,12,진실,계엄,발동,생각,수사진,진술,국민,대통령,변명,사과,반성,명심,대선,대통령,국민,도리","공수처,묵비권,서울중앙지법,공직자,체포영장,내란죄,일단락,그동안,수사진,비상계엄,서울서부지법,체포적부심,국방부,수도방위사령관,앞뒤,사령관,서울,본회의장,김용현,피의자,수사기관,여론전,지지자","━
 사과 없이 묵비권, 원하는 말만 하는 윤 대통령 
 
 ━
 체포영장 논란 일단락 선동 대신 진실 밝히길 
 윤석열 대통령이 고위공직자범죄수사처(공수처)의 ‘불법 체포’를 주장하며 법원에 청구한 체포적부심을 서울중앙지법이 어제 오후 기각했다. 공수처가 두 차례에 걸쳐 서울서부지법에서 발부받은 체포영장에는 문제가 없다는 게 서울중앙지법의 판단이다. ..",https://www.joongang.co.kr/article/25308149,
01100801.20250117002534001,20250117,조선일보,조선일보,"[사설] 李 대표 선거법 재판, 법대로 2월 15일까지 선고해야",정치>국회_정당, 사회>사건_사고, 정치>선거,,,,"이,안철수,윤석열,이재명",李,"서울고등법원,헌법재판소,재판부,대법원,법원,국민의힘","대표,선거법,재판,선고,의원,국민의힘,안철수,더불어민주당,이재명,대표,재판,공직,선거법,선고,판결,확정,현직,대통령,체포영장,집행,만큼,대표,재판,공직선거법,선거범,재판,재판,우선,1심,공소,제기,6개월,2,3개월,판결,선고,판결,선고,규정,대표,공직선거법,판결,선고,규정,기한,2,얘기,1심,대표,선고,징역,집행,유예,판결,항소심,대법원,확정,대선,출마,3개월,판결,선고,항소심,재판,23일,시작,예정,판결,달여,대표,항소심,소송,기록,접수,통지서,송달,재판,지연,결과,자신,2,헌법재판소,탄핵,윤석열,대통령,인용,조기,대선,대통령선거,대표,당선,국민,선거,인정,재판,출마,가능성,사람,재판,당선,공정,공직선거법,재판,기간,강행,규정,사건,선거법,위반,해당자,대통령,후보,국가,서울고등법원,재판부,항소심,요청,2개월,사건,배당,결정,항소심,재판부,대표,사건,대법원,대표,무죄,여부,확정,대표,헌정사,법원,대선,공정성,판사들,책임,책임,대표,평등,자신,막무가내식,재판,지연","항소심,공직선거법,1심,선거법,대법원,안철수,더불어민주당,윤석열,국민의힘,막무가내식,3개월,재판부,재판소","국민의힘 안철수 의원이 16일 “(더불어민주당) 이재명 대표의 공직선거법 2심 재판은 법에 따라 2월 15일까지 신속히 선고돼야 하며, 대법원 확정 판결도 5월 15일까지 이뤄져야 한다”고 했다. 현직 대통령에 대한 체포영장이 법대로 집행된 만큼, 이 대표에 대한 재판도 법대로 이뤄져야 한다는 것이다. 공직선거법 270조는 ‘선거범에 관한 재판은 다른 ..",https://www.chosun.com/opinion/editorial/2025/01/17/AQ7CNHR3FRDBNK64RURDJICJEI/?utm_source=bigkinds&utm_medium=original&utm_campaign=news,
01100801.20250117002122001,20250117,조선일보,조선일보,"[사설] ‘이진숙 엉터리 탄핵’ 심리에 5개월, 민주당에 농락당하는 헌재",정치>행정_자치, 정치>청와대, 정치>국회_정당,,,,"이,윤석열,문형배,이진숙,이재명","계산,설령","민주당,정부,방통위,헌법재판소,방송통신위,헌재,국회,헌재소장,방통위원,MBC","탄핵,이진숙,엉터리,심리,5개월,민주당,농락,헌재,헌법재판소,방송통신위원장,이진숙,방송통신,위원장,변론,탄핵,심판,종결,탄핵,소추,이진숙,위원장,취임,이틀,탄핵,소추,위법,민주당,MBC,탄핵안,사건,심리,5개월,마음,권한대행,문형배,헌재소장,권한,대행,재판,생각,선고,기일,지정,민주당,눈치,위험,행태,탄핵안,이진숙,위원장,탄핵,정략,목적,민주당,위원장,취임,탄핵,탄핵,취임,하루,탄핵안,발의,하루,통과,취임,선임안,공영,방송,이사,선임,의결,핑계,방통위원,추천,거부,체제,민주당,상태,탄핵,위법,소지,탄핵,사유,중대,헌법,법률,위반,민주당,선출,국회,헌법,재판관,자신들,막무가내,탄핵,소추,정부,관료,헌재,탄핵,심리,계산,계엄,사태,윤석열,대통령,탄핵,헌법재판관,추천,정략,헌재,농단,헌재,위원장,탄핵,노골적,정략,탄핵,각하,기각,선고,지연,민주당,이재명,대표,농락,헌재,16일,대통령,체포,상황,감안,탄핵,심판,변론,대통령,요청,변론,진행,해소,대통령,탄핵,심판,신속,진행,형평성,차이,민주당,정략,탄핵,9건,고위,공직자,탄핵안,헌재,계류,민주당,정권,재판,공정","민주당,이진숙,위원장,탄핵안,5개월,헌재소장,문형배,선임안,재판관,공직자,방통위,권한대행,자신들",헌법재판소가 15일 이진숙 방송통신위원장에 대한 탄핵 심판 변론을 종결했다. 탄핵 소추된 지 5개월 만이다. 이진숙 위원장은 취임 이틀 만에 탄핵 소추됐다. 위법을 저지를 시간도 없었다. 그런데 민주당이 MBC를 자기 편으로 묶어두기 위해 탄핵안을 밀어붙였다. 사건 심리에 시간이 걸릴 것이 없었다. 그런데 5개월을 끌었다. 그게 마음에 걸렸는지 문형배 ..,https://www.chosun.com/opinion/editorial/2025/01/17/CKCUXUBEJREKJCAP7HBNCSLISI/?utm_source=bigkinds&utm_medium=original&utm_campaign=news,
01101101.20250117001048001,20250117,한국일보,,"[사설] 윤 대통령, 궤변 선동도 모자라 책임까지 떠넘기나",정치>청와대, 정치>국회_정당, 정치>외교,,,,"김,박근혜,박,윤석열,김 전,김용현","중국,장악,비상계엄,북한","반민주,변호인단,고위공직자범죄수사처,검찰,국방부,더불어민주당,국회,북한,대리인단,선관위,포고령,입법부,헌법재판소,헌재","대통령,궤변,선동,책임,윤석열,대통령,1호,비상계엄,포고령,국회,활동,위헌적,김용현,계엄,주장,궤변,선동,하급자,책임,대통령,책임,대통령,변호인단,헌법재판소,제출,답변서,분량,인식,더불어민주당,선거,부정,패거리들,패거리,구체,물증,비난,중국,북한,식민지,외교,주장,헌재,탄핵,심판,변론,대리인단,중국,북한,선관위,해킹,가짜,투표지,시도,궤변,대통령,의도,국회,장악,주장,배치,포고령,장관,대통령,국회해산권,예문,본인,부주의,간과,표현,의미,축소,대통령,포고령,검토,증거,장관,검찰,공소장,대통령,포고령,야간,통행,조항,삭제,지시,사실,적시,국회,정당,정치활동,전면,포고령,계엄하,입법부,활동,제한,헌법,정면,위배,핵심,조항,대수,장관,책임,책임자,최종,대통령,행사,고위,공직자,범죄,수사처,조사,첫날,묵비,조사,주장,행태,재판,헌재,심판,불리,작용,탄핵심판,수사,박근혜,대통령,헌재,의지,헌법,수호,질책,대통령,미흡,차례,담화,국정농단,사과,책임,전가,대통령,의지,헌법,수호,국가,지도자,모습","포고령,탄핵심판,패거리들,중국,첫날,김용현,변호인단,비상계엄,지도자,부주의,국정농단,공직자,더불어민주당,투표지,선관위,정치활동,답변서,수사처,책임자,식민지,위헌적,대리인단,재판소,입법부","윤석열 대통령이 비상계엄 포고령 1호의 국회 활동을 금지하는 위헌적 내용을 두고 “잘못 베낀 것”이라며 김용현 당시 국방부 장관 책임으로 돌렸다. 계엄 정당성을 주장하는 온갖 궤변과 선동에 하급자에게 책임을 떠넘기기까지 한 것이다. 그런다고 해서 대통령의 책임이 면해질 수도 없다. 
윤 대통령 측 변호인단이 헌법재판소에 제출한 62쪽 분량 답변서에는 그..",https://www.hankookilbo.com/News/Read/A2025011616400001150,
01101101.20250117001047002,20250117,한국일보,,[사설] '부당한 명령' 설 자리 없게 된 공직사회,사회>사건_사고, 정치>청와대, 정치>행정_자치,범죄>범죄일반>폭행,,,"박정훈,윤석열","대한민국,선진","계엄군,중앙선거관리위원회,수뇌부,육군특수전사령부,대통령경호처,경찰,대원,지휘부,국회,국군방첩사령부,수도방위사령부,경호처","부당,명령,자리,공직사회,불법계엄,탄핵,사태,파국,부당,명령,지시,거부,공무원들,역할,체포,윤석열,대통령,수색영장,집행,대통령,경호처,직원,비상계엄,선포,당일,의도,태업,경찰,대통령,상급자들,압박,공무원,국민,봉사자,국민,책임,헌법,소명,행동,대통령,경호처,지휘부,무력,영장,집행,저지,지시,체포,경호처,경찰,국가,기관,끼리,충돌,유혈사태,상황,집행일,영장,중간,간부급,대다수,경호처,직원,대통령,관저,진입,인력,차벽,버스,직원,휴가,출근,경호처,대통령님,보장,절대,안전,홈페이지,임무,조직,방해,영장,집행,위법,지시,체포,방해,형사,처벌,연금,박탈,불이익,경찰,경고,효과,측면,공직,사회,문화,영향,명령,계엄,당일,대통령,경찰,수뇌부,국회,계엄군,투입,계엄,해제,현장,명령,적극,이행,국회,진입,육군특수전사령부,시민들,충돌,수도방위사령부,국회,특전사,헬기,미승,비행,중앙선거관리위원회,투입,국군,방첩,사령부,대원,주변,배회,증언,경호처,경찰,상급자,명령,헌법,법률,이행,선례,상병,사건,수사,항명,혐의,기소,1심,선고,박정훈,대령,효율,미명하,폭력,상명하복,강요,공직사회,선진국,대한민국,공직,사회,문화,수용,독려,수사,불법,지시,항명,공무원들,징계,처벌","경호처,사령부,공직사회,공무원,상급자,미명하,상명하복,비상계엄,공무원들,윤석열,중앙선거관리위원회,미승,1심,대원,박정훈,차벽,홈페이지,위원회,육군특수전사령부,끼리","불법계엄 탄핵 사태가 더 큰 파국으로 번지는 것을 막은 데는 부당한 명령과 지시를 거부한 공무원들의 역할이 컸다. 윤석열 대통령 체포 수색영장 집행을 막지 않은 대통령경호처 직원들과 비상계엄 선포 당일 의도적으로 태업한 군과 경찰이다. 이들은 윤 대통령과 상급자들의 압박에도 “공무원은 국민에 대한 봉사자이며, 국민에 대하여 책임을 진다”(헌법 7조)는 ..",https://www.hankookilbo.com/News/Read/A2025011616130005851,
01101101.20250117001047001,20250117,한국일보,,"[사설] 이재명 선거법 재판, 신속 처리 필요성 더 커졌다",정치>국회_정당, 사회>사건_사고, 정치>선거,,,,"이,이재명","위례,백현동,대장동,성남","민주당,헌법재판소,서울고법,더불어민주당,사법리,재판부,대법원,법원,1심법원","재판,이재명,선거법,필요성,신속,처리,대표,이재명,더불어민주당,재판부,선거법,대표,사건,집중,심리,속도,현직,대통령,법관,영장,체포,국민,시선,지연전략,형사,재판,속도,대표,서울고법,재판부,대표,선거법,사건,항소심,사건,배당,1심,법원,대표,징역,집행,유예,선고,당선,무효,기준,벌금,100만,확정,피선거권,확정,선거,10년,제한,중형,선거법,사건,최대,사법,리스크,대표,꼼수,해석,여지,방법,절차,변호인,지정,서류,수차례,수령,2심,공판,선고,이달,선거법,사건,강행,규정,6,원칙,1심,6개월,2,민주당,헌법,재판소,탄핵,심판,대통령,지연,작전,대표,비판,대표,선거법,위증교사,대장동,위증,교사,위례,백현동,성남FC,대북,송금,재판,사건,선고,지지부진,정치,탄압,기소,의미,폄하,지연,작전,부여,주장,동의,국민,대통령,탄핵,심판,가능성,조기,대선,가능,제기,대표,후보,대선,유력,신속,판단,당위성,강화,2심,대법원,형량,선거법,사건,여부,출마,가능,해소,상황,선거,논란,대통령,정통,시비,퇴임,퇴임,판결,임기,임명,행사,현직,대통령,체포,장면,가르침,대표,예외,법원,신속,소송지휘,속도,대표,지연술,국민,지탄,명심","선거법,1심,2심,대법원,이재명,100만,재판부,대장동,위증교사,항소심,더불어민주당,성남","이재명 더불어민주당 대표의 선거법 2심 재판부가 이 대표 사건에만 집중해 심리 속도를 높인다. 현직 대통령이 ‘법관의 영장’으로 체포된 이후, 국민 시선은 온갖 지연전략으로 형사재판 속도를 늦춘 이 대표 쪽으로 쏠리고 있다.
 서울고법은 이 대표 선거법 사건 항소심 재판부에 3월 12일까지 새 사건을 배당하지 않는다고 한다. 지난해 11월 15일 1심법..",https://www.hankookilbo.com/News/Read/A2025011615420001549,
01100401.20250117233057001,20250117,동아일보,,[사설]“포고령은 과거 예문 잘못 베낀 것” 아무리 핑계가 궁하기로,정치>청와대, 정치>국회_정당, 정치>행정_자치,,,,"김,윤,윤석열,김 전,김용현",무산시,"동원,계엄군,기동대,포고령,헌법재판소,국방부,경찰청장,계엄포고령,국회,선관위","포고령,과거,예문,핑계,윤석열,대통령,계엄포고령,국회,지방의회,정당,활동,일체,정치,활동,조항,포함,김용현,국방부,장관,과거,예문,답변서,헌법재판소,제출,장관,대통령,국회해산권,시절,작성,포고령,초안,대통령,부주의,간과,포고령,계엄,실행,핵심,역할,만큼,계엄,주도,세력,작성,심혈,장관,작성,초안,이틀,계엄,선포,이틀,대통령,보고,지시,사항,보완,대통령,보고,승인,장관,공소장,법률가,출신,대통령,개헌,국회해산권,폐지,사실,조항,주장,납득,장관,작성,반박,대통령,검토,착오,과거,포고령,포고령,정치,활동,사례,구체적,국회,지방의회,정당,활동,미복귀,전공,처단,조항,예전,포고령,대통령,의중,반영,의문,대목,대통령,국회,선관위,출입,포고령,수사,결과,대통령,경찰청장,국회,의원들,체포,포고령,위반,지시,경찰,기동대,버스,동원,국회,봉쇄,선관위,병력,직원,체포,서버,계엄군,유리창,국회,본청,진입,흥분,군중,대통령,주장,대통령,도끼,본회의장,의원들,지시,조사,투입,목적,표결,계엄,해제,무산,얘기,핑계,위헌,위법적,아랫사람,변명,모습","포고령,선관위,아랫사람,의원들,만큼,윤석열,국회해산권,헌법재판소,위법적,기동대,재판소,계엄군,답변서,김용현,계엄포,법률가,본회의장,미복귀,지방의회,유리창,국방부,공소장,계엄포고령,부주의,경찰청장","윤석열 대통령 측이 계엄포고령에 ‘국회와 지방의회, 정당의 활동 등 일체의 정치 활동을 금한다’는 조항이 포함된 것에 대해 “김용현 전 국방부 장관이 과거 예문을 잘못 베낀 것”이라는 답변서를 헌법재판소에 제출한 것으로 밝혀졌다. 김 전 장관이 대통령의 국회해산권이 있던 시절에 작성된 포고령대로 초안을 만들었고 윤 대통령은 “부주의로 간과”했다는 것이다..",https://www.donga.com/news/Opinion/article/all/20250116/130879892/2,
01100401.20250117232432001,20250117,동아일보,,[사설]“이태원 어쩌죠?” “국조위 센 의원들로” 明과 이런 국정 논의도,정치>국회_정당, 정치>외교, 정치>청와대,,,,"김,송언석,명,윤석열,김영선,정점식,김건희,배현진,명태균","대한민국,동남아,캄보디아,프놈펜,앙코르와트,이태원,마산","브로커,검찰,국정조사,국회","이태원,국조위,의원들,국조위,의원,국정,김건희,여사,취임,윤석열,대통령,명태균,정치,브로커,명태균,연락,국정,논의,정황,보도,검찰,수사,보고서,이태원,참사,달쯤,국회,이태원,참사,진상,규명,국정,조사,계획서,통과,여사,텔레그램,메시지,의견,국정,조사,위원,당내,전투력,언론플레이,의원들,포진,정점식,배현진,송언석,명단,제시,여사,대화,이태원,사고,검수완박,비대,경찰,조직,구조조정,조언,여사,동남아,순방,얘기,남쪽,조심,문자,여사,정어리,마산,앞바다,집단,폐사,이태원,사고,사고,무궁화호,탈선,비행기,추락,대화,나흘,여사,캄보디아,방문,앙코르와트,각국,정상,배우자,프로그램,참석,일정,취소,수도,프놈펜,대통령,대선,도움,취임,연락,여사,차례,일상,연락,주장,검찰,수사,보고서,양측,SNS,대화,여사,이태원,사건,대응,방안,국정,조사,위원,참여,여당,의원,추천,국정,상의,증거,대통령,이태원,사건,야당,공격,대비,김영선,의원,지자체장,책임,안전,관리,강화,개정안,발의,연락,동남아,순방,여사,대한민국,무기,수출,천연자원,계약,대물,변제,조언,대선,부부,대통령,여론,조사,캠프,인선,개입,대선,사실,비선,참모,역할,의심","이태원,의원들,명태균,계획서,국조위,각국,비선,앞바다,보고서,마산,윤석열,완박,구조조정,배현진,송언석,언론플레이",김건희 여사가 윤석열 대통령 취임 후에도 정치 브로커 명태균 씨와 수시로 연락하며 국정을 논의한 정황이 잇따라 나오고 있다. 최근 보도된 검찰 수사보고서에 따르면 이태원 참사 후 한 달쯤 지난 2022년 11월 24일 국회에서 이태원 참사 진상 규명을 위한 국정조사 계획서가 통과되자 김 여사는 명 씨에게 텔레그램 메시지로 ‘어찌하면 좋을까요’라며 의견을..,https://www.donga.com/news/Opinion/article/all/20250116/130879894/2,
01101001.20250116184008002,20250116,한겨레,한겨레,"[사설] 체포되고도 법 무시 윤석열, “포고령 잘못 베꼈다” 궤변",정치>청와대, 국제>중남미, 정치>행정_자치,,,,"김,윤석열,김 전,김용현","망상,12·3 비상계엄,비상계엄","군사정권,계엄군,고위공직자범죄수사처,서울중앙지법,포고령,공수처,헌법재판소,국방부,국회,헌재,비상계엄,법원","체포,윤석열,무시,포고령,궤변,우두머리,피의자,대통령,윤석열,체포,수사,부정,안하무법,행태,12,김용현,김용현,국방부,장관,주장,민주,법치,국가,시민,몰상식,억지,연속,인물,대통령,책임,국정,최고,대통령,체포,고위공직자범죄수사처,공수처,8시간,조사,비상계엄,대통령,고유,권한,일방,주장,시종일관,답변,거부,16일,자체,공수처,조사,거부,불출석,재판,헌법,재판소,탄핵,심판,대통령,체포,부당,서울중앙지법,체포적부심,신청,체포,피의자,진술,거부,체포적부심,신청,보장,권리,대통령,공수처,수사,법원,영장,발부,수사,자체,근본,부정,헌법,법률,수호,책임,대통령,자신,안위,사법체계,전면,부정,국가,해악,헌정,파괴,내란죄,일말,반성,따름,대통령,헌법,재판소,제출,답변서,12,김용현,장관,군사정권,예문,간과,취지,변명,포고령,비상계엄,국회,활동,침해,헌법,정면,위헌,판정,대통령,장관,책임,술수,장관,변호인,16일,장관,초안,대통령,검토,장관,대통령,거짓말,반박,대통령,헌재,답변서,비상계엄,계엄군,비상계엄,국회,유리창,흥분,군중,목적,주장,해독,불가능,궤변,대통령,상식,농락,망상,헌정사상,체포,현직,대통령,입증,법치,민주주의,법치,파괴,내란범,단죄","비상계엄,공수처,포고령,윤석열,김용현,답변서,피의자,재판소,체포적부심,국방부,내란범,사법체계,공직자,헌정사상,몰상식,내란죄,유리창,헌정사,서울중앙지법",내란 우두머리 피의자 대통령 윤석열이 체포된 뒤에도 여전히 수사의 정당성을 부정하는 ‘안하무법’ 행태를 계속하고 있다. 그러면서 12 3 비상계엄 포고령에 대해선 ‘김용현 당시 국방부 장관이 잘못 베꼈다’는 등 황당하기 그지없는 주장을 펴고 있다. 민주 법치 국가의 시민이라고 할 수도 없는 몰상식과 억지의 연속이다. 이런 인물에게 대통령이라는 국정 최고..,http://www.hani.co.kr/arti/opinion/editorial/1178324.html,
01101001.20250116182002001,20250116,한겨레,한겨레,[사설] 국민의힘 ‘윤석열 손절’하고 내란 특검법 협의 나서야,정치>청와대, 정치>국회_정당, 국제>중남미,범죄>범죄일반>유괴/납치,,,윤석열,"비상계엄 특검법,임해,한남동","북,고위공직자범죄수사처,계산,국민의힘,NLL","국민,윤석열,손절,특검법,협의,국민,16일,6당,내란,특검법,비상계엄,특검법,자체,발의,야당,추천권,특검,추천,대법원장,여권,위헌,주장,대목,수정,특검법,재발,국민의힘,트집,반대,발의,자체,법안,이날,발의,검토,핑계,지연,작전,국민,계엄,특검,법안,야당,법안,범위,특검,수사,외환,유치,내란,선전,선동,혐의,제외,엔엘엘,NLL,공격,유도,수첩,내란,세력,마련,비상,계엄,근거,장기화,남북,남북,무력,충돌,획책,정황,내란,전모,규명,의혹,수사,국민,외환,혐의,수사,대상,광범위,기밀,유출,제외,야당,비상계엄,행위,수사,범위,제한,추가,협의,가능,입장,내란,선전,선동,일반,국민,수사,국민,주장,야당,자체,선전,선동,수사,대상,한정,여야,협의,접점,국민,꼬투리,국민,혐의,대안,협의,야당,정치력,발휘,국민,8일,내란,특검법,재표결,부결,내란,옹호,비판,자초,체포,수사,거부,불법적,윤석열,대통령,일방적,비호,역주행,의원들,의원,한남동,관저,체포,대통령,지도부,불법,체포,감금,혐의,고위공직자범죄수사처장,고발,대다수,민심,극렬,지지,정치,생존,가능,계산,체포,대통령,역사,시간표,단죄,내란,세력,국면,정국,정상,국민,방향,마지막,기회,내란,특검,신속,출범,전환,첫걸음","특검법,비상계엄,윤석열,의원들,수사처장,대다수,공직자,한남동,역주행","국민의힘이 16일 야 6당의 내란 특검법에 맞서 ‘비상계엄 특검법’을 자체 발의한다고 밝혔다. 야당이 지난 9일 특검 추천권을 대법원장에게 주는 등 여권이 위헌이라고 주장한 대목을 수정한 내란 특검법 재발의 뒤에도, 국민의힘은 이런저런 트집을 잡으며 반대해왔다. 자체 법안 발의도 없이 시간을 끌다 이날에야 17일 발의를 검토한다고 했다. 더 이상 온갖 ..",http://www.hani.co.kr/arti/opinion/editorial/1178321.html,
01100101.20250116181708001,20250116,경향신문,,[사설] 조사 거부하고 거짓 선동하는 윤석열 구속시켜야,정치>국회_정당, 정치>행정_자치, 정치>청와대,,,,"김,윤석열,전현직,검찰총장,김용현","안중,12·3 비상계엄,한남동","서울중앙지법,공수처,포고령,헌법재판소,검찰,국방부,서울구치소,국회,자유민주,비상계엄","조사,거부,거짓,선동,윤석열,구속,12,우두머리,대통령,윤석열,체포,이틀,조사,공수처,불응,관저,한남동,체포,공수처,압송,당일,조사,비상계엄,내란죄,성립,취지,입장,구체적,사안,답변,체포,압송,관저,성명,형식,영상,부정선거,증거,국민들,선동,체포,이튿날,입장,얘기,공수처,출석,구금,장소,서울구치소,윤석열,법기술,총동원,자신,방어,검찰총장,대통령,염치,체면,안중,공수처,체포영장,집행,유혈사태,공수처,출석,자진,출석,포장,구속,영장,심사,유리,체포,적법,체포적부심,청구,서울중앙지법,이날,기각,윤석열,헌법재판소,답변서,탄핵,심판,포고령,장관,김용현,국방부,종전,대통령,국회해산권,예문,문구,윤석열,부주의,간과,포고령,표현,주장,국회,계엄해제요구권,무력화,포고령,위헌,방어,불가능,책임,김용현,장관,바보,작정,장관,이날,국회,권능,무력화,국정,마비,상황,정치활동,착오,포고령,윤석열,주장,윤석열,반박,책임,코미디,윤석열,법기술,윤석열,내란,증거,검찰,장관,공소장,헌법상,국민주권제도,의회제도,정당제도,선거관리제도,사법제도,자유,민주,기본,질서,파괴,국헌,문란,목적,지역,평온,폭동,12,내란,규정,내란,가담,군경,고위,간부,구속기소,지시,우두머리,구속,공수처,대통령실,관저,압수수색,윤석열,구속,여죄","윤석열,공수처,포고령,비상계엄,김용현,답변서,무력화,국방부,한남동,국헌,정치활동,부정선거,유혈사태,체포적부심,총동원,서울중앙지법,계엄해제요구권,헌법상,재판소","12 3 내란 우두머리인 대통령 윤석열이 체포 이틀째인 16일 공수처 조사에 불응했다. 전날 한남동 관저에서 체포돼 공수처로 압송된 그는 당일 조사에서 ‘비상계엄은 정당했으며 내란죄가 성립하지 않는다’는 취지의 입장만 밝히고, 구체적인 사안에 대해선 답변하지 않았다고 한다. 체포 압송 전에는 ‘관저 성명’ 형식의 영상에서 “부정선거의 증거는 너무나 많다..",https://www.khan.co.kr/article/202501161815011,
01100101.20250116181616001,20250116,경향신문,,"[사설] 윤석열 일당의 반중 선동, 탄핵 방어하려 외교 망치나",국제>중국, 정치>선거, 정치>청와대,,,,"윤석열,김민전,이상휘,이재명","중,미국,중국,미,비상계엄,한국,태양","민주당,정부,헌법재판소,유튜브,중국,집권당,대국,신화통신,페이스북,선관위,행정부,국민의힘","윤석열,일당,선동,탄핵,방어,외교,망치나,대통령,윤석열,비상계엄,반중,태도,공개적,표출,한국,외교,후유증,윤석열,12월,대국민,담화,중국인들,군사,시설,촬영,언급,시설,중국,태양광,전국,삼림,파괴,윤석열,헌법,재판소,제출,탄핵,심판,답변서,비밀번호,선관위,전산,비밀,중국,중앙,정부,지방정부,연결번호,중국,외부,듯이,일치성,부정,선거,음모,체포,페이스북,부정선거,시도,추진,정치세력,국제,연대,협력,나라,국제,연대,명시,권위주,독재국가,인민민주주,독재,반복,언급,중국,지칭,여당,의원,2030세대,연설,탄핵,반대,집회,유튜브,친중,세력,반감,감동,윤석열,태도,국민,지지자들,확대,생산,김민전,의원,집회,중국인들,탄핵,소추,찬성,탄핵,본질,이상휘,의원,이재명,민주당,대표,신화통신,포함,외신기자들,비밀,회동,통상,간담회,비밀,회동,음모론,제기,외신기자들,반발,연일,집회,윤석열,지지,헤이트스피치,발언,난무,윤석열,여당,일각,비이성적,선동,탄핵,방어,지지,결집,국익,무책임,행동,미국,트럼프,행정부,출범,균형,외교,방향,정부,노력,정책,전환,찬물,중국,윤석열,대국민,담화,공개적,불쾌감,표시,글로벌타임스,중국,관영,글로벌,타임스,한국,집권당,국민,윤석열,대통령,탄핵,정서,비판,윤석열,여당,경거망동,국격,훼손,외교,명심,당부","윤석열,중국,반중,선관위,부정선거,한국,음모론,답변서,태양광,미국,외신기자들,신화통신,이재명,공개적,중국인,대국민,중국인들","대통령 윤석열이 비상계엄 이후 반중 태도를 공개적으로 표출해 한국 외교에 심각한 후유증을 안기고 있다. 윤석열은 지난해 12월12일 대국민 담화에서 중국인들의 군사시설 촬영 등을 언급하고, “‘중국산 태양광 시설’들이 전국 삼림을 파괴할 것”이라고 했다. 윤석열은 지난 14일 헌법재판소에 제출한 탄핵심판 답변서에서 선관위 전산시스템 비밀번호가 “중국 중..",https://www.khan.co.kr/article/202501161815021,
01100901.20250116003654001,20250116,중앙일보,,"[사설] 참담한 현직 대통령 체포 여야, 이젠 정치 회복 나서야",정치>청와대, 국제>중남미, 정치>국회_정당,사회>사회갈등>반란_혁명_폭동,,,"진영,윤석열,한덕수,이재명","한남동,비상계엄,대치","동원,서부지법,고위공직자범죄수사처,민주당,공수처,검찰,더불어민주당,국회,의총,선거관리위원회,경호처,국민의힘","참담,체포,현직,대통령,회복,이젠,정치,헌정,사상,비극,이면,정치,부재,대결,극단,진영,타협,경쟁을,민생,회복,12,발생,윤석열,대통령,고위공직자범죄수사처,체포,장면,참담,영장,집행,충돌,헌정,사상,현직,대통령,체포,사실,자체,국격,훼손,대통령,위헌,위법,비상계엄,선포,경찰,동원,폭동,혐의,내란,수괴,이면,협상,타협,정치,부재,극단,진영,똬리,대통령,취임,개월,신분,현직,대통령,체포,본인,자초,측면,대통령,국회,선거관리위원회,경찰,투입,2시간,내란,질서,유지,소수,병력,투입,폭동,반응,경찰,피의자들,공소장,대통령,문짝,도끼,명령,증언,다수,조사,공수처,조사,서부지법,체포,영장,발부,위법,주장,반복,일관,과거,탄핵,소추,대통령들,검찰,조사,경호처,직원,집행,영장,대통령,신병,확보,갈등,일단락,만큼,사법,조사,기소,탄핵,심판,절차,진행,대통령,물론,여야,진영,대결,진영,대통령,공수처,체포,공개,영상,메시지,체포,대치,장면,세계,전파,국격,추락,와중,대통령,사과,나라,합리화,몰두,공수처,조사,진술,거부,법적,정치적,책임,회피,담화,한덕수,국무총리,국회,국민,헌법,법률,대통령,신병,확보,사법,절차,시작,한편,정치적,계기,정치권,만큼,여야,정치,정치,회복,상태,국정,공백,원내,더불어민주당,자세,변화,그동안,민주당,줄탄핵,내란,특검,강행,탄핵,사유서상,내란죄,철회,이재명,대표,사법,리스크,회피,실현,조기,대선,진력,비판,거대,야당,민생,국정,우선,균형,책임감,국민,민주당,지지율,하락,확인,여당,국민,유혈,사태,결단,대통령,옹호,불법,영장,주장,동조,의원,다수,한남동,관저,공수처,경찰,마찰,의총,방문,공수처,항의,고발,검토,대통령,동조,극단,보수,회귀,모습,중도,외면,명심,자필,편지,부정,선거,음모,대통령,거리,야당,협의,통과,민생,법안,노력,여당,역할","공수처,진영,만큼,비상계엄,국격,민주당,경호처,참담,이젠","━
 헌정 사상 최초의 비극, 이면에는 심각한 정치 부재 
 
 ━
 극단적 진영 대결 접고 타협 통한 민생 회복 경쟁을 
 12 3 비상계엄 사태가 발생한 지 43일 만인 어제 윤석열 대통령이 고위공직자범죄수사처에 체포되는 장면은 참담했다. 다행히 영장 집행 과정에서 큰 충돌은 피했지만, 헌정 사상 최초로 현직 대통령이 체포된 사실 자체만으로 국격 훼..",https://www.joongang.co.kr/article/25307865,
01100801.20250116003036001,20250116,조선일보,조선일보,"[사설] 초유의 대통령 체포, 지금이라도 모두 법 지켜야",정치>청와대, 국제>중남미, 정치>행정_자치,사고>교통사고>노상사고, 사회>사회갈등>시위,,"윤석열,한덕수,이재명,최상목","중계,비상계엄","점령군,민주당,검찰,국회,한국,미래엔,법원,계엄군,공수처,헌법재판소,유튜브,불공정,비상계엄,사법부,국민의힘","초유,대통령,체포,윤석열,대통령,43일,비상계엄,선포,혐의,내란,공수처,체포,현직,대통령,체포,피의자,신분,조사,사상,대통령,유혈,사태,불법,수사,공수처,출석,체포영장,집행,경찰,체포,대통령,관저,투입,버스,차벽,대통령,공수처,도착,장면,세계,중계,진입,계엄군,국회,충돌,관저,주변,충돌,연일,탄핵,찬반,시위,현직,대통령,체포,영화,사태,43일,연쇄적,발생,참담,유혈,사태,천만다행,사태,대통령,비상계엄,촉발,국회,사법부,수사,당국,예외,정치,논리,무시,혼란,가중,대통령,체포,공개,계엄,부정선거,주장,선포문,애초,비상계엄,부정,선거,증거,증거,헌법재판소,검찰,경찰,수사기관,제출,사실,여부,확인,실제,부정,선거,확인,대통령,유튜브,괴담,미혹,정치권,나라,미래,아랑곳,정치,득실,대선,조급증,민주당,사유,대통령,탄핵,소추,핵심,내란죄,철회,국민,탄핵,한덕수,권한,대행,최상목,대행,대행,탄핵,위협,내란특검,외환,外患,혐의,추가,정상,활동,족쇄,국민,민주당,점령군,행세,여론,역풍,계엄,옹호,모습,헌법재판소,정치,압력,양측,수긍,흠결,탄핵,심판,탄핵,한덕수,대행,정족수,정리,법원,선거법,포함,재판,이재명,대표,정상적,진행,대통령,대표,사법,불공정성,반발,국제사회,한국,정상,작동","비상계엄,한덕수,공수처,부정선거,정치권,민주당,선거법,계엄군,재판소,이재명,헌법재판소,정족수,국제사회,불공정성,내란죄,체포영장",윤석열 대통령이 비상계엄 선포 43일 만인 15일 내란 혐의로 공수처에 체포됐다. 현직 대통령이 체포돼 피의자 신분으로 조사받는 것은 사상 처음이다. 윤 대통령은 “유혈 사태를 막기 위해서 불법 수사이기는 하지만 공수처 출석에 응하기로 했다”고 말했다. 그러나 체포영장 집행을 위해 경찰 체포조가 대통령 관저에 투입돼 버스 차벽을 넘고 대통령이 공수처에 ..,https://www.chosun.com/opinion/editorial/2025/01/16/2BR3S2TAZZDIZMWCLUDLQQMRQE/?utm_source=bigkinds&utm_medium=original&utm_campaign=news,
01100801.20250116002056001,20250116,조선일보,조선일보,[사설] 법 무시 이어 공문서 위조 논란까지,정치>청와대, 정치>행정_자치, 사회>사회일반,,,,"윤석열,한덕수,최상목",,"서부지법,55경비단,서울중앙지법,공수처,헌법재판소,국방부,국회,헌재,공조수사본부,경호처","무시,논란,공문서,위조,윤석열,대통령,체포,논란,위반,공수처,체포,당일,논란,공문서,위조,공수처,체포,55경비단,영장,집행,출입,허가,공지,국방부,경호처,부인,출입,허가,공문,사진,공개,공문,공수처,수사,협조,요청,문건,쪽지,경비단장,도장,55경비단장,도장,거부,공조,수사본부,수사관,도장,공문서,위조,행동,공문서,위조,범죄,공수처,구체,해명,위법,절차,무시,행태,애초,내란죄,수사,공수처,수사,공수처,관할,서울중앙지법,서부지법,대통령,체포,영장,청구,판사,쇼핑,의혹,판사,체포,영장,압수,수색,예외,조항,적용,배제,적시,재판관,헌법,재판소,사무처장,국회,혼자,재판,국회,한덕수,권한,대행,탄핵소추,151석,정족수,결정,대행,탄핵,헌재,기각,최상목,대행,임명,헌법,재판관,연쇄,논란,체포,대통령,사법,절차,시작,위반,논란,절차,무시,혼란,국민,결과,납득,정치,불안,일상화,절차,적법,공정,진행","공수처,공문서,재판관,사무처장,한덕수,내란죄,55경비단장,서부지법,국방부,수사본부,경호처,151석,정족수,일상화,서울중앙지법,수사관,최상목,55경비단,경비단","윤석열 대통령을 체포하기까지 끊임없이 법 위반 논란을 불러온 공수처가 체포 당일에도 공문서 위조 논란에 휩싸였다. 공수처는 체포 전날 대통령 관저 외곽 경호를 담당하는 55경비단에 “영장 집행을 위한 출입 허가를 받았다”고 공지했다. 하지만 국방부와 경호처가 이를 부인하자 출입 허가 공문 사진을 공개했는데, 그 공문은 공수처의 수사 협조 요청 문건에 쪽..",https://www.chosun.com/opinion/editorial/2025/01/16/C5B7PUOJS5HHTKKBFU637IKCKE/?utm_source=bigkinds&utm_medium=original&utm_campaign=news,
01101101.20250116001030002,20250116,한국일보,,[사설] 법치주의 작동 확인한 현직 대통령 체포,정치>청와대, 국제>중남미, 국제>미국_북미,사고>교통사고>노상사고,,,"전두환,노태우,노무현,이명박,박근혜,윤석열","민주,평시,비상계엄,대한민국","동원,고위공직자범죄수사처,법원","확인,법치주의,작동,체포,현직,대통령,최고,권력자,철저,수사,단죄,본보,기를,영장,집행,거부,윤석열,대통령,우두머리,수괴,혐의,체포,대통령,불법,수사,유혈사태,자발성,강조,경호차량,강제,체포,자진,출석,둔갑,불소추,특권,내란,외환,제외,철통,경호,현직,대통령,구금,평시,상상,전대미문,박근혜,전두환,노태우,노무현,이명박,퇴임,수사,대통령,현직,대통령,체포,비극,체포,법치주의,거부,최고,권력자,법관,영장,굴복,상징,장면,비상계엄,선포,43일,대통령,초법적,행태,절차,이용,법비,이익,무리,법꾸,자세,대통령,불법,소지,비상계엄,헌정,중단,계엄,시도,실패,비상식적,탄핵,심판,절차,수사,기관,관할,소환,요구,무시,법원,체포영장,발부,관저,주변,지지자,선동,집행,경호관,영장,집행,동원,인간,장벽,집행,다중,방어선,출석,백기,체포,물리,행사,대통령,체포,대통령,상황,폭주,권력자,법치,강제,사상,초유,체포,작전,무시,이용,사람,대통령,법원,수사기관,헌법,법률,권한,대응,대행들,국정,총괄,국론,불안정,상황,현직,국가,원수,수사기관,강제,충돌,가능,법치,만큼,대한민국,작동,대통령,체포,계기,초법,조치,계엄,시작,정상,정국,테두리,최고,권력자,실감,권리,주장,체포,정치권,만연,사법,불신,조장,사법,정치화,법원,이데올로기,덧칠,고의,절차,지연,행태,경종,고위공직자범죄수사처,철저,수사,민주공화국,존립,위협,비상계엄,전모,내란행위,재발,본보기,대통령,묵비,일관,수사,협조","비상계엄,권력자,수사기관,법치주의,전두환,이명박,만큼,대한민국,대행들,자발성,공직자,지지자,고위공직자범죄수사처,불소추,전대미문,노태우","영장 집행을 거부하며 버티던 윤석열 대통령이 어제 내란 우두머리(수괴) 혐의로 체포됐다. 윤 대통령은 “불법 수사임에도 유혈사태를 막고자 응했다”며 자발성을 강조했다. 그러나 경호차량을 타고 갔다고 해서 ‘강제 체포’를 ‘자진 출석’으로 둔갑시킬 순 없다.
불소추 특권(내란 외환 제외)을 가지면서 철통 경호까지 받는 현직 대통령의 구금은 평시엔 상상하기..",https://www.hankookilbo.com/News/Read/A2025011515590003039,
01100401.20250116233112001,20250116,동아일보,,[사설]첫 현직 대통령 체포 마지막까지 피해자 행세한 尹,정치>청와대, 국제>중남미, 국제>일본,사회>사회갈등>시위,,,"윤석열,이의신","망상,서울,당하,한남동,비상계엄","원수,동원,고위공직자범죄수사처,공수처,군대,경찰,국회,대한민국,한국,법원","체포,현직,대통령,마지막,피해자,행세,책임,민주주,윤석열,대통령,관저,서울,한남동,대통령,체포,12,국회,32일,탄핵,소추안,의결,현직,대통령,체포,헌정사상,고위공직자범죄수사처,공수처,경찰,이날,집행,체포,영장,돌입,대통령,관저,체포,공수처,이송,대통령,공수처,조사,진술,거부,공수처,대통령,차벽,철조망,관저,강제,구인,국가적,참담,대한민국,국가,원수,국정,최고,책임자,수사기관,체포,초유,사태,국민,세계,충격,소식,외신들,대통령,체포,상황,실시간,한국,리더십,위기,재조명,산업화,민주화,동시,국가,칭송,한국,비상계엄,선포,군대,국회,난입,경찰,동원,작전,대통령,체포,세계,토픽감,대통령,체포,유혈사태,공수처,출석,궤변,억지,대통령,촬영,체포,직전,영상,메시지,나라,불법,불법,불법,자행,주장,불이익,피해자,호소,자신,지지,국민,선동,메시,그간,대통령,그간,행태,자신,단죄,피해자,중증,망상,대통령,부정,선거,음모,헌법,법률,무시,비상계엄,선포,야당,경고성,발뺌,이날,체포,공개,자필,편지,부정선거,증거,정치,외부,주권,침탈,세력,합작품,거대,음모론,대통령,책임,정치,회피,탄핵,수사,수사,회피,일관,행태,검찰총장,법조인,출신,의심,공수처,수사,내란죄,수사,요구,차례,출석,불응,수사,논란,법원,체포영장,발부,일단락,대통령,법원,이의신청,기각,억지,체포,직전,자진,출두,형식,요구,수사기관,체포,출석,모양새,구속영장,청구,도주,대통령,대한민국,안팎,만신창이,경찰,수뇌부,구속,당장,안보,치안,공백,물론,국가질서,근간,조직,상처,국민,불신,정치,불안,국가,신인도,타격,신용평가사,글로벌,신용,평가사,한국,신용,등급,하락,경고,관저,대표,사회,갈등,분열,치유,민주주의,장점,실수,적응,능력,민주주의,역사,실책들,국민,선출,지도자,대통령,국민,자신,실책,반성,기회,사실상,역사,심판,대통령,민주주의","공수처,피해자,한국,비상계엄,민주주의,음모론,부정선거,대한민국,그간,체포영장,서울,수사기관","윤석열 대통령이 15일 서울 한남동 대통령 관저에서 체포됐다. 12 3 비상계엄 사태 발생 43일, 국회의 탄핵소추안 의결 32일 만으로 현직 대통령이 체포된 것은 우리 헌정사상 처음이다. 고위공직자범죄수사처(공수처)와 경찰은 이날 오전 2차 체포영장 집행에 돌입한 지 5시간여 만에 윤 대통령을 관저에서 체포해 공수처로 이송했다. 윤 대통령은 공수처 조..",https://www.donga.com/news/Opinion/article/all/20250115/130871621/2,
01100101.20250115181532001,20250115,경향신문,,"[사설] 윤석열 체포, ‘내란 우두머리’ 단죄 첫발 뗐다",사회>사건_사고, 국제>중남미, 정치>행정_자치,,,,"윤갑근,석동현,윤석열,우원식 국회의장,한동훈,김용현,이재명","한남동,비상계엄,한국,벙커,북한","경향신문,고위공직자범죄수사처,검찰,국방부,더불어민주당,국회,한국,법원,중앙선거관리위원회,공수처,불공정,헌법재판소,서울서부지법,국민의힘","윤석열,체포,우두머리,뗐다,단죄,첫발,고위공직자범죄수사처,경찰,15일,10시,내란,수괴,대통령,윤석열,체포,12월,발생,비상계엄,사태,43일,서울서부지법,위헌,위법,비상계엄,선포,사실,의심,정황,인정,윤석열,체포,영장,발부,윤석열,반발,동조,세력,방해,책동,사태,진상,규명,책임자,처벌,중대,고비,윤석열,체포,민주주의,승리,헌법,법률,공동체,위기,엄단,시민,전적,부응,현직,대통령,수사기관,체포,사상,초유,권력자,심판,사실,소식,윤석열,체포,순간,금융,시장,주가,급등,달러,환율,급락,한국,경제,윤석열,리스크,해소,가능,투자자들,판단,공수처,검찰,경찰,수사,윤석열,내란,정도,얼개,윤석열,국회,의결,비상계엄,해제,병력,경찰,투입,국회,봉쇄,발포,명령,2번,선포,계엄령,진행,추가,계엄,언급,윤석열,우원식,국회,의장,대표,이재명,더불어민주당,한동훈,국민,대표,중앙,선거,관리,위원회,직원,법원,영장,체포,벙커,야당,대표,판결,현직,판사,체포,경향신문,언론사,단전,단수,조치,계획,사안,하나하나,사형,무기징역,북한,자극,국지전,외환,혐의,생각,등골,윤석열,위법,행위,분노,윤석열,체포,묵비권,행사,검찰총장,헌법,법률,수사기관,집행,거부,법꾸,소리,공정,상식,얘기,윤석열,불공정,비상식적,석동현,윤갑근,검사,출신,구성,행태,윤석열,변호인,윤석열,체포,자진,출석,꼼수,관저,입구,대통령,차량,마음,지지자들,선동,윤석열,체포,수사,궤도,진입,공수처,윤석열,조사,48시간,여부,구속,영장,청구,결정,김용현,공소장,국방부,장관,윤석열,혐의,입증,증거,증언,윤석열,경호처,방패,공수처,소환,3차례,불응,지지자들,내란,내전,획책,존재,자체,나라,시민,요인,공수처,법원,윤석열,구속,영장,청구,대통령실,한남동,관저,광범위,압수수색,확보,범죄,증거,전력,시민들,긴장,하루,과대망상,독재자,상상,범죄,12,시민들,한시,저항,연대,부당,명령,복종,거부,경찰,경호관,제복,시민,유의미,역할,민주주의,시민들,한국,암흑,시절,후퇴,유혈사태,발생,윤석열,체포,시작,공수처,경찰,수사,검찰,기소,법원,선고,헌법재판소,탄핵심판,시민들,관심,긴장,참여","윤석열,공수처,비상계엄,시민들,한국,민주주의,첫발,지지자들,국방부,더불어민주당,계엄령,이재명,지지자,우원식,수사기관","고위공직자범죄수사처와 경찰이 15일 오전 10시33분 ‘내란 수괴’ 대통령 윤석열을 체포했다. 지난해 12월3일 비상계엄 사태 발생 후 43일 만이다. 앞서 서울서부지법은 “위헌 위법한 비상계엄을 선포하는 등 피의 사실을 범했다고 의심할 만한 정황이 인정된다”며 윤석열 체포영장을 발부했다. 윤석열의 반발과 내란 동조 세력의 방해 책동에도, 이 사태의 진..",https://www.khan.co.kr/article/202501151815011,
01101001.20250115181012005,20250115,한겨레,한겨레,"[사설]국민의힘, 윤석열과 절연하고 진상규명 협조해야",정치>청와대, 정치>국회_정당,,,,,"김기현,오동운,우종수,권영세,나경원,윤석열,윤상현,최,최상목","서울,한남동","자유통일당,공수처장,고위공직자범죄수사처,검찰,국정조사,국회,국가수사본부,경호처,국민의힘","국민,윤석열,절연,진상,규명,협조,국민,윤석열,대통령,고위공직자범죄수사처,공수처,체포,집행,불법,영장,오동운,공수처장,우종수,국가,수사본부장,검찰,고발,권영세,비상,대책,위원장,대통령,사태,불법,체포,영장,결단,칭송,집행,합법,영장,불법,우두머리,피의자,옹호,여당,행태,이해,윤상현,김기현,나경원,30여명,여당,의원,이날,서울,한남동,대통령,관저,체포,영장,집행,관저,집결,이날,방어벽,거리,맹목적,윤석열,전광훈,자유통일당,여당,국민,대통령,소속,내란,체포,헌정사,초유,사태,석고대죄,비상계엄,탄핵심판,저지,내란,수사,눈치,극렬,지지,만큼,이쯤,국정,안정,여당,12,철저,진상,규명,단죄,신속,특검,제정,내실,국회,국정,조사,협조,대통령,체포영장,집행,방관,태도,일관,권한대행,최상목,대통령,권한,대행,태도,지적,대행,그동안,대통령,그동안,합법적,절차,막무가내,거부,경호처,협조,지시,불상사,반복,15일,물리,충돌,발생,책임,무책임,일관,대행,책임,직무유기,책임회피,책임","윤석열,체포영장,그동안,권영세,우종수,김기현,나경원,서울,최상목,수사본부장,공직자,탄핵심판,수사처,맹목적,만큼,비상계엄,불상사,공수처장,방어벽,피의자,공수처,직무유기,책임회피","국민의힘은 윤석열 대통령이 고위공직자범죄수사처(공수처)에 15일 체포되자, “불법 영장 집행”이라며 오동운 공수처장과 우종수 국가수사본부장을 검찰에 고발했다. 권영세 비상대책위원장은 윤 대통령이 불미스러운 사태를 막기 위해 불법 체포영장임에도 응했다며 “큰 결단”이라고 칭송했다. 합법적 영장 집행을 여전히 ‘불법’이라 우기며 내란 우두머리 피의자를 옹호..",http://www.hani.co.kr/arti/opinion/editorial/1178122.html,
01101001.20250115181012004,20250115,한겨레,한겨레,"[사설] ‘내란 수괴’ 윤석열 체포, ‘헌정유린 단죄’ 진정한 첫걸음",정치>청와대, 국제>중남미, 국제>미국_북미,,,,"윤,윤석열,이의신,김용현","서울,12·3 비상계엄,한남동,임하","동원,변호인단,고위공직자범죄수사처,공수처,헌법재판소,국방부,일국,국회,법원","내란,수괴,윤석열,체포,헌정유린,단죄,첫걸음,내란,우두머리,윤석열,피의자,대통령,15일,10시,관저,서울,한남동,체포,위헌,불법,12,내란,2주,법원,발부,체포영장,집행,물리력,동원,거부,나라,극도,혼란,불안정,체포영장,집행,내란세력,단죄,민주질서,재건,첫걸음,대통령,철조망,차벽,요새화,관저,집행,회피,모습,경호관들,인간,방패,무기,자신,체포,무책임,지시,수사,탄핵심판,책임,회피,태도,일관,일국,대통령,처신,헌정사상,현직,대통령,수사기관,체포,장면,연출,자업자득,대통령,체포,순간,나라,적반,하장식,궤변,변호인단,녹화,영상,공수처,고위공직자범죄수사처,수사권,체포영장,무효,불법,불법,불법,자행,주장,법치,대통령,법원,차례,체포영장,발부,이의신청,기각,피의자,불법,수사,체포,거부,자체,법치,훼손,행위,보통,시민,거부,체포영장,집행,자신,불이익,강변,이젠,지지층,선동,억지,주장,현직,대통령,이름,체포,평등,헌법,원칙,실현,법치국가,세계,민주주,역사,기록,사례,12,헌정,유린,최악,범죄,관용,중요임무,종사,김용현,국방부,장관,경찰,관련자들,구속기소,정점,대통령,철저,단죄,대통령,법망,행위,사실,입증,만큼,구속,수사,필수적,자체,물론,지속,내란범,집행,거부,사태,국격,실추,경제,불안정성,사태,조기,종식,시민들,불안,스트레스,체포,대통령,나라,정상화,출발점,내란범,옹호,이성,주장,혼란,상태,지속,시도,민주주의,시민들,의지,국회,대통령,탄핵,견인,공수처,경찰,집행,경찰,영장,집행,협조,강경파,경호처,배경,시민들,우두머리,본격적,수사,탄핵심판,시민들,헌법재판소,수사기관들,헌법,법률,수호","체포영장,시민들,피의자,내란범,공수처,첫걸음,윤석열,만큼,서울,2주,한남동,비상계엄,헌정사,지지층,경호관,김용현,이젠,민주주,중요임무,경호관들,헌정사상",‘내란 우두머리’ 피의자 대통령 윤석열이 15일 오전 10시33분 서울 한남동 관저에서 체포됐다. 위헌 불법인 12 3 비상계엄으로 내란을 일으킨 지 43일 만이다. 특히 지난 2주 동안 법원이 발부한 체포영장 집행을 물리력을 동원해 거부하면서 나라 전체가 극도의 혼란과 불안정에 빠졌었다. 뒤늦었지만 체포영장이 법대로 집행됨으로써 내란세력에 대한 진정한..,http://www.hani.co.kr/arti/opinion/editorial/1178121.html,
01100901.20250115003739001,20250115,중앙일보,,"[사설] 수사는 거부, 헌재는 시비 스스로 입지 좁히는 윤 대통령",정치>청와대, 정치>행정_자치,,,,,"김이수,정계선,정,정진석,윤석열,공동대표,문형배","상태도,비상계엄,대한민국,대치","변호인단,고위공직자범죄수사처,국회,대리인단,공익인권법재단,서울중앙지법,공수처,헌법재판소,대통령비서실,헌재,대한민국,대국,우리법연구회","수사,거부,헌재,시비,입지,대통령,변론,기일,재판관,기피,신청,기각돼,대응,결자해지,자세,헌법재판소,윤석열,대통령,탄핵심판,시작,대통령,헌재,심판정,모습,고위공직자범죄수사처,체포,영장,집행,신변,이날,변론기일,4분,종료,변론,대통령,출석,심리,진행,대통령,대리인단,정계선,헌재,재판관,기피,신청,재판관,진보,성향,법관,모임,회장,재판관,배우자,국회,탄핵,소추,대리인단,공동,대표,김이수,변호사,이사장,공익인권법재단,근무,헌재,문형배,헌재,소장,권한,대행,재판관,제외,7명,일치,의견,설명,대통령,변론,헌재,심리기일,일괄,지정,월권,반발,모습,대통령,헌재,탄핵심판,의문,재판관,퇴임,중순,탄핵심판,의도,비상계엄,사태,대통령,탄핵,대한민국,리더십,구멍,상황,탄핵심판,지연,수사,대통령,공수처,수사,내란,혐의,위법,경찰,수사,질문,나중,공수처,서울중앙지법,사전구속영장,청구,기소,요구,정진석,대통령,비서실장,대국민,호소문,대통령,수갑,수사관,관저,대한민국,모습,제3,장소,조사,방문조사,방안,제시,변호인단,대통령,실장,발언,조율,대통령,진심,수사,재판,대통령,비상계엄,법적,정치적,책임,공언,실제,행동,기본,국가원수,특권,주장,대통령,공수처,소환,요구,관저,대치,상태,강제,수사,필요성,소환,불응,상황,모면,대처,입지,공수처,경찰,체포,영장,집행,유혈충돌,불상사,해결책,사태,대통령,결자해지,結者解之,자세,수사","재판관,공수처,대리인단,탄핵심판,비상계엄,결자해지,대한민국,변론기일,정진석,정계선,이사장,공익인권법재단,변호사,김이수,공직자,기각돼,불상사,사전구속영장,7명,국가원수","━
 첫 변론기일 불출석 재판관 기피 신청은 기각돼 
 
 ━
 시간끌기식 대응 대신 결자해지의 자세 보여야 
 어제 헌법재판소에서 윤석열 대통령의 탄핵심판이 시작됐지만 윤 대통령은 헌재 심판정에 모습을 보이지 않았다. 고위공직자범죄수사처의 체포영장 집행에 따른 신변 우려 때문이라고 한다. 이날 첫 변론기일은 4분 만에 종료됐지만, 16일 2차 변론부터..",https://www.joongang.co.kr/article/25307579,
01100901.20250115003526001,20250115,중앙일보,,[사설] 이상민 전 장관의 언론사 단전 단수 지시 전모 밝혀야,사회>미디어, 정치>청와대, 정치>국회_정당,,,,"이,이상민,허석곤,허,윤석열,김용현,윤건영","12·3 비상계엄,여의변,서울로","소방청장,민주당,국방부,더불어민주당,행정안전위원회,국회,계엄사,MBC,행정안전부,포고령,경찰청,비상계엄,수도방위사령부,소방청","이상민,장관,언론사,단전,단수,지시,전모,소방청장,계엄,선포,전화,지시,증언,군사독재,용납,헌법,폭거,12,허석곤,소방청장,전화,언론사,단전,단수,협조,지시,증언,행정안전위원회,국회,행정,안전,위원회,출석,청장,의원,윤건영,더불어민주당,질의,장관,특정,언론사,경찰청,단전,단수,요청,협조,윤석열,대통령,계엄,선포,11시,분쯤,상황,청장,소방청,차장,논의,판단,조치,장관,특정,언론사,MBC,포함,경찰청,요청,단전,단수,다행,장관,언론사,폭압,조치,지시,사실,충격,계엄,포고령,언론,출판,계엄사,통제,항목,포함,가짜뉴스,여론조작,허위선동,언론,자유,침해,포고령,대통령,사전,검토,사실,김용현,국방부,장관,주장,언론사,단전,단수,조치,군사,독재,시절,장관,포함,계엄,관련자,청장,국회,증언,빙산,일각,시도,언론,탄압,전모,청장,장관,거론,언론사,기억,계엄,주동자,단전,단수,대상,지목,미디어,조치,장관,조사,독단,판단,인지도,장관,지방,계엄,당일,연락,서울,주장,사실,계엄,선포,언론사,지정,단전,단수,요청,자신,판단,가능성,계엄,단전,단수,언급,대통령,담화,지난달,대통령,국회,마비,국회,건물,단전,단수,조치,주장,방송,송출,제한,청장,증언,언론사,단전,단수,조치,대목,민주당,수도방위사령부,여의변전소,사전,답사,단전,준비,정황,폭로,대통령,주장,대로,비상계엄,경고용,언론사,단전,단수,지시,설명,장관,조사,초유,의혹,언론,탄압,전모","언론사,포고령,비상계엄,경찰청,군사독재,소방청장,더불어민주당,윤건영,국방부,이상민,한겨레신문,사령부,여의변전소,허위선동,여론조작,수도방위사령부,여의,계엄사","━
 소방청장, “계엄 선포 직후 전화로 지시” 증언 
 
 ━
 군사독재 때도 없던 반헌법적 폭거 용납 안 돼 
 12 3 비상계엄 선포 직후 이상민 당시 행정안전부 장관이 허석곤 소방청장에게 전화를 걸어 일부 언론사에 대한 단전 단수에 협조하라고 지시했다는 증언이 나왔다. 지난 13일 국회 행정안전위원회에 출석한 허 청장은 윤건영 더불어민주당 의원의..",https://www.joongang.co.kr/article/25307578,
01100801.20250115002918001,20250115,조선일보,조선일보,"[사설] 김이수 전 재판관, 尹 탄핵 사건 맡지 말았어야",정치>행정_자치, 사회>사건_사고, 정치>국회_정당,,,,"김이수,인준,정계선,정,문재인,윤석열,공동대표","해산,적도","민주당,통진당,국회,대리인단,법원,헌재소장,서울중앙지법,헌법재판소,불공정,헌재,재판부,우리법연구회,진상조사위원회,재판","김이수,재판관,사건,탄핵,헌법재판소,윤석열,대통령,제기,정계선,헌법,재판관,기피,신청,기각,민주당,추천,재판관,진보,성향,판사,모임,회장,사람,대통령,인사청문회,인사,청문회,탄핵,사건,예단,국회,김이수,변호사,재판관,남편,재단법인,이사장,헌재,재판관들,일치,의견,기각,사유,헌법재판소법,기피,사유,명시,재판관,공정,심판,사정,기피,신청,일선,법원,재판부,배우자,자녀,근무,로펌,사건,사건,재배,회피,재판관,남편,김이수,변호사,국회,국회,탄핵,소추,대리,무흠결,재판관,서울중앙지법,재판장,시절,가습기,살균제,사건,기소,재판,기업,관계자,재판,회피,기업,남편,재판관,가습기,사태,진상,조사,위원회,위원,기피,신청,남편,피해자,아내,재판,신청,기피,기각,요구,재판관,사건,재판부,재배,스스로,재판관,회피,재판관,상황,논란,상황,책임,김이수,변호사,헌법,재판관,출신,애초,탄핵,사건,헌법,재판관,시절,통진당,해산,반대,사람,논란,문재인,정권,헌재,소장,후보,지명,결국,인준,국회,부결,헌재,소장,후보,고사,논란,반복,판단,고장","재판관,김이수,변호사,가습기,대리인단,재판부,인사청문회,정계선,피해자,윤석열,서울중앙지법,재판소",헌법재판소가 윤석열 대통령 측이 제기한 정계선 헌법재판관 기피 신청을 기각했다. 민주당이 추천한 정 재판관은 진보 성향 판사 모임인 우리법연구회 회장을 지냈던 사람이다. 윤 대통령 측은 그가 인사청문회 때 탄핵 사건에 대한 예단을 드러냈다는 점을 들었다. 또 국회 측 탄핵소추 대리인단 공동대표인 김이수 변호사가 정 재판관의 남편과 같은 재단법인에서 이사..,https://www.chosun.com/opinion/editorial/2025/01/15/KIIYZFNYGFFUHAEHCAPPG5UIIM/?utm_source=bigkinds&utm_medium=original&utm_campaign=news,
01100801.20250115002403001,20250115,조선일보,조선일보,[사설] 국정원의 우크라 북한군 정보 보고도 ‘외환’인가,정치>북한, 국제>국제일반,,,,,윤석열,"우크라이나,북,우크라,전선,화력,북한,평양,무의,북한군,서방,우크라이나군,비상계엄,러시아","군,우크라이나,정부,민주당,북한군,국가정보원,현대,합참의장,외환,우크라이나군,국회,국정원","국정원,정보,우크라,북한군,외환,러시아,파병,북한군,실태,정확,파악,우크라이나군,생포,북한,병사,심문,참전,훈련,실전,전장,동료들,방공호,5일,병사,전선,상황,진술,국가,정보원,요원,우리말,분위기,덕분,우크라이나군,통역기,기계음,심문,병사,가능성,국정원,국회,파병,북한군,사망,부상,피해,보고,사상자,발생,드론,무의미,원거리,사격,지원,후방,화력,돌격,전술,현대전,이해,부족,정부,현지,요원,실시간,확인,정보,전황,민주당,비상계엄,선포,특검법,발의,외환,外患,혐의,윤석열,대통령,전쟁,무력,충돌,유도,해외,분쟁,지역,파병,포함,파병,존재,우크라이나,국정원,안보,희생,북한군,실상,전장,현황,능력,전술,김정은,반대,급부,현지,정확,파악,민주당,의원,우크라이나,파병,우크라이나,서방,각국,관계자,활동,파병,민주당,우크라이나,북한군,정보,실시간,파악,국정원,외환,혐의,합참의장,국회,작전,외환,용어,근본적,무시,대북,확성기,전단,살포,정상적,외환,실제,작전,실제,훈련,마비,침투,무인기,평양,김정은이,확인,외환,혐의,단초,별도,수사","북한군,국정원,우크라이나,민주당,우크라이나군,실시간,사상자,무인기,평양,김정은이,우크라,확성기,무의미,드론,원거리,방공호,기계음,합참,현대전,관계자,각국,특검법,김정은,통역기",러시아에 파병된 북한군 실태가 정확하게 파악되고 있다. 우크라이나군에 생포된 북한 병사는 심문에서 “(참전인 줄 몰랐고) 훈련을 실전처럼 해본다고 했다” “1월 3일 (전장에) 나와서 동료들이 죽는 것을 보고 방공호에 숨어 있다가 5일 다쳤다”고 했다. 이 병사가 전선 상황을 진술하는 것은 국가정보원 요원이 우리말로 물으며 분위기를 편하게 만들어준 덕분..,https://www.chosun.com/opinion/editorial/2025/01/15/CVEGAHF5TRG2TON3IP3RF4ISVM/?utm_source=bigkinds&utm_medium=original&utm_campaign=news,
01101101.20250115001112002,20250115,한국일보,,[사설] 법질서 무시한 윤 대통령이 사법체계 피해자라니,국제>중남미, 정치>청와대, 사회>사건_사고,범죄>범죄일반>마약,,,"윤,정,정진석,안창호,윤석열,이의신","호도,한남동,대한민국","동원,공위공직자범죄수사처,공수처,대통령비서실,남미,국가인권위,대국,법원,경호처","법질서,무시,대통령,사법,체계,피해자,정진석,대통령,비서,실장,국민,윤석열,대통령,사법체계,추방,방어권,발휘,보장,요구,제3,장소,조사,방문,조사,검토,제안,내란죄,수사,공위공직자범죄수사처,공수처,수사,불법,규정,조사,체포영장,집행,거부,대통령,대리인,주장,수긍,감정상,공수처,경찰,집행,체포,영장,의도,공수처,소환,조사,불응,경호처,동원,방해,체포영장,집행,법질서,훼손,대통령,사법,제도,피해자,묘사,어불성설,실장,남미,마약,갱단,폭압,위협,대통령,무릎,법절차,국가기관,진행,법원,인정,수사,폭압,위협,규정,법치,대통령,임명,안창호,국가,인권,위원장,실장,주장,방어,논리,상황,호도,대통령,신분,법지식,이용,수사,회피,방어권,사용,법학자,중론,체포영장,이의신청,기피신청,특정,헌법,재판관,기피,신청,기각,변호인,장외,변론,일반적,피의자,엄두,체포,영장,집행,경호처,공수처,경찰,사전,협의,자체,대통령,특권,지위,방증,실장,수갑,수사관,한남동,관저,대한민국,모습,영장,집행,예외,출석,수차례,자진,거부,상황,강제,구인,대통령,본인,실장,국가기관,정면충돌,나라,분열,위기,상황,심정,대국민,호소문,위기,대통령,체포영장,집행,관저,수사","체포영장,공수처,피해자,방어권,내란죄,호소문,경호처,안창호,대한민국,수차례,감정상,국가기관,정진석,법질서,대리인,사법체계,변호인,재판관,공직자,제3,피의자",정진석 대통령비서실장이 어제 대국민호소문을 내 “왜 윤석열 대통령만 사법체계 밖으로 추방돼야 하느냐”며 “자기 방어권을 충분히 발휘할 수 있도록 보장해야 한다”고 요구했다. “제3의 장소에서의 조사 또는 방문 조사 등을 검토할 수 있다”는 제안도 했다. 내란죄 수사권 문제를 들어 공위공직자범죄수사처(공수처) 수사를 불법으로 규정하고 조사나 체포영장 집행..,https://www.hankookilbo.com/News/Read/A2025011416480004298,
01101101.20250115001112001,20250115,한국일보,,"[사설] 국민의힘, 조속한 내란 특검법 발의로 협상 임해야",정치>청와대, 정치>선거, 정치>행정_자치,,,,"권성동,윤석열,최상목","비상계엄 특검법,임해,북한","민주당,더불어민주당,국민의힘","국민,특검법,발의,협상,임해야,국민,더불어민주당,야권,발의,내란,특검법,비상계엄,특검법,발의,권한대행,최상목,대통령,권한,대행,주문,여야,합의,특검,마련,야당,협의,정국,혼란,국론,분열,윤석열,대통령,내란,혐의,수사,논란,매듭,여당,특검법,발의,야당,협상,권성동,국민,원내대표,위헌,요소,제거,특검법,자체,비상계엄,발의,외환죄,추가,재발의,내란,특검법,수용,불가,민주당,국민,구체,발의,논의,가능,협상,여지,여당,특검법,결정,만시지탄,특검법,그간,야당,위헌성,지적,특검법,자체,제시,협상,여당,이날,야당,특검법,명칭,수사,대상,기간,구상,정작,시점,발의,여론전,장외,몰두,소모,공방,협상,시작,여당,진정성,모습,의견,수렴,특검법,발의,보수,결집,지지율,상승,장기적,집권,중도,확장,방해,여당,특검법,발의,민주당,16일,시한,특검법,처리,협상,여당,이탈표,반복,탄핵,민주당,전략,부재,격차,여야,지지율,요인,최대,쟁점,논란,외환죄,추가,여야,계엄,의혹,북풍,공작,연관성,사안,선별,북한,도발,조치,제외,지혜","특검법,민주당,지지율,외환죄,정작,최상목,그간,비상계엄,연관성,여론전,윤석열,만시지탄,원내대표,진정성,이탈표,권한대행,위헌성",국민의힘이 어제 더불어민주당 등 야권이 발의한 내란 특검법에 맞서 비상계엄 특검법을 발의하겠다고 밝혔다. 최상목 대통령 권한대행이 주문한 여야가 합의한 특검법 마련을 위해 야당과 협의에 나서겠다는 뜻도 밝혔다. 정국 혼란 국론 분열을 막고 윤석열 대통령의 내란 혐의에 대한 수사권 논란을 매듭지으려면 여당이 특검법을 조속히 발의해 야당과의 협상을 서두를 ..,https://www.hankookilbo.com/News/Read/A2025011411080000917,
01100401.20250115233048001,20250115,동아일보,,"[사설]제3 장소 방문 조사도, 서면조사도 안 된다면 어쩌자는 건지",국제>중남미, 정치>청와대,,범죄>범죄일반>마약,,,"정,정진석,윤석열,윤갑근",용산,"변호인단,고위공직자범죄수사처,공수처,대통령비서실,남미,경찰,대통령경호처,국방장관,대국,경호처,국민의힘","장소,방문,조사,서면조사,정진석,대통령,비서실장,대통령실,조사,윤석열,대통령,제3,장소,한남동,관저,방문조사,검토,대통령,변호인단,금시초문,반박,대통령비서실장,변호인단,180도,태도,고위공직자범죄수사처,공수처,경찰,집행,체포,영장,여권,혼선,양상,실장,호소문,이날,대국민,제목,SNS,대통령,남미,마약,갱단,방어,보장,주장,조사,장소,방식,조율,제안,실장,경찰,공수처,대통령경호처,기관,회동,직전,공개,대통령,대통령,윤갑근,변호사,공수처,수사,무효,일축,본보,통화,제3,장소,조사,관저,방문,서면조사,변호사,대통령,의아,실장,대통령,사전,협의,교감,제3,장소,방문,조사,방식,언급,의문,실장,대로,상식선,얘기,거부,대통령,비상식적,사전,협의,실장,제3,장소,방문조사,언급,기류,반영,실장,개인,의견,용산,대통령실,전반,생각,대통령,공수처,수사,현실,비서실장,인정,비대위원장,국민의힘,권영세,비대,위원장,얘기,임의,수사,호응,맥락,경호처,직원,동요,제안,여권,핵심부,형태,조사,의견,대통령,요지부동,형국,일체,수사,부정,입장,스스로,궁지,불법계엄,구속,국방장관,9명,기소,마당,책임,대통령,관저,혼자,조사,거부,사리,물리적,체포영장,집행,장면,자초,대통령,수사,제3,장소,방문조사,방식,가지,검토,수사","공수처,제3,경호처,대통령실,비서실장,체포영장,변호인단,변호사,방문조사,권영세,대국민,국민의힘,대통령비서실장,윤갑근,서면조사,정진석,윤석열,불법계엄,국방장관,9명,고위공직자범죄수사처,공직자","정진석 대통령비서실장이 14일 “대통령실은 윤석열 대통령 조사를 위해 제3의 장소나, (한남동 관저) 방문조사를 검토할 수 있다”고 했지만, 대통령 변호인단이 즉각 “금시초문”이라고 반박하는 일이 벌어졌다. 대통령비서실장과 변호인단이 180도 다른 태도를 보이면서 임박해진 고위공직자범죄수사처(공수처)와 경찰의 2차 체포영장 집행을 놓고 여권 내 혼선이 ..",https://www.donga.com/news/Opinion/article/all/20250114/130863455/2,
01100401.20250115232530001,20250115,동아일보,,[사설]“계엄 때 일부 언론사 단전 단수 지시” 어리석고 놀라운 발상,정치>청와대, 정치>행정_자치, 정치>국회_정당,,,,"여인형,이상민,허석곤,윤석열","12·3 비상계엄,비상계엄","경향신문,행정안전부,소방청장,한겨레신문,유튜브,국회,소방청,MBC","계엄,언론사,단전,단수,지시,발상,12,산하,기관,소방청,전화,경찰,언론사,단전,단수,요청,협조,지시,사실,허석곤,소방청장,국회,출석,지시,질문,야당,의원,전화,인정,실행,장관,지목,단전,단수,대상,언론사,MBC,경향신문,한겨레신문,윤석열,대통령,비상계엄,선포,초유,계획,언론사,통제,증언,경고,계엄,주장,배치,대통령,비상계엄,선포,거대,야당,망국,행태,상징적,국회,마비,목적,국회,건물,단전,단수,조치,언론사,조치,언론사,단전,단수,독재,정권,시도,요즘,현장,사건,사고,모바일,전송,디지털,시대,전기,언론,통제,시대착오적,발상,특정,언론사,사실,충격적,단전,단수,목록,대상,언론사,계엄,계엄,여당,대표,포함,체포,명단,자의적,여인형,방첩사령관,여인,방첩,사령관,체포,명단,대통령,평소,부정,인물들,진술,체포,명단,통제,대상,언론사,목록,자의성,계엄,선포,대통령,보복,행위,대통령,평소,신문,유튜브,부부,대통령,비판,방송,보도,무더기,중징계,신문기자,질문,대통령,회견,대통령,참모,무례,비판,입맛,극우,유튜브,언론,쓴소리,지경","언론사,유튜브,비상계엄,한겨레신문,경향신문,방첩사령관,여인형,인물들,중징계,쓴소리,소방청장,사령관,소방청,신문기자",12 3 비상계엄 선포 직후 이상민 당시 행정안전부 장관이 산하 기관인 소방청에 전화를 걸어 “경찰에서 언론사에 대한 단전 단수 요청을 할 경우 협조하라”는 지시를 한 사실이 드러났다. 허석곤 소방청장은 13일 국회에 출석해 이 같은 지시가 있었느냐는 야당 의원 질문에 “전화를 한 번 받았다”고 인정한 후 실행하지는 않았다고 답했다. 당시 이 전 장관이..,https://www.donga.com/news/Opinion/article/all/20250114/130863457/2,
01100801.20250114225428001,20250114,조선일보,조선일보,[사설] 공수처는 수사가 목적인가 체포가 목적인가,국제>중남미, 정치>청와대, 사회>사건_사고,범죄>범죄일반>폭행,,,"정진석,윤석열,최상목",대치,"변호인단,고위공직자범죄수사처,민주당,공수처,법원,경호처","공수처,수사,목적,체포,목적,고위공직자범죄수사처,경찰,대통령,경호처,윤석열,대통령,체포,영장,집행,논의,이견,공수처,경찰,체포,영장,집행,국가기관,충돌,유혈,사태,비서실장,정진석,대통령,대통령,조사,장소,방문,조사,검토,변호인단,대통령,사전,협의,검토,제안,현실,대안,공수처,거부,대통령,지난주,공수처,기소,사전,구속,영장,청구,법원,재판,공수처,반응,상황,약속,소환,불응,대통령,내란,혐의,수사권,공수처,수사,책임,공수처,계엄,검경,경쟁,수사,혼선,자초,조직,존재감,과시,무리,권한,수사,모습,체포,피의자,조사,절차,조사,목적,현실,대안,검토,병력,경찰,투입,체포,조사,대통령,수갑,관저,모습,정치,의도,의심,자초,민주당,의원,공수처,결기,자신들,공수처,공수처,민주당,압박,조사,체포,체포,체포,권한대행,최상목,대통령,권한,대행,국가기관,폭력,사용,당부,관련자,내란,혐의,관련자,구속,증거,확보,대통령,요구,구속,영장,청구,방식,조사,검토,현실적,관저,대통령,관저,공수처,경찰,경호처,5시간,대치,초유,사태,세계,생중계,자체,국격,국가,신인,유혈,사태,감당","공수처,민주당,관련자,경호처,국가기관,정진석,윤석열,최상목,공직자,생중계,존재감,국격,자신들,검경,고위공직자범죄수사처,수사처,수사권,변호인단","고위공직자범죄수사처와 경찰, 대통령 경호처가 14일 윤석열 대통령 체포 영장 집행 문제를 논의했지만 이견을 좁히지 못했다. 공수처와 경찰은 이르면 15일 체포 영장 집행에 나설 것이라고 한다. 국가기관 간 충돌이 또 벌어져 자칫 유혈 사태로 번질 수 있어 우려된다. 
 
정진석 대통령 비서실장은 “대통령에 대한 제3 장소 조사나 방문 조사를 모두 검토할..",https://www.chosun.com/opinion/editorial/2025/01/14/DXJACRF36VCVZLCSCGYPKOFUDU/?utm_source=bigkinds&utm_medium=original&utm_campaign=news,
01101001.20250114185009001,20250114,한겨레,한겨레,[사설] ‘관저 농성’을 ‘방어권’이라고 우기는 정진석의 궤변,정치>청와대, 국제>중남미, 국제>일본,범죄>범죄일반>마약, 사회>사회갈등>시위,,"정,정진석,윤석열,최상목","평안,대한민국","동원,고위공직자범죄수사처,공수처,검찰,경찰,남미,사법부,경호처","관저,농성,방어권,정진석,궤변,비서실장,정진석,대통령,고위,공직자,범죄,수사처,공수처,경찰,국가원수,최고,헌법,기관,윤석열,대통령,남미,마약,갱단,시민,자기방어권,보장,주장,어이,경호처,자신,사병,동원,사법부,발부,체포영장,집행,범죄자,대통령,공권력,갱단,조폭,두목,위세,실장,주장,기본,대통령,피해자,궤변,실장,공수처,영장,집행,협조,요청,대통령경호처,지휘감독,권한,거부,대통령,수갑,수사관,관저,대한민국,모습,체포,반대,국격,생각,대통령,참모,대통령,집행,자진,출두,마지막,품격,호소,실장,호소,대통령,물리,저항,수사기관,자진,출석,평안,사람,상식,고집,나라,실질적,고통,한시,공권력,집행,평등,실현,추락,나라,위상,유일,실장,이날,장소,조사,방문,조사,가능,특례,요구,조사,사실,황제,요구,대통령,검찰,공수처,출석,요구,차례,거부,체포영장,집행,무력,변호인,조력,권리,법원,판단,권리,방어권,공권력,불법,대통령,방어권,법치주의,원칙,공수처,경찰,궤변,낭비,대통령,영장,집행,수사,대통령,직무,정지,대통령실,책무,대통령,권한대행,최상목,대통령,권한,대행,업무,보좌,실장,대통령,개인,참모,실장,여론,가세,원칙,월권,권한,책임,실장,해임","공수처,공권력,갱단,경호처,방어권,정진석,체포영장,공직자,사법부,대한민국,국격,자기방어권,대통령실,변호인,국가원수,수사관,지휘감독,품격,수사처,수사기관,남미,법치주의,최상목,권한대행,대통령경호처",정진석 대통령 비서실장이 14일 고위공직자범죄수사처(공수처)와 경찰이 “여전히 국가원수이자 최고 헌법기관인 윤석열 대통령을 남미의 마약 갱단 다루듯 몰아붙이고 있다”며 “시민이라면 누구나 누릴 수 있는 자기방어권을 보장해달라”고 주장했다. 어이가 없다. 지금 경호처를 자신의 사병처럼 동원해 사법부가 발부한 체포영장 집행을 가로막는 범죄자가 누구인가? 윤..,http://www.hani.co.kr/arti/opinion/editorial/1177894.html,
01100101.20250114184057001,20250114,경향신문,,"[사설]윤석열 체포 추경 뒷짐, 거부권 남발, 정쟁만 키우는 최상목",정치>행정_자치, 정치>청와대,,,,,"윤석열,최,최상목",어제도,"국회,한국은행,텐가,경호처,국민의힘","윤석열,체포,추경,뒷짐,거부,남발,정쟁,최상목,권한대행,최상목,대통령,권한,대행,정쟁,불쏘시개,우두머리,윤석열,체포,영장,집행,경호처,불법,행위,방관,국민,선출,대통령,제한적,행사,거부권,남발,권한,12,사태,종식,국정,안정,의지,대행,고교,무상,교육,국비,지원,기간,연장,지방,교육,재정,교부금,개정안,거부권,행사,권한대행,내란,김건희,특검법,행사,번째,거부,대행,국회,정책,대안,논의,국회,책임,결국,국민,권한대행,정상,절차,국회,통과,법안,거부권,남발,월권,야당,국회,무시,윤석열,국민의힘,꼭두각시,작정,추가경정예산,대행,내수,진작,회복,민생,경제,예산,40%,1분기,조기,집행,추경,뒷짐,집행,예산,조기,경제,회복,부족,규모,재정,지출,한국은행,야당,실패,기조,윤석열,경제,정책,대행,집행,윤석열,체포,영장,태도,납득,대행,국가기관,물리,충돌,반복,걱정,지휘권,경호처,협조,지시,이날,대통령,현직,경호관,아내,언론,편지,어제도,지옥,마음,대행,용기,결단,호소,대행,심정,외면,체포,영장,집행,불상사,발생,대행,경호처,불법,방치,묵인,책임,대통령,권한,대행,중요,책무,사태,조기,수습,혼란,헌정,질서,국가,신인,추락,경제,외교,안보,불안,경제부총리,대행,대행,수괴,동조,세력,비호,처신,정쟁,유발,국민들,인내,명심","윤석열,거부권,경호처,권한대행,개정안,최상목,경호관,뒷짐,어제도,추가경정예산,지휘권,꼭두각시,김건희,한국은행","최상목 대통령 권한대행이 정쟁의 불쏘시개가 됐다. 내란 우두머리 윤석열의 체포영장 집행을 막는 경호처의 불법 행위를 방관하고, 국민이 직접 선출한 대통령도 극히 제한적으로 행사해야 할 거부권을 남발하고 있다. 최 권한대행은 도대체 12 3 내란 사태를 조속히 종식하고 국정을 안정시킬 의지가 있는지 묻게 된다.

최 대행은 14일 고교 무상교육 국비 지원..",https://www.khan.co.kr/article/202501141840001,
01100101.20250114183953001,20250114,경향신문,,[사설]언론사 전기 물 끊으라 한 ‘내란 공범’ 이상민 즉각 단죄해야,정치>청와대, 정치>행정_자치, 정치>국회_정당,,,,"이,곽종근,여인형,허석곤,윤석열,김용현",비상계엄,"소방청장,검찰,국방부,행정안전위원회,충암고,국회,MBC,행정안전부,공수처,경찰청장,대국,경찰청,비상계엄,국군방첩사령부,서울청,소방청","언론사,전기,내란,공범,이상민,단죄,대통령,윤석열,12,선포,장관,소방청,경향,한겨레,MBC,단전,단수,지시,곽종근,특전사령관,대통령,국회,전기,차단,지시,취지,검찰,진술,윤석열,지난달,대국민,담화,국회,마비,국회,건물,단전,단수,조치,방송,송출,제한,국회,전기,언론사,전기,수도,생각,거짓말,파렴치,허석곤,소방청장,행정안전위원회,국회,행정,안전,위원회,비상계엄,선포,지난달,11시,분쯤,소방청,간부,대책회의,장관,전화,청장,특정,언론사,경찰청,단전,단수,요청,협조,얘기,경향,한겨레,MBC,단전,단수,대상,포함,증언,단전,단수,소방,업무,조치,청장,증언,12,세력,언론사,단전,단수,계획,수립,경찰청,소방청,실행,장관,지휘,전달,역할,비상계엄,기획,시도,뒷받침,증거,윤석열,당일,계엄,선포,조지호,경찰청장,김봉식,서울,청장,안가,접수,기관,리스트,리스트,단전,단수,기관,리스트,동일,가능성,장관,리스트,작성,배후,규명,윤석열,충암고,인맥,장관,12,관여,사실,확인,장관,행적,비상계엄,전후,구석,4시간,김용현,비상계엄,선포,국방부,장관,30초,가량,통화,3월,국군방첩사령부,방문,여인형,사령관,충암고,출신,부대,간부,식사,정황상,장관,내란,관여,가능성,공수처,경찰,수사,단죄","비상계엄,윤석열,소방청,충암고,언론사,경찰청,사령관,이상민,김봉식,가능성,대국민,국군방첩사령부,사령부,한겨레,거짓말,허석곤,여인형,특전사령관,뒷받침,소방청장,경찰청장",대통령 윤석열이 12 3 비상계엄을 선포한 직후 이상민 당시 행정안전부 장관이 소방청에 경향 한겨레 MBC의 단전 단수를 지시한 것으로 드러났다. 앞서 곽종근 전 특전사령관은 ‘대통령이 국회 전기라도 차단하라는 지시를 했다’는 취지로 검찰에 진술하기도 했다. 그런데도 윤석열은 지난달 12일 대국민 담화에서 “국회 기능을 마비시키려 했다면 국회 건물에 대..,https://www.khan.co.kr/article/202501141838001,
01100101.20250114183801001,20250114,경향신문,,"[사설] 법꾸라지 윤석열의 ‘탄핵심판 방해’, 헌재 단호히 선그으라",사회>사건_사고, 국제>중남미, 정치>행정_자치,범죄>범죄일반>마약,,,"정계선,정,윤석열,문형배,김건희","우호,비상계엄","대통령비서실장,검찰,남미,헌재소장,도이치모터스,법원,공수처,헌법재판소,12·3 비상계엄,헌재,비상계엄,대국,우리법연구회,경호처","법꾸,윤석열,탄핵,심판,방해,헌재,대통령,윤석열,불출석,헌법,재판소,탄핵,심판,변론,4분,권한대행,문형배,헌재소장,권한,대행,피청구인,출석,헌법,재판소,변론,진행,기일,변론,당사자들,출석,변론,절차,진행,헌재,변론,2월,기일,일괄,지정,윤석열,반발,헌정,공백,헌재,신속,심리,절대다수,국민,요구,헌재,정계선,재판관,기피,신청,재판관,전원,일치,의견,기각,윤석열,재판관,진보,성향,회장,헌재,흠집,억지,윤석열,심판,지연,수령,헌재,서류,기피,헌재,윤석열,심판,지연,방해,책동,배격,12,민주주의,위협,헌법,위반,증거,윤석열,선포,비상계엄,헌법,법률,규정,계엄,실체적,절차적,요건,윤석열,대국민,담화,비상계엄,선포,대상,사법,심사,주장,근거,얘기,재판관들,보수,성향,재판관,윤석열,우호,입장,탄핵,심판,기각,일각,관측,가능성,탄핵,심판,헌법,위반,중대성,재판관,이념,성향,판단,여지,법조계,중론,윤석열,추종,세력,탄핵,심판,내란,수사,트집,법꾸라지,행태,반복,대통령비서실장,이날,정진석,대통령,비서실장,대국민,호소문,윤석열,제3,장소,조사,방문,조사,요구,한마디,검찰,수수,김건희,디올백,도이치모터스,의혹,주가,조작,수사,경호처,감시하,황제,조사,윤석열,집행,체포,영장,수작,실장,수사기관,윤석열,남미,마약,갱단,전적,윤석열,자초,가담자들,구속기소,윤석열,수사,수순,법원,발부,체포영장,집행,대통령,예외,공수처,경찰,윤석열,신병,차질,확보,헌재,신속,심리,작금,헌정,혼란,종식,국격,회복,시민들,일상,복귀","윤석열,재판관,비상계엄,대국민,김건희,헌재소장,디올백,문형배,정진석,체포영장,재판소,정계선","대통령 윤석열의 불출석으로 14일 헌법재판소 탄핵 심판 첫 변론이 4분 만에 끝났다. 문형배 헌재소장 권한대행은 “피청구인이 출석하지 않았으므로 헌법재판소법 52조에 따라 변론을 진행하지 않겠다”며 “다음 변론 기일에 당사자들이 출석하지 않더라도 변론 절차가 진행될 것”이라고 밝혔다. 헌재는 16일 2차 변론을 열고, 2월 초까지 5차 기일을 일괄 지정..",https://www.khan.co.kr/article/202501141836001,
01101001.20250114183011001,20250114,한겨레,한겨레,"[사설] 탄핵심판에 재판관 인신공격, 불복 명분 쌓기용인가",정치>청와대, 정치>행정_자치, 정치>국회_정당,,,,"이정미,윤,정계선,정,윤석열,강일원,문형배",,"반민주,변호인단,헌법재판소,불공정,더불어민주당,헌재,국회,대리인단,우리법연구회,회의록","탄핵심판,재판관,인신공격,불복,명분,탄핵,윤석열,대통령,14일,헌법,재판소,탄핵,심판,변론기일,출석,신청,헌법,재판관,기피,헌재,탄핵,심판,진행,트집,재판,뒷전,탄핵심판,불복,구실,변호인단,대통령,변론기일,더불어민주당,추천,정계선,헌법,재판관,기피,신청,재판관,판사,모임,회장,진보,성향,공정,심판,대통령,헌재,변론기일,일괄,지정,국회,회의록,증거,채택,불공정,재판,진행,주장,주장,법리,근거,헌재,사실,법조인,12,진보,보수,대립,민주,반민주,민주,국헌,문란,목적,처벌,폭동,행위,대통령,전략,재판,지연,의도,탄핵심판,지지자들,결집,헌재,압박,의도,노골적,전략,대통령,불리,작용,탄핵심판,박근혜,탄핵,심판,대통령,재판관,주심,재판,불공정,진행,기피,신청,이정미,헌재,소장,권한,대행,목적,심판,지연,각하,대통령,대리인단,헌재,일정,탄핵,심판,선고,의사,집단,사임,트집,헌재,지연,전략,만장일치,결정,대통령,파면,대통령,고집,8년,결과,문형배,헌재,소장,권한,대행,이날,재판,변론,당사자,대통령,출석,헌재법,변론,절차,진행,재판관,기피,신청,재판관,제외,7명,일치,의견,기각,대통령,지연,전략,대통령,수사,탄핵심판,거부,나라,위기,헌재,결정,나라,미래","탄핵심판,재판관,변론기일,문형배,정계선,불공정,박근혜,이정미,회의록,지지자들,지지자","‘탄핵에 당당하게 맞서겠다’던 윤석열 대통령이 14일 열린 헌법재판소 탄핵심판 첫 변론기일에 출석하지 않았다. 대신 헌법재판관 기피 신청 등 헌재의 탄핵심판 진행에 트집만 잡고 있다. 재판은 뒷전이고 미리부터 탄핵심판 결론에 불복할 구실을 찾으려는 것처럼 보여 우려스럽다.
윤 대통령 변호인단은 첫 변론기일이 열리기 전날 더불어민주당이 추천한 정계선 헌법..",http://www.hani.co.kr/arti/opinion/editorial/1177891.html,
01101001.20250114181015001,20250114,한겨레,한겨레,"[사설] 언론사 단전 단수 지시 이상민, 신속히 수사해야",국제>중남미, 사회>미디어, 정치>청와대,,,,"전,김주현,이상민,허석곤,이완규,김어준,박성재,윤건영,이상민","삼청동,여의도,장악,12·3 비상계엄","경향신문,소방청장,문화방송,수도사업소,고위공직자범죄수사처,경찰,더불어민주당,국회,한겨레,행정안전부,한국전력,정부,유튜브,법제처장,법무부,경찰청,소방청","언론사,단전,단수,지시,이상민,수사,12,한겨레,언론사,단전,단수,지시,계엄,비판적,보도,예상,언론사,전기,신문,발행,생산,사퇴,사실,수사,중단,이상민,장관,역할,규명,처벌,허석곤,소방청장,국회,출석,이상민,장관,군데,언론사,경찰청,단전,단수,요청,협조,전화,의원,윤건영,더불어민주당,언론사,이름,적시,일문일답,질의,청장,인정,단전,단수,대상,언론사,한겨레,경향신문,문화방송,김어준,유튜브,채널,뉴스공장,포함,청장,단전,단수,소방업무,소방청,차장,논의,실행,여의도,계엄,당일,집결,시민들,저지,국회,신속,결의,계엄,해제,언론사,단전,단수,계획,실행,집권,2년,입틀막,수사,언론자유,윤석열,정부,계엄령,선포,계기,물리적,언론,장악,자신들,앵무새,언론,계엄,선전,반대,세력,숙청,군사,독재,언론,통제,시대착오적,상상,몸서리,단전,단수,한국전력,수도사업소,지시,경찰,소방청,역할,분담,예정,신속,수사,이상민,장관,대통령,고교,후배,충암파,일원,계엄,준비,관여,의심,당일,계엄,해제,삼청동,안가,장관,박성재,법무부,민정수석,김주현,대통령실,민정,수석,이완규,법제처장,사실,모임,목적,의혹,장관,사표,수리,경찰,수사,고위공직자범죄수사처,사건,이첩,사실,수사,중단,상태,중대,피의자,자유,활보,법치주의","언론사,이상민,소방청,유튜브,대통령실,윤건영,김주현,더불어민주당,박성재,법무부,비상계엄,한겨레,삼청동,수사처,공직자,허석곤,이완규,소방청장,일문일답","12 3 비상계엄 선포 당일 이상민 당시 행정안전부 장관이 ‘한겨레’를 비롯한 언론사 4~5곳의 단전 단수를 지시한 것으로 드러났다. 계엄에 비판적인 보도를 할 것으로 예상되는 언론사의 물과 전기를 끊어 신문 발행을 비롯한 뉴스 생산을 막으려 했던 것이다. 사퇴 이후 사실상 수사가 중단된 이상민 전 장관의 역할을 신속히 규명해 처벌해야 한다.
허석곤 소..",http://www.hani.co.kr/arti/opinion/editorial/1177882.html,
01100901.20250114005356001,20250114,중앙일보,,[사설] 내란특검법 수사 대상에 외환죄 포함은 무리다,정치>북한, 정치>청와대, 정치>국회_정당,,,,"노상원,윤석열","우크라이나,평양,북한","우크라이나,민주당,정부,국회 법사위,북한군,참관단,더불어민주당,정보사령관,국회,북한,소신,국민의힘","대상,내란,특검,수사,외환죄,포함,무리다,북한,반대,조치,외환,혐의,수도,국민,여야,협상,독자,더불어민주당,국회,법사위,내란특검법,통과,민주당,내란특검법,본회의,처리,예정,특검법,부결,내란,특검,국회,재의결,발의,추천권,특검,후보,추천,야당,대법원장,논란거리,해소,민주당,설명,민주당,대상,특검,수사,외환,外患,혐의,추가,바람,논란,야기,법안,파병,해외,분쟁,지역,대북,확성기,가동,대북,전단,살포,확대,침투,무인기,평양,북한,타격,오물,풍선,원점,북방한계선,NLL,북한,공격,유도,수사,대상,명시,윤석열,대통령,조치들,북한,무력,충돌,유도,구속,노상원,정보사령관,수첩,메모,발견,사실,특검법,외환,혐의,포함,혼란,억제,북한,도발,유도,정략,충돌,구분,가능,의문,대북확성기,북한,살포,오물,풍선,대응,외환죄,연결,이해,민주당,북한,반대,조치,외환,혐의,파병,해외,분쟁,지역,우크라이나,전쟁,참관단,파견,의미,북한군,실전,능력,파악,참관단,우크라이나,정부,내란특검법,대로,정보기관,마구잡이식,수사,기밀,핵심,군사,외부,유출,중대,안보,위협,초래,대북,대비,태세,위축,가능성,헌법,북한,단체,외국,전제,외환죄,대상,지적,간과,노상원,사령관,메모,개인,생각,실제,집행,수사,무력,충돌,유도,혐의,구체적,수사,범위,윤석열,정부,전반,대북,정책,난도질,정국,측면,내란특검법,외환,혐의,삭제,국민,독자,특검법,마련,찬성,198표,국민,2표,찬성,특검법,통과,통과,국민,지도부,당내,소신,동의,합리,법안,제출,민주당,단념,협상,테이블","민주당,내란특검법,특검법,재의결,외환죄,우크라이나,노상원,사령관,참관단,윤석열,대북확성기,무인기,평양","━
 북한 반대한 조치는 전부 외환 혐의 받을 수도 
 
 ━
 국민의힘도 여야 협상 위해 독자안 서둘러야 
 더불어민주당이 어제 국회 법사위에서 내란특검법을 또다시 밀어붙여 통과시켰다. 민주당은 이번 주 내로 내란특검법을 본회의에서 처리할 예정이다. 이번 특검법은 지난 8일 내란특검법 국회 재의결 부결 후 새로 발의한 것인데, 특검 후보 추천권을 야당..",https://www.joongang.co.kr/article/25307287,
01100901.20250114005205001,20250114,중앙일보,,[사설] 체포영장 집행 앞두고 걱정되는 경호처 ‘강경’ 지휘부,국제>중남미, 정치>청와대, 사회>사건_사고,사고>교통사고>노상사고,,,"상관의,김성훈(,윤석열,검찰총장,윤건영","서울,부서장,한남동","동원,고위공직자범죄수사처,유일,경찰,대통령경호처,더불어민주당,공무원연금,법원,공수처,경호원,경찰청,국가수사본부,경호처","체포,영장,집행,걱정,경호처,강경,지휘부,경찰,안전,집행,경호처,관저,요새화,경호원,총기,휴대,의혹,유혈,충돌,경찰,고위공직자범죄수사처,공수처,우두머리,피의자,윤석열,대통령,체포,영장,방침,재확인,경찰청,국가,수사본부,언론,브리핑,안전,최우선,영장,집행,입장,안전,경찰,대통령경호처,가능성,물리,충돌,가능,경찰,현장,영장,집행,방해,경호처,직원,공무,집행,방해죄,현행범,체포,계획,경찰,공수처,집행,차례,영장,실패,경험,만큼,대책,집행,불행,유혈,충돌,경호처,직원,적법,발부,영장,집행,협조,경찰,체포,영장,집행,강경파,분류,경호처,지휘부,움직임,걱정,경호처,직원,공무원,국민,봉사,존재,특정인,사병,서울,한남동,대통령,관저,버스,철조망,동원,요새화,걱정,상황,그제,경호처,직원,전술복,헬멧,착용,배낭,모습,언론,카메라,포착,야당,가능성,총기,휴대,가능,제기,경호처,입장,영장,집행,인명,피해,불상사,발생,책임,경호처,지휘부,내부,직원,동요,분위기,의원,윤건영,더불어민주당,게시판,경호처,내부,체포영장,공무상,행위,의견,용지,분량,김성훈,경호차장,경호처장,직무,대행,지시,삭제,논란,복원,공수처,경호처,부서장,위법,명령,직무유기,취지,공문,영장,집행,방해,민형사,책임,제한,공무원,연금,수령,불이익,강조,공수처,설명,경호처,직원,상관,부당,명령,직업공무원,장래,불필요,마찰,충돌,상황,해결,대통령,관저,피의자,조사,방법,검찰총장,대통령,법원,발부,체포영장,의미,그동안,차례,소환,조사,불응,체포영장,부여,자신,대통령,국론,분열,집행,협조,대통령,유일","경호처,공수처,체포영장,공무원,가능성,지휘부,요새화,피의자,현행범,경찰청,경호처장,윤건영,서울,더불어민주당,경호원","━
 경찰 “안전 최우선 집행”에 경호처는 관저 요새화 
 
 ━
 경호원 총기 휴대 의혹까지 유혈 충돌만은 없어야 
 경찰과 고위공직자범죄수사처(공수처)가 조만간 내란 우두머리 피의자인 윤석열 대통령의 체포영장 재집행에 나선다는 방침을 재확인했다. 경찰청 국가수사본부는 어제 언론 브리핑에서 “안전을 최우선으로 해서 영장을 집행하겠다”는 입장을 밝혔다...",https://www.joongang.co.kr/article/25307286,
01100801.20250114003038001,20250114,조선일보,조선일보,[사설] “카톡 성역 아니다” 전 국민 ‘입틀막’ 하나,정치>행정_자치, 정치>국회_정당, 정치>청와대,,,,"김어준,윤석열,이재명","부산,장악","반민주,민주당,더불어민주당,국회,금정구청","카톡,성역,국민,입틀막,더불어민주당,카카오톡,가짜,성역,가짜,가짜,가짜,유포,행위,당력,집중,뿌리,민주당,허위,정보,제보,민주파출소,사이트,개설,일반인들,카톡,가짜,신고,민주당,검토,고발,발상,카카오톡,국민,메신저,프로그램,정치인,공직자,언론,공적,공개적,발언,차원,사적,대화,카톡,정치,발언,한정,일반인들,대화,대화,사실,정도,공인,일반,국민,범죄,혐의,예외적,국민,언론,자유,봉쇄,결과,국회,장악,대통령,탄핵,현실,권력,등장,정당,대화,감시,국민,겁박,가짜,판단,민주당,민주당,만큼,가짜,공표,가짜,해악,카톡,일반인들,대화,민주당,책임,얘기,민주당,이재명,대표,형수,통화,가짜,분류,민주당,보선,부산,금정구청,여론조사,김어준,엉터리,여론,조사,지지율,윤석열,대통령,지지,40%,여론조사,고발,결국,민주당,불리,가짜,카톡,검열,국민,여야,유튜버들,확인,소문,진짜,현상,사실,규제,미비,민주당,법적,고민,가짜,양산,비판,김어준씨,정권,눈앞,생각,검열,민주,발상","민주당,카톡,김어준씨,여론조사,카카오톡,일반인들,김어준,윤석열,금정구청,부산,일반인,민주파출소,유튜버,정치인,유튜버들,공개적,눈앞,공직자,더불어민주당,지지율,입틀막,이재명,양산,겁박,만큼","더불어민주당이 13일 “카카오톡이 가짜 뉴스 성역인가”라며 “가짜 뉴스 유포 행위에 대해 당력을 집중해 뿌리를 뽑겠다”고 했다. 민주당은 최근 허위 정보를 제보받겠다며 ‘민주파출소’라는 사이트를 개설했다. 그런데 일반인들끼리 나눈 카톡이라도 거기에 가짜 뉴스로 신고하면, 민주당이 그 내용을 검토해 고발하겠다는 것이다. 크게 잘못된 발상이다. 
 
카카오..",https://www.chosun.com/opinion/editorial/2025/01/14/EOHGTITCMVBBTKXA5QTGE3ZJ5Y/?utm_source=bigkinds&utm_medium=original&utm_campaign=news,
01100801.20250114002632001,20250114,조선일보,조선일보,[사설] 대선 조급증 李 “최 대행이 혼란 주범” 3차 탄핵 시동,정치>청와대, 정치>선거,,,,,"이,한덕수,최,최상목,윤석열,이재명","비상계엄,무산","민주당,공수처,더불어민주당,헌재,법원,경호처","대행,대선,조급증,혼란,주범,시동,탄핵,대표,더불어민주당,이재명,당회의,대한민국,불안,주범,主犯,권한대행,최상목,대통령,권한,대행,대통령,대행,주범,극언,대표,거부,행사,헌법,재판관,임명,거론,경찰,윤석열,대통령,영장,집행,불법적,저항,행위,방치,공범,대표,대행,주범,공격,대행,약속,면전,대행,주범,공범,대행,대통령,체포영장,집행,불상사,대표,범인,저항,얘기,비상계엄,예기,헌정,위기,대통령,사태,민주당,책임,29명,공직자,연쇄,탄핵,근거,취임,사람,탄핵,대통령,탄핵,한덕수,권한,대행,탄핵,헌정,위기,행위들,민주당,대표,탄핵소추안,대통령,탄핵,소추,내란죄,헌재,탄핵심판,철회,내란특검,외환,外患,혐의,추가,정상,활동,수사,대상,포함,헌정,대표,민주당,공수처,경호처,물리적,충돌,불행,사태,대통령,압박,사태,실제,유혈,대표,감당,대표,대통령,멍에,대표,6일,무산,대행,내란행위,책임,위협,대행,유혈,충돌,위헌,요소,배제,특검안,요청,주범,비난,대행,탄핵,가능성,우리나라,대행대행대행체제,국격,신용등급,대표,자신,법원,판결,대선,조급증,대선,조급증,흠결,탄핵,심판,수사,법질서,회복","조급증,민주당,당회의,이재명,최상목,한덕수,권한대행,더불어민주당,재판관,법질서,外患,신용등급,물리적,경호처,국격,내란죄,비상계엄,우리나라,공직자,특검안,대한민국,내란특검",더불어민주당 이재명 대표는 13일 당회의에서 “대한민국을 가장 불안하게 만드는 주범(主犯)이 바로 최상목 대통령 권한대행”이라고 말했다. 대통령 대행에게 ‘주범’이란 말은 극언에 가깝다. 이 대표는 그 이유로 ‘거부권 행사’ ‘헌법재판관 2명만 임명’ 등을 거론하면서 “경찰이 (윤석열 대통령) 영장을 집행하는데 불법적으로 저항하는 행위는 왜 방치하느냐”..,https://www.chosun.com/opinion/editorial/2025/01/14/A4XY4PNJIRFETGHI5QOKVGIXGA/?utm_source=bigkinds&utm_medium=original&utm_campaign=news,
01101101.20250114001040001,20250114,한국일보,,"[사설] 특검법, 헌정질서 파괴 본질에 집중해야",정치>청와대, 정치>국회_정당, 정치>선거,,,,"권성동,이재명,최상목","서해,북,비상계엄","법사위,민주당,정부,국회 법제사법위,국방부,의원총회,더불어민주당,정보사령관,대북전단,국민의힘,NLL","특검법,본질,헌정,질서,파괴,집중,국회,법제,사법,위원회,더불어민주당,6당,발의,추천,번째,특검법,통과,대법원장,2명,특별,검사,후보,추천,대통령,1명,임명,위헌,시비,외환죄,추가,정치,논란,형편,여야,합의,권한대행,최상목,대통령,권한,대행,거부,행사,정치,긴장,국정,혼란,가중,가능성,대북,전단,살포,포함,민주당,국민,반발,법사위,통과,비상계엄,단서,수사,범위,한정,권성동,국민,원내대표,이재명,대표,위험,대북관,정체성,수용,혐의,비상계엄,사전,기획,구속,기소,노상원,정보사령관,수사과정,NLL,서해북방한계선,공격,유도,오물풍선,메모,확인,묵비,행사,수사,국방부,원점타격,원점,타격,도발,유도,부인,외환죄,미수,예비모의,처벌,중대범죄,출처,의혹,제기,증거,마당,비상계엄,연관성,수사,정부,대북,정책,전반,확대,국가안보,소지,수사,유념,고소,내란,행위,고발,사건,내란,선전,선동,혐의,수사,대상,포함,의문,내란,선전,선동,한계,이현령비현령식,적용,가능성,수사,대상,수사,인력,기간,한정,편향,논란,검경,사상,자유,시장,자체,특검법,국민,3시간,마라톤,의원,총회,원내,결정,일임,일각,계엄,선포,내란죄,연결,특검,자체,부정,진상규명,요구,민심,행태,특검,출범,지연,헌정,질서,회복,대통령,수사권,제기,집행,저항,나라,마당,내란,외환,포함,위반,중요,법률,집중,여야,합의","비상계엄,특검법,외환죄,원점타격,가능성,최상목,법사위,서해북방한계선,서해,중대범죄,노상원,정보사령관,위원회,더불어민주당",국회 법제사법위원회가 어제 더불어민주당 등 야6당이 발의한 두 번째 ‘제3자 추천 내란 특검법’을 통과시켰다. 대법원장이 2명의 특별검사 후보를 추천하면 대통령이 1명을 임명토록 해 위헌성 시비를 없앴지만 외환죄 추가 등으로 정치적 논란이 계속되고 있는 형편이다. 여야 합의가 없다면 최상목 대통령 권한대행의 거부권 행사가 우려돼 정치적 긴장과 국정 혼란..,https://www.hankookilbo.com/News/Read/A2025011318220001861,
01101101.20250114001039001,20250114,한국일보,,"[사설] ""총 안 되면 칼로""... 경호처에 尹 무력 지시 여부 진상 밝혀야",정치>청와대, 국제>중남미, 정치>국회_정당,,,,"김성훈,이광우,윤석열,윤건영,최상목",,"더불어민주당,법원,경호처","칼로,경호처,진상,무력,지시,여부,의원,윤건영,더불어민주당,윤석열,대통령,경호처,간부,무기,무력,사용,지시,주장,뒷받침,직원,경호처,현직,증원,사실,내란,의원,익명,제보,인용,기자회견,구체적,의원,대통령,경호처,강경파,분류,차장,김성훈,경호처,이광우,경호본부장,오찬,12일,4명,핵심,부장,추가,회동,대통령,자리,체포,접근,경찰들,휴대,지시,의원,주장,언론,대통령,지시,무력,사용,전달,회의,차장,주재,중간,간부,직원들,범죄자,반발,성토,보도,경호처,특수,CAT,요원들,소총,가방,배낭,모습,포착,대통령,가짜,주장,지시,무기,사용,적법,직무수행,강조,특수팀,사진,소총,가방,모습,정상,근무,총기,소지,둔갑,반박,계엄,사태,거짓,대응,대통령,해명,법원,발부,체포영장,위법,불응,경호처,무력,사용,지시,사실,권한대행,최상목,대통령,권한,대행,기관,물리,충돌,불상사,제3자,당위론,현직,대통령,본인,영장,집행,공권력,공권력,유혈,충돌,사주,직무,정지,대통령,매일,경호처,간부,오찬,회동,권한,의문,경호처,직원,경호처,직원,체포영장,재집행,경찰들,가정,가장,자랑,아들,문자,메시지,의원,대통령,국민,생명,방패막,지지,결집,묵과,중대,범죄","경호처,공권력,경찰들,체포영장,특수팀,더불어민주당,김성훈,윤건영,최상목,직원들,요원들,묵과","윤건영 더불어민주당 의원은 어제 윤석열 대통령이 경호처 간부들에게 무기 등 무력 사용을 지시했다고 주장했다. 이를 뒷받침하는 경호처 현직 직원의 증원도 잇따른다. 사실이라면 ‘2차 내란’이라 할 법한 끔찍한 일이다.
윤 의원이 익명 제보를 인용해 기자회견에서 밝힌 내용은 꽤 구체적이다. 윤 의원에 따르면 윤 대통령은 10일 경호처 내 강경파로 분류되는 ..",https://www.hankookilbo.com/News/Read/A2025011315150003124,
01100401.20250114233059001,20250114,동아일보,,"[사설]내란특검법, ‘북풍 공작’ 여부 규명하되 절제 있는 접근 필요",정치>외교, 정치>북한, 정치>청와대,,,,"김 전,김용현","서해,북,우크라이나,평양,망상,북방한","법원행정처,북,국회 법사위,국방부,국가정보원,더불어민주당,정보사령관,국회,대법원,NLL,정부,대북,비상계엄,국민의힘","내란특검법,북풍,공작,여부,규명,절제,접근,더불어민주당,정부,윤석열,외환,外患,수사,행위,여부,추가,2번,특검법안,국회,법사위,통과,특검법안,북방한계선,NLL,공격,유도설,풍선,오물,검토설,원점,타격,무인기,침투설,평양,상공,가동,대북,확성기,대북,전단,확대,살포,해외,분쟁,지역,우크라이나,파병,주장,6가지,수사,대상,대통령,비상계엄,명분,군사,도발,유도,북풍,공작,국민,대북,확성기,김정은,정권,통상,대응,수사,표결,퇴장,통수권자,대통령,남북,충돌,수사,진실,규명,구속,가담자,계엄,핵심,노상원,정보,사령관,수첩,NLL,서해상,북방한계선,공격,유도,자필,메모,발견,망상,김용현,김용현,국방부,장관,협의,기록,장관,11월,합참,전술,토의,참석,오물,풍선,원점,타격,지시,의혹,검증,국방부,풍선,원점,타격,지시,북풍,공작,부인,의혹들,사실,보복,군사,재앙,헌법,계엄법,전시,사변,비상사태,계엄,발동,합법성,상황,조성,북풍,공작,유도,국민,배신,행위,대상,유도설,수사,대상,NLL,도발,원점,타격설,투입설,평양,3가지,나머지,대북,전단,방송,대북,확성기,통상적,심리전,대응,우크라이나,파병,야당,의혹,근거,사안,불필요,안보,논쟁,야당,특검,법안,국가정보원,국방부,합참,대통령실,압수수색,안보,거부,조항,진실,규명,중요성,별개,특검,군사정보,대북,작전,문서,제한,압수,기밀,유출,논란,여지,법원,행정처,군사기밀,제한,압수,전례,의견,국회,전달,외환죄,대북,정보,반납,사본,폐기,권고,의혹,북풍,공작,규명,안보,사안,만큼,절제,접근","국방부,평양,합참,특검법안,확성기,김용현,유도설,윤석열,북방한계선,우크라이나,한계선,nll,무인기,6가지","더불어민주당은 13일 윤석열 정부의 외환(外患) 행위 여부 수사를 추가한 2번째 특검법안을 국회 법사위에서 통과시켰다. 새 특검법안은 북방한계선(NLL) 공격 유도설, 북 오물 풍선의 원점 타격 검토설, 우리 무인기의 평양 상공 침투설, 대북 확성기 가동, 대북 전단 확대 살포, 해외 분쟁지역(우크라이나) 파병 주장 등 6가지를 수사 대상으로 삼고 있다..",https://www.donga.com/news/Opinion/article/all/20250113/130855672/2,
01100401.20250114232738001,20250114,동아일보,,[사설]“무력 충돌 불사” vs “수뇌부 조사받아야” 혼돈과 불신의 경호처,국제>중남미, 정치>청와대, 국제>일본,,,,"김성훈,이광우,윤,윤석열",진위,"동원,공수처,대통령경호처,더불어민주당,대치,경호처","불사,무력,충돌,조사,vs,수뇌부,혼돈,불신,경호처,윤석열,대통령,체포영장,집행,대치,대통령경호처,파열음,대통령,휴대,체포,김성훈,경호,차장,무력,충돌,불사,강경,지시,내부,증언,야당,언론,여부,경호처,폭로전,양상,내부,분열,동요,방증,더불어민주당,12일,대통령,간부,오찬,자리,무기,얘기,경호처,직원,제보,주장,전술복,헬멧,배낭,총기,수납,요원들,경호처,요원,모습,관저,포착,긴장감,대통령,무기,사용,지시,부인,13일,입장문,분주,움직,무기,사용,지시,여부,진위,확인,경호처,직원,동요,대통령,경호처,수뇌부,초래,경호처,직원,임무,경호,대상자,방지,영장,체포,게시판,경호처,내부,영장,집행,협조,취지,간부,경호처,중간,영장,집행,경찰,내부,정보,전달,대기발령,직원들,체포,저지,동원,형사,처벌,대상,연금,수령,제한,불이익,가능성,강경,대응,주도,차장,이광우,경호,본부장,수뇌부,경찰,출석,조사,목소리,직원,사이,분위기,대통령,작전,체포,진행,돌발상황,가능성,배제,직원들,피해,상황,열쇠,대통령,출석,공수처,경찰,물리적,충돌","경호처,수뇌부,직원들,입장문,가능성,이광우,김성훈,vs,윤석열,대기발령,전술복,불이익,돌발상황,분주",윤석열 대통령 체포영장 집행을 둘러싼 대치가 이어지면서 대통령경호처 내에서 파열음이 터져 나오고 있다. “윤 대통령이 ‘총은 안 되더라도 칼이라도 휴대해서 무조건 (체포를) 막으라’고 했다” “김성훈 경호차장이 ‘무력 충돌도 불사하겠다’는 강경 지시를 내렸다”는 등의 내부 증언이 야당과 일부 언론을 통해 쏟아져 나오고 있다. 사실 여부를 떠나 조용하던 ..,https://www.donga.com/news/Opinion/article/all/20250113/130855674/2,
01101001.20250113190013001,20250113,한겨레,한겨레,"[사설] 경호처에 ‘무기 사용’ 지시까지 한 윤석열, 파렴치하다",정치>청와대, 국제>중남미, 국제>아시아,범죄>범죄일반>폭행,,,"김성훈,윤,박종준,김용현,윤석열,최상목,윤건영,최 권한대행",호도,"정부,더불어민주당,경찰청,대한민국,공조수사본부,경호처","경호처,무기,사용,지시,윤석열,파렴치,공조수사본부,집행,체포,영장,윤석열,대통령,대통령,경호처,흉기,사용,독촉,주장,제기,1차,직원,경호처,인간,방패,이젠,직원,유혈,충돌,불사,요구,권한대행,최상목,대통령,권한,대행,공권력,우롱,우두머리,피의자,법치주의,수호,정부,의지,의원,윤건영,더불어민주당,공개,제보,경호처,내부,제보,대통령,김성훈,경호처,차장,경호처장,직무대리,간부,오찬,자리,무기,사용,강조,경찰들,자신,체포,접근,휴대,지시,대통령,오찬,경호처,간부,수사기관,사용,체포,영장,집행,무력,검토,지시,대통령,경호,국가기관,자신,사병,경호처,직원,범법자,본인,요구,자신,신변,보호,경호처,직원,사지,파렴치,이기적,작태,경호처,수뇌부,요지부동,김성훈,차장,차례,경찰,출석,요구,불응,경호처,김용현,라인,인사들,수뇌부,포진,상황,집행,체포,영장,경호처,직원,동요,체포,영장,집행,경찰,경호처,충돌,일촉즉발,조율,중재,권한,대행,소극적,태도,일관,책임,회피,이날,집행,이날,평화적,절제,방식,만큼,관계기관,폭력,수단,방법,사용,경찰청,경호처,지시,집행,시민들,공무원,신경,시민,부상,정부기관,물리,충돌,불상사,만전,8일,불상사,권한,책무,헌법,법률,영장,집행,독려,정부,책임자,상황,기관,갈등,기관,호도,박종준,경호처장,사퇴,차례,중재,요청,무책임,부작위,내란,피의자,대통령,체포,영장,집행,예정,권한,경호처,지시,경호처,직원,수뇌부,부당,명령,거부,대한민국,법치,훼손,전례","경호처,수뇌부,경호처장,피의자,불상사,시민들,김성훈,최상목,윤석열,더불어민주당,윤건영,이젠,권한대행,대한민국,부작위","공조수사본부의 2차 체포영장 집행을 앞두고, 윤석열 대통령이 대통령 경호처에 흉기 사용까지 독촉하고 있다는 주장이 제기됐다. 1차 시도 당시 경호처 직원을 ‘인간 방패’로 삼더니 이젠 직원들에게 유혈 충돌도 불사하라고 요구하는 것이다. 최상목 대통령 권한대행은 공권력을 우롱하는 ‘내란 우두머리’ 피의자에게 법치주의를 수호하는 정부의 의지를 보여줘야 한다..",http://www.hani.co.kr/arti/opinion/editorial/1177688.html,
01101101.20250113182111001,20250113,한국일보,,"[사설] 내란 외환, '골대' 흔들지 말고 조속한 특검 합의를",정치>청와대, 정치>국회_정당,,,,,"권성동,이재명,최상목","서해,북,비상계엄","법사위,민주당,정부,국회 법사위,국방부,변협,더불어민주당,정보사령관,대북전단,국민의힘,NLL","내란,외환,골대,특검,합의,국회,법사위,더불어민주당,6당,발의,추천,번째,특검법,통과,대법원장,2명,특별,검사,후보,추천,대통령,1명,임명,위헌,시비,외환죄,추가,정치,논란,형편,여야,합의,권한대행,최상목,대통령,권한,대행,거부,행사,정치,긴장,국정,혼란,가중,가능성,대북,전단,살포,포함,민주당,국민,반발,법사위,통과,비상계엄,단서,수사,범위,한정,권성동,국민,원내대표,이재명,대표,위험,대북관,정체성,수용,혐의,비상계엄,사전,기획,구속,기소,노상원,정보사령관,수사과정,NLL,서해북방한계선,공격,유도,오물풍선,메모,확인,묵비,행사,수사,국방부,원점타격,원점,타격,도발,유도,부인,외환죄,미수,예비모의,처벌,중대범죄,출처,의혹제기,증거,마당,비상계엄,연관성,수사,정부,대북,정책,전반,확대,국가안보,소지,수사,유념,고소,내란,행위,고발,사건,내란,선전,선동,혐의,수사,대상,포함,의문,내란,선전,선동,한계,이현령비현령식,적용,가능성,수사,대상,수사인력,기간,한정,편향,논란,검경,사상,자유,시장,국민의힘,특검,명칭,시비,추천,변협,추가,갖가지,주장,일각,제시,자체,특검안,부정,발목,진상규명,요구,민심,행태,특검,출범,지연,헌정,질서,회복,대통령,수사권,제기,법집행,저항,나라,마당,내란,외환,포함,위반,중요,법률,집중,여야,합의","비상계엄,법사위,외환죄,원점타격,특검안,가능성,최상목,서해북방한계선,진상규명,서해,중대범죄,노상원,정보사령관",국회 법사위가 어제 더불어민주당 등 야6당이 발의한 두 번째 ‘제3자 추천 내란 특검법’을 통과시켰다. 대법원장이 2명의 특별검사 후보를 추천하면 대통령이 1명을 임명토록 해 위헌성 시비를 없앴지만 외환죄 추가 등으로 정치적 논란이 계속되고 있는 형편이다. 여야 합의가 없다면 최상목 대통령 권한대행의 거부권 행사가 우려돼 정치적 긴장과 국정 혼란이 가중..,https://www.hankookilbo.com/News/Read/A2025011317110001697,
01100101.20250113181612001,20250113,경향신문,,[사설] 국회도 법도 무시하는 이주호의 폭주 멈추라,사회>교육_시험, 정치>행정_자치, 정치>청와대,,,,"이,이주호,윤석열,최상목",,"전국,시도교육청,서울시교육감,교원,초중등교육법,국회,교육부,교육감","국회,무시,이주호,폭주,추라,장관,이주호,부총리,교육부,교사,학부모들,반발,국회,반대,입법,AI교과서,강행,방침,부총리,업무,어려움,로드맵,추진,최선,계획,초등학교,학년,중학교,영어,고등학교,수학,정보,과목,AI교과서,AI교과서,디지털,기기,의존,심화,신중,의견,지배적,정책,학부모,교원,86.6%,반대,설문,결과,국회,연말,중등,교육법,개정,자체,AI,교과서,지위,교육,자료,강등,학교별,채택,이용,여부,결정,국민,대의기관,법률,정부,정책,제동,부총리,사과,반성,법안,재의요구,거부,행사,권한대행,최상목,대통령,권한,대행,요구,국회,법률,여론,무시,부총리,행정,독재식,발상,부총리,교육감,자립,형사립고,수시,지정,취소,조항,삭제,개정안,중등,교육법,시행령,입법예고,전국,시도,교육청,5년,자사고,학교,운영,성과,평가,진행,여부,자사고,유지,결정,권한,자체,상위법,초중등교육법,시행령,교육감,권한,자사고,감독,속셈,시행령,통치,국회,무시,주권자,능멸,대통령,윤석열,꼼수,닮은꼴,혼란,교육,행정,불신,정책,정근식,서울시,교육감,반발,윤석열,직무,정지,윤석열,정권,교육,정책,적용,정책,행보,업체들,AI,교과서,제작,업체,손실,유감,피해,보전,교육,효과,검증,정책,연간,교육예산,투입,사태,혼란,책임,전적,부총리,교육,주체,전문가들,비판,무시,성과주의,매몰,속도전,결과,부총리,폭주,AI교과서,희망,학교,상대,시범,운영,효과,문제점,검토,단계적,여부,결정","부총리,자사고,ai교과서,시행령,윤석열,교육감,이주호,고등학교,학부모,정근식,중학교,최상목,교육법,ai,업체들,개정안","이주호 부총리 겸 교육부 장관이 교사 학부모들이 반발하고 국회도 반대 입법한 ‘AI교과서’ 강행 방침을 밝혔다. 이 부총리는 지난 10일 ‘2025년 주요 업무 추진계획’을 발표하며 “어려움이 있더라도 로드맵에 따라 추진하도록 최선을 다하겠다”고 했다. 최초 계획대로 초등학교 3~4학년, 중학교 1학년, 고등학교 1학년 영어 수학 정보 과목의 AI교과서..",https://www.khan.co.kr/article/202501131815011,
01101001.20250113181014002,20250113,한겨레,한겨레,"[사설] ‘계엄 위해 전쟁 유도’ 의혹, 반드시 규명해야 한다",정치>북한, 정치>행정_자치, 정치>국회_정당,,,,"전,노상원,김종대,윤석열","평양,12·3 비상계엄,북한,남북","북,국방부,정보사령관,외환,국회,합동참모본부,국민의힘,NLL","계엄,전쟁,유도,의혹,규명,야권,12,선언,대통령,윤석열,내란,혐의,북한,자극,무력,충돌,유도,외환,혐의,수사,특검법안,발의,9일,국방부,국민,반대,의견,평양,침투,의혹,검토,오물,풍선,원점,타격,계엄,촉발,목적,의구심,상태,내란,수사,진실규명,국방부,출입,기자단,국방부,입장,일각,계엄,상황,결부,지속적,북풍,공작,의혹,제기,안보,불안,야기,군사활동,위축,주장,10월,차례,침투,평양,무력,대응,유발,의혹,제기,북한,주장,동조,12,핵심,인물,국방부,장관,장성,적극,동조,국회,총부리,국민,참회,겸허,자세,진실규명,적극,협조,언사,항의,국민의힘,김여정,특검법,11일,국가,특검법,12일,논평,세력,비상,계엄,선언,충돌,남북,무력,정황증거,공개,기획자,지목,노상원,정보,사령관,수첩,엔엘엘,NLL,공격,유도,김종대,의원,6월,합동,참모,본부,차원,계획,오물,풍선,원점,타격,수립,의혹,제기,형태,수사,의문,해소,반복,정상적,활동,국민들,의구심,기밀,유출,기밀,국민,의혹,국민의힘,특검법안,포함,외환,수사,대상,판단,여야,협의,트집,특검법안,거부,계엄,촉발,북한,자극,의혹,형태,규명","국방부,평양,특검법,의구심,특검법안,국민의힘,비상계엄,진실규명,엔엘엘,기획자,노상원,군사활동,사령관,정황증거,기자단,김종대,장성,김여정,총부리,윤석열,국민들","야권에서 12 3 비상계엄을 선언한 대통령 윤석열 등의 ‘내란 혐의’는 물론 북한을 자극해 무력 충돌을 유도하려 했다는 ‘외환 혐의’도 수사할 수 있는 새 특검법안을 발의(9일)하자, 국방부와 국민의힘이 강한 반대 의견을 쏟아냈다. 하지만 평양 무인기 침투 의혹, 오물 풍선 원점 타격 검토 등이 계엄을 촉발하기 위한 목적이 아니었던가 하는 의구심이 짙어..",http://www.hani.co.kr/arti/opinion/editorial/1177681.html,
01100901.20250113003606001,20250113,중앙일보,,"[사설] 좁혀지는 양당 지지율 격차 여야, 민심 제대로 읽어야",정치>행정_자치, 정치>청와대, 정치>국회_정당,범죄>범죄일반>폭행, 사회>사회갈등>시위,,"윤,김상욱,윤석열,한덕수,최상목",,"민주당,한국갤럽,국회,법원,경호처,국민의힘","격차,양당,지지율,민심,지지,하락,대선,조급증서,강경,일색,고무,여도,회복세,퇴행,재기,기회,탄핵,정국,교착상태,격차,여야,지지율,여론,조사,결과,한국갤럽,1월,조사,의견,윤석열,대통령,탄핵,찬성,64%,탄핵소추,주도,민주당,지지율,36%,민주당,지지율,직전,조사,12%포인트,10%포인트,국민,34%,오차범위,여론조사,유도,질문,소지,사실,민심,변화,감지,사실,부인,정치권,여론조사,의미,민주당,폭주,중도층,이반,자청,국민의힘,여론,결과,아전인수식,해석,퇴행,대통령,비판적,민주당,지지,철회,원인,민주당,딴판,원내,국정,안정,신경,탄핵소추,한덕수,국무총리,탄핵,소추,권한,대행,경호처,불법,방치,고발,철회,특검,추천,독점,위헌,논란,대통령,사형선고,정청래,의원,발언,탄핵,소추,사유,내란죄,철회,보수,결집,여당,국민의힘,상승,지지율,고무,중도층,눈살,퇴행,행태,대통령,소속,무리,비상계엄,선포,내란,수괴,피의자,법원,영장,집행,거부,다수,의원,극단,강경파,주장,동조,모습,민주,시위,폭력,진압,백골단,자처,단체,국회,회견,주선,당론,김상욱,의원,탈당,권유,행태,민심,오판,사례,야당,폭주,지지율,회복,자신들,착각,여야,여론조사,아전인수격,해석,구태,처리,특검법,합의,해법,정국,안정,민주당,대상,특검,수사,외환,外患,혐의,추가,안보,정쟁화,비판,유념,자체,특검,마련,국민,영장,집행,물리력,대통령,수단,특검,이용,역풍,특검법,합의,수사,논란,대통령,수사,협상안,중재,정치력,발휘,여당,계엄,옹호,오명","지지율,민주당,탄핵소추,여론조사,피의자,특검법,국민의힘,강경파,아전인수,여도,한덕수,중도층,회복세,윤석열,국무총리","━
 야 지지 하락, 대선 조급증서 비롯한 강경 일색 때문 
 
 ━
 여도 회복세 고무돼 퇴행 거듭하면 재기 기회 없어 
 탄핵 정국이 교착상태에 빠지면서 크게 벌어졌던 여야 지지율 격차가 좁혀지고 있다는 여론조사 결과가 잇따르고 있다. 한국갤럽의 1월 둘째 주 조사에서 윤석열 대통령 탄핵 찬성 의견은 64%였지만, 탄핵소추를 주도한 민주당의 지지율은..",https://www.joongang.co.kr/article/25306981,
01100901.20250113003458001,20250113,중앙일보,,"[사설] 전공의 의대생에게 사과한 정부, 의료계도 대화 나서길",정치>청와대, 정치>행정_자치, 사회>교육_시험,,,,"주무,이주호,임현택,윤석열,김택우,최상목",,"의대,정부,포고령,국회,대한의사협회,교육부,사전예고제,전국광역시도의사회장협의회","전공의,의대생,사과,정부,의료계,대화,서길,논의,대행,정원,원점,2월,합의안,국민,불편,의협,고집,강경,투쟁,권한대행,최상목,대통령,권한,대행,10일,회의,현안,해법,정원,의대,정원,제로베이스,원점,협의,대행,전공의,교수,의대생,미안,마음,주무,장관,국정,최고,책임자,갈등,의료인,유감,표명,미복귀,처단,비상계엄,포고령,언급,장관,이주호,부총리,교육부,이날,전공의,의료계,비상계엄,포고령,정부,방침,포고령,상처,전공의,의료진분들,진심,유감,위로,말씀,정부,복귀,전공의,수련,특례,입영,연기,전공의,현행,규정상,사직,1년,복귀,제한,수련,병원,전문과목,복귀,허용,입대,의대,증원,양보,윤석열,대통령,국회,탄핵소추,직무정지,상황,정부,의료계,유화적,신호,해석,대한의사협회,회장,전임,임현택,막말,논란,탄핵,신임,회장,회장,김택우,전국,광역,시도,의사회장,협의회,선출,대화,시작,계기,마련,당장,학년도,의대,정원,발등,현행,내년,1497명,2000명,증원,대입,일정,수험생,혼란,사전예고제,시행,일정,내년도,대입,정원,대학,의대,교육부,설명,해결,의대,신입,정작,교육,의사,배출,정체,악순환,정부,만큼,의협,일변도,강경,투쟁,자세,정부,2000명,숫자,의대,증원,일방적,제시,측면,사실,증원,인정,태도,곤란,의대,정원,합리,근거,정부,의료계,심도,대화,합의점,도달,갈등,1년,전공,집단,사직,응급실,의료,공백,장기화,일반,국민,피로감,불편,정부,의료계,국민,건강권,최우선,명심,대승,차원,대화","전공의,포고령,사직,교육부,비상계엄,미복귀,김택우,임현택,내년도,이주호,최상목,부총리,의협,규정상,의대생,의료계","━
 최 대행 “정원 원점 논의” 2월 내 합의안 필요 
 
 ━
 국민 불편 커져, 의협도 강경 투쟁 고집 말아야 
 최상목 대통령 권한대행이 지난 10일 주요 현안 해법 회의에서 “2026년 의대 정원 문제를 ‘제로베이스(원점)’에서 유연하게 협의할 수 있을 것”이라고 말했다. 최 대행은 “전공의와 교수, 의대생 여러분께 미안하고 안타까운 마음”이라..",https://www.joongang.co.kr/article/25306980,
01100801.20250113002018001,20250113,조선일보,조선일보,"[사설] 가짜 뉴스 쏟아내던 민주당, 국민 입은 틀어막겠다니",정치>국회_정당, 정치>청와대, 정치>선거,범죄>범죄일반>유괴/납치,,,"나훈아,윤석열,이재명,김어준,한동훈",비상계엄,"민주 파출소,민주당,정부,더불어민주당,국회,개진,국민의힘","가짜,민주당,국민,더불어민주당,카카오톡,가짜,일반인,선동,고발,민주당,유튜버들,선전,선동,혐의,경찰,고발,윤석열,대통령,비상계엄,내란,옹호,허위,주장,타인,명예,훼손,가짜,관련법,처벌,개진,단순,의견,표현,정치,의사,가짜,마구잡이,고발,생각,국민,검열,내란,선동,내란,결의,실행,선전,격려,행위,실행,준비,실행,단계,해제,계엄,두둔,선동죄,적용,법조,해석,민주당,대통령,탄핵,소추,혐의,형법,내란,일반인,선동죄,처벌,앞뒤,민주당,의원,대통령,야당,동시,지적,가수,나훈아,세상,오지랖,양비론,물타기,비난,나씨,고별,공연,왼쪽,오른쪽,난리,대통령,계엄,선포,촉발,민주당,국정,발목,방탄,입법,폭주,지적,상식,발언,민주당,선동,가짜,파출소,온라인,신고,사이트,민주,개설,유치장,교도소,코너,이재명,대표,친형,정신병원,감금,전직,의원,대표,형수,욕설,파일,사진,단체,대표,가짜,처벌,주장,사실,행사,대통령,행사,의원,참석자들,경호팀,제지,입틀막,비판,민주당,정작,비판,입틀막,계엄,사태,민주당,도피설,대통령,근거,의혹,제기,김어준씨,국회,계엄군,한동훈,국민,대표,사살,주장,논란,허구,김씨,반발,야당,의원,외국,대사,날조,사람들,정부,사람,상종,본국,보고,거짓,주장,가짜","민주당,선동죄,일반인,입틀막,온라인,나씨,물타기,양비,김어준,김어준씨,양비론,유치장,교도소,경호팀,계엄군,김씨,정신병원,오른쪽,참석자,나훈아,사람들,파출소",더불어민주당이 “카카오톡 등을 통해 가짜 뉴스를 단순히 퍼나르는 일반인도 내란 선동 등으로 고발하겠다”고 했다. 민주당은 일부 유튜버들을 내란 선전 선동 혐의로 경찰에 고발하기도 했다. 이들이 윤석열 대통령의 비상계엄을 정당화하면서 내란을 옹호했다는 것이다. 명백한 허위 주장이나 타인의 명예를 훼손하는 가짜 뉴스는 관련법에 따라 처벌받아야 한다. 하지만..,https://www.chosun.com/opinion/editorial/2025/01/13/L5F5BEO4PNHFHHNKBWCJLPIWQM/?utm_source=bigkinds&utm_medium=original&utm_campaign=news,
01101101.20250113001044002,20250113,한국일보,,[사설] 카터 장례식장의 전직 대통령 화합... 한국 정치는 언제쯤,정치>청와대, 국제>미국_북미, 국제>중남미,,,,"마이크 펜스,제럴드,조 바이든,윤석열,부시,당선자,빌 클린턴,트럼프,지미 카터,오바마,카터,버락 오바마,도널드 트럼프","국립대성당,미국,한국,워싱턴","미국,민주당,공화당,대한민국,행정부","카터,장례식장,화합,전직,대통령,한국,정치,언제쯤,위험,수위,미국,정치,대립,봉합,9일,현지시간,국립대성당,미국,워싱턴,국립대,성당,지미,카터,대통령,장례식장,생존,현직,대통령,참석,클린턴,조지,부시,조지,버락,오바마,대통령,전직,대통령,당선자,대통령,도널드,트럼프,대통령,당적,화합,모습,부시,조지,대통령,장례식,전원,참석,정치,양극,전직,대통령,예우,애국심,가치,수호,대의,한자리,인위,연출,국가,지도자,품위,행동,모습,의미,분열,아이콘,트럼프,이날,자제,공화당,소속,트럼프,카터,생전,최악,대통령,비난,카터,민주당,상징색,푸른색,넥타이,오바마,표정,대화,트럼프,행정부,부통령,사이,트럼프,비방,마이크,펜스,악수,하이라이트,18년,별세,제럴드,포드,대통령,생전,추도사,아들,대독,장면,정적,카터,포드,퇴임,미국,세계,정책,프로젝트,우정,포드,장례식,카터,추도사,낭독,결정,순간,정치인들,국익,정치,문화,미국,강대국,지위,장기간,유지,저력,한국,상황,대비,정치,품격,금도,급속도,여야,막말,욕설,기본,대통령,여야,정치인,내란,국가,위기,여야,정쟁,전직,대통령,비리,실정,국민,신뢰,국가,행사,참석,전직,대통령,윤석열,대통령,장래,정치,방치,대한민국,앞날","카터,미국,조지,포드,오바마,정치인,추도사,부통령,한국,장례식장,장례식,부시,워싱턴,정치인들,품격,행정부","위험 수위로 치닫는 미국의 정치적 대립이 잠시 봉합됐다. 9일(현지시간) 미국 워싱턴 국립대성당에서 열린 지미 카터 전 대통령 장례식장에서다. 생존한 전 현직 대통령 5명이 모두 참석했다. 빌 클린턴, 조지 W 부시, 버락 오바마 전 대통령과 전직 대통령이자 차기 대통령 당선자인 도널드 트럼프, 조 바이든 대통령이 당적을 떠나 화합하는 모습을 보였다.
..",https://www.hankookilbo.com/News/Read/A2025011216030002534,
01101101.20250113001043001,20250113,한국일보,,"[사설]  ‘영장’ 핑계로 헌재 안 가는 尹 또 말 바꾸기, 책임 전가",정치>청와대,,,,,,"윤,석동현,윤석열,윤갑근",서울,"서울중앙지법,헌법재판소,헌재,대국,고위공직자범죄","영장,핑계,헌재,책임,전가,절차,헌법,재판소,탄핵,심판,윤석열,대통령,비협조,절차,정작,절차,시작,핑계,반복,변호사,고위공직자범죄수사처,경찰,불법,체포,영장,집행,대통령,헌재,변론기일,출석,석동현,변호사,공수처,시도,영장,집행,대통령,헌재,의도,설명,헌법,절차,책임,태도,대통령,체포,영장,헌재,탄핵,부당성,계엄,설명,차례,지난달,변호사,대통령,탄핵심판,입장,피력,체포영장,대통령,체포,영장,발부,이달,변호사,출석,의사,대통령,의혹,거짓,해명,계엄,선포,대국민담화,법적,정치적,책임,책임,경고,계엄,오래전,계획,사실,체포,지휘관,국회의원,체포,지시,대통령,책임,모습,국민,심정,참담,입장,대통령,공수처,서울서부지법,서울중앙지법,구속영장,청구,기소,절차,회견,모습,서울중앙지법,영장,청구,회피,가능성,대통령,법비,法匪,이용,이익,사람들,행동,국가,권위,기강,훼손","변호사,서울중앙지법,공수처,탄핵심판,체포영장,공직자,대국민,수사처,대국민담화,사람들,서울,고위공직자범죄수사처,法匪,가능성,참담,오래전,서울서부지법,구속영장,부당성,윤갑근,법비,국회의원,지휘관,변론기일,재판소,석동현,윤석열,비협조","헌법재판소 탄핵심판 절차를 늦추려는 윤석열 대통령의 비협조가 도를 넘었다. 말로는 “절차에 성실히 응하겠다”면서, 정작 절차가 시작되면 온갖 핑계를 대며 말 바꾸기가 반복된다.
어제 윤 대통령 측 윤갑근 변호사는 “고위공직자범죄수사처와 경찰이 불법 체포영장을 집행하려고 해서, 윤 대통령이 14일 헌재 첫 변론기일에 출석하지 못한다”고 밝혔다. 석동현 변..",https://www.hankookilbo.com/News/Read/A2025011215000001712,
01100401.20250113232749001,20250113,동아일보,,[사설]“헌재 출석 의사 확고하다”더니 이제 와 안 나오겠다는 尹,국제>중남미, 정치>청와대, 국제>미국_북미,,,,"윤,윤석열","임해,한남동","헌법재판소,헌재,국회,법원","의사,헌재,출석,윤석열,대통령,헌법,재판소,변론기일,탄핵,심판,사건,변론,기일,출석,그간,대통령,그간,대통령,대통령,적정,탄핵,심판,기일,출석,의견,예정,예고,변론기일,이틀,대통령,변호인,수사기관,시도,체포,영장,집행,상황,대통령,신변,안전,불상사,의사,헌재,대통령,헌재,그간,수사,기관,조사,불응,한남동,관저,피의자,내란,혐의,처지,대통령,신변,안전,차벽,철조망,요새화,관저,순간,체포,얘기,결국,수사,기관,법원,발부,체포영장,집행,약속,요구,변론,헌재법,정식,당사자,출석,당사자,출석,기일,번째,불출석,당사자,재판,가능,대통령,출석,변론기일,종료,기일,16일,재판,진행,대통령,다소,체포영장,부당성,여론전,그간,대통령,그간,책임,정치,회피,탄핵,수사,수사,회피,수사기관,출석,요구,불응,대통령,수사,탄핵,심판,절차,우선,헌법,재판,진행,출석,의사,국회,내란죄,철회,쟁점,정리,조건,이젠,체포,대통령,진퇴양난,처지,위헌,위법적,계엄,선포,수사기관,소환,불응,자업자득,법원,발부,체포영장,신변,안전,보장,요구,앞뒤,궤변,수사,헌재,의도,의심","그간,체포영장,수사기관,변론기일,당사자,불출석,내란죄,변호인,요새화,철조망,위법적,차벽,피의자,부당성,이젠,한남동,앞뒤",윤석열 대통령이 14일 헌법재판소에서 열리는 탄핵심판 사건 변론기일에 출석하지 않기로 했다. 그간 윤 대통령 측은 “윤 대통령이 적정한 탄핵심판 기일에 출석해 의견을 밝힐 예정”이라고 예고해 왔다. 그런데 막상 첫 변론기일을 이틀 앞두고 윤 대통령 측 변호인은 수사기관의 체포영장 집행 시도가 계속되는 상황에선 윤 대통령의 신변 안전과 불상사가 우려된다며..,https://www.donga.com/news/Opinion/article/all/20250112/130846392/2,
01100401.20250113232433001,20250113,동아일보,,"[사설]여야, 탄핵 민심 오독도 오도도 안 된다",정치>행정_자치, 정치>청와대, 정치>선거,사회>사회갈등>시위,,,"진영,윤석열","12·3 비상계엄,갤럽","민주당,더불어민주당,한국갤럽,국회,국민의힘","여야,오독,탄핵,민심,오도,국민,더불어민주당,정당,지지율,12,수준,여론,조사,결과,10일,한국갤럽,조사,정당,지지율,국민,36%,34%,,민주당,36%,오차범위,직전,조사,3주,비교,국민,10%포인트,민주당,12%포인트,직전,결과,계엄,11월,갤럽,조사,국민,33%,32%,,민주당,33%,차이,윤석열,대통령,탄핵,여론,3주,조사,찬성,찬성,75%,,반대,21%,조사,찬성,찬성,64%,,반대,32%,갤럽,한덕수,권한,대행,탄핵,가결,국회,탄핵소추안,탄핵,소추안,변경,공방,수사,혼선,불발,체포영장,집행,난항,진영,대립,진영,와중,보수,지지,결집,야권,중도,진보층,기대감,여권,조사,관저,농성,지지율,대통령,민심,계엄,불법성,부정,계엄,직전,11월,조사,대통령,긍정,평가,19%,국민,지지율,32%,괴리,대통령,지지율,정당,지지율,조사,탄핵,찬성,3분,중도층,비율,탄핵,찬성,70%,반대,24%,가결,응답,결국,탄핵,가결,보수층,야권,강공,드라이브,조사,적극,응답,결과,반영,여론,조사,전문가,진영,논리,정당,지지율,대통령,지지,계엄,탄핵,평가,왜곡,지적,조사,결과,민주당,독주,중도,보수층,실망,결집,측면,야당,국가,위기,질서,수습,노력,대선,셈법,몰두,태도,일관,민심,여야,탄핵,민심,오독,誤讀,오도,誤導","민주당,진영,지지율,갤럽,탄핵소추안,한덕수,체포영장,비상계엄,보수층,오독,3주,셈법","국민의힘과 더불어민주당의 정당 지지율이 12 3 비상계엄 이전 수준으로 돌아갔다는 여론조사 결과가 나왔다. 10일 발표된 한국갤럽 조사에 따르면 정당 지지율은 국민의힘 34%, 민주당 36%로 오차범위 이내였다. 직전 조사인 3주 전과 비교하면 국민의힘이 10%포인트 오른 반면 민주당은 12%포인트 떨어졌고, 그 결과 계엄 직전인 지난해 11월 말 갤럽..",https://www.donga.com/news/Opinion/article/all/20250112/130846389/2,
01100101.20250112191705002,20250112,경향신문,,"[사설]법치 경제 국격 다 흔든 ‘윤석열 관저 농성’, 더 방치 말라",국제>중남미, 국제>아시아, 정치>청와대,사회>사회갈등>시위,,,"윤석열,전현직,최,최상목","미국,호도","법원행정처,공수처,헌법재판소,경찰,대통령경호처,통계청,기획재정부,대한민국,한국,법원,경호처","법치,경제,국격,농성,윤석열,관저,방치,말라,12,우두머리,윤석열,체포,수색,영장,집행,장기간,지체,국정,혼란,내란,영장,중대,범죄,피의자,집행,현실,자체,법치,붕괴,미국,국제사회,상찬,대한민국,법치,회복력,상처,나라,질서,근본,운영,민생,경제,안정,윤석열,관저,농성,하루,진압,해체,국가,혼돈,종식,윤석열,헌법,재판소,탄핵심판,변론기일,출석,윤석열,공수처,경찰,불법무효,체포영장,불법적,방법,집행,시도,신변안전,불상사,14일,출석,공수처,영장,집행,출석,탄핵,심판,체포,영장,집행,요청,12,가담,군경,수뇌부,중요,임무,종사,혐의,구속기소,윤석열,정작,우두머리,대통령경호처,방어막,영장,집행,선택,망동,사이,국익,훼손,국격,추락,통계청,지표,12월,사용액,신용,카드,1년,1.5%,사태,연말,특수,국제적,기관,신용,평가,한국,정치적,장기화,장기,신용,하락,경고,윤석열,관저,요새화,공권력,체포,공수처,적법,영장,집행,백골단,자처,세력,등장,하나하나,시시각각,세계,생중계,나라,한국,법치,상황,권한대행,최상목,대통령,권한,대행,정부,해법,고심,체계,현행,법률,기관,갈등,기관,출구,양비론,법원,윤석열,체포,수색,영장,차례,발부,법원행정처,윤석열,영장,집행,입장,위법,불법,경계,사안,대행,공수처,경호처,법적,다툼,소지,호도,공수처,영장,집행,윤석열,공수처,수사,국정,조기,안정,대통령,권한,대행,민생,경제,난국,수습,기획,재정부,장관,내란,사태,방치,영장,조기,집행,공수처,공수처,윤석열,체포,수색,영장,시일,집행,수사,당국,나라,법치,대내외,천명,국격,경제,외교,명심","윤석열,공수처,국격,경호처,장기화,한국,체포영장,피의자,수뇌부,사용액,최상목,정작","12 3 내란 우두머리 윤석열의 체포 수색 영장 집행이 장기간 지체되면서 국정의 혼란과 불확실성이 커지고 있다. 내란이라는 중대범죄 피의자 영장을 제대로 집행하지 못하는 현실 자체가 법치 붕괴이고, 미국 등 국제사회가 상찬한 대한민국의 ‘법치 회복력’도 상처를 입었다. 나라의 근본적 운영 질서가 흔들리는데 민생 경제라고 안정될 리 없다. 윤석열의 관저 ..",https://www.khan.co.kr/article/202501121915001,
01100101.20250112191003001,20250112,경향신문,,"[사설]내란 수괴 편드는 안창호 인권위, 제정신인가",정치>청와대, 국제>중남미, 정치>국회_정당,,,,"윤,안창호,윤석열,이재명,안,김용원","장악,한남동","동원,국방부,더불어민주당,검경,국회,전원위원회,상임위,선관위,인권위원,인권위,공수처,헌법재판소,대국,국가인권위원회","편드,내란,수괴,안창호,인권위,제정신,국가,인권,위원회,추락,목불인견,대통령,윤석열,내란,노골적,비호,헌법상,기본권,인권,수호,국가,독립,기구,역할,망각,역주행,인권위,13일,새해,전원위원회,논의,안건,계엄,선포,야기,권고,국가,위기,극복,대책,상정,헌법재판소,심리,윤석열,탄핵,심판,방어권,보장,공수처,검찰,수사기관장,내란죄,피의자,구속,체포,자제,권고,안건,한남동,관저,요새,방어벽,집행,거부,윤석열,내란,옹호,인권위,설명,안건,배경,계엄,선포,대통령,부여,고유,권한,국방부,장관,대통령,결심,뒷받침,비난,내란범들,극우,세력,막무가내,주장,안건,상정,주도,김용원,상임,위원,회견,당면,상황,국가,위기,대통령,계엄,선포,자체,기인,야당,대표,이재명,더불어민주당,대통령,내란죄,프레임,국무총리,탄핵,감행,윤석열,군대,동원,국회,봉쇄,지시,체포조,선관위,장악,검경,결과,내란,수사,증거,인권위,부인,인권,수호,민주주의,기초,시민,의식,망발,안창호,인권,위원장,전직,인권,위원장,사무총장,인권위원,시민사회,반인권적,반민주적,안건,상정,강행,인권위,세력,내란,공범,역사,오명,절대다수,민심,위원장,위헌,비상계엄,내란,비호,안건,상정,대국민,사과,인권위,퇴행,환골탈태","인권위,윤석열,내란죄,위원장,안창호,위원회,김용원,이재명,비상계엄,더불어민주당,체포조,공수처,내란범들,선관위,방어벽,방어권,내란범,뒷받침,전원위원회,국방부,절대다수,피의자,민주주의,수사기관장,국무총리","국가인권위원회 추락이 목불인견이다. 대통령 윤석열의 내란을 노골적으로 비호하고, 헌법상의 기본권과 인권 수호에 앞장서야 할 국가 독립기구로서의 역할을 망각한 채 역주행만 거듭하고 있다.

인권위는 13일 열리는 새해 첫 전원위원회에서 논의할 안건으로 ‘계엄 선포로 야기된 국가적 위기 극복 대책 권고의 건’을 상정했다. 헌법재판소에 윤석열 탄핵심판 심리에..",https://www.khan.co.kr/article/202501121909001,
01101001.20250112181005002,20250112,한겨레,한겨레,[사설] 윤석열 체포영장 단호하게 집행하라,국제>중남미, 정치>청와대, 국제>미국_북미,사회>사회갈등>시위,,,"김성훈,이광우,윤,양경수,윤석열,김건희","일해,한남동","애초,공수처,헌법재판소,부서장,백골단,민주노총,공조수사본부,법원,경호처,공조본","윤석열,체포,영장,집행,윤석열,대통령,14일,헌법,재판소,탄핵,심판,변론기일,신변,안전,불상사,출석,수사,체포영장,집행,불응,탄핵심판,거부,태세,탄핵,수사,거짓,법치,조롱,국론,분열,행태,가관,대통령,탄핵,심판,공수처,불법적,체포,영장,집행,신변,안전,해결,출석,예정,대통령,애초,공조,수사본부,공조본,조사,체포영장,발부,법원,발부,영장,거부,관저,공조본,경호처,물리,충돌,대통령,자신,신변,안전,관저,소린,대통령,공수처,출석,조사,불상사,경호처,김건희,라인,김성훈,차장,이광우,본부장,지휘,대통령,관저,요새화,법원,영장,집행,불법,내란죄,피의자,경호,공권력,저항,차장,게시판,경호처,내부,체포,영장,집행,불법,삭제,지시,작성자,부서장,거부,전산,직원,전산,삭제,국가,공무원,주장,삭제,명예,자부심,경호처,직원,한순간,범법자,전락,처지,충성심,경호처,지휘부,부하,직원,범법자,조직,존폐,위기,근본,원인,대통령,인생,자신,안위,그동안,대통령,경호,인간,도리,대통령,농성,장기화,극우,세력,횡포,한남동,관저,지지자들,대통령,지지자,탄핵,촉구,시위자,위협,악명,군사,독재,정권,시절,백골단,자처,조직,정도,민주,노총,누리집,양경수,위원장,가족,협박,다수,피의자,내란죄,핵심,처벌,지연,극우,세력,준동,공조본,체포영장,대통령,체포,영장,집행","경호처,체포영장,탄핵심판,공조본,누리집,범법자,내란죄,공수처,불상사,윤석열,시위자,한남동,피의자,그동안,위원장,양경수,장기화"," 
윤석열 대통령이 14일 열릴 헌법재판소 탄핵심판 첫 변론기일에 ‘신변 안전과 불상사가 우려된다’며 출석하지 않겠다고 한다. 수사를 위한 체포영장 집행에 불응하더니 탄핵심판도 거부할 태세다. “탄핵이든 수사든 당당히 맞서겠다”던 말은 거짓이었나. 법치를 조롱하고 국론을 분열시키는 행태가 갈수록 가관이다.
윤 대통령 쪽은 탄핵심판 불출석 이유로 “공수처..",http://www.hani.co.kr/arti/opinion/editorial/1177511.html,
01101001.20250112180010001,20250112,한겨레,한겨레,[사설] ‘민주주의 모범’ 한국이 미국에도 이익이다,국제>미국_북미, 정치>외교,,,,,"조 바이든,제이크 설리번,윤,보아,윤석열","미국,미주,망상,미주민주참여포럼(KAPAC,미,한국,대한민국,한,일","미국,정부,백악관,공화당,한국,의회,미 하원,외교위원회,행정부","민주주,모범,한국,미국,이익,12,극복,헌법,질서,회복,한국,사회,움직,오해,편견,기초,미국,인사,발언,사태,해결,걸림돌,윤석열,대통령,비상계엄,선포,혁명,한국,사회,민주주의,부정,국민들,배신,행위,집권,도널드,트럼프,행정부,의회,인사,한국,국민,시일,민주적,정부,수립,미국,국익,사실,인정,발언,유권자단체,미주,한인,유권자,단체,미주민주참여포럼,KAPAC,10일,현지시각,긴급,성명,한국계,하원의원,하원,의원,공화당,6일,기고문,근거,빈약,일종,망상,윤석열,내란,수괴,한국,세력,극렬,극우,입장,대변,발언,중단,촉구,동맹,세력,수괴,윤석열,세력,공범,동조,탄핵,찬성,절대다수,대한민국,국민,동맹,의원,기고문,대통령,세력,탄핵,주도,동맹,협력,약화,중이,혼란,악용,주장,의원,하원,외교,위원회,동아태,위원장,내정,중요,인사,발언,단순,실언,미국,인사,정부,조기,퇴진,대중,견제,활용,행정부,트럼프,구상,차질,한국,극우,발언들,적극,활용,혐중,반중,음모론,가짜,혼란,미국,근시안,국익,생각,인사들,한국,극우,상황,악의적,왜곡,위기,확대,생산,행정부,외교,안보,정책,총괄,제이크,설리번,백악관,국가,안보,보좌관,한국,동맹,지속,헌신,민주국가,사태,최악,상황,혼란,장기화,한국,국력,민주주의,회복,한국,결국,미국,이익","한국,미국,행정부,윤석열,동아태,기고문,민주주의,인사들,제이크,한인,백악관,미주,하원의원,국민들,도널드,미주민주,미주민주참여포럼","12 3 내란사태를 극복하고 헌법 질서를 회복하려는 한국 사회의 절박한 움직임에 대해 ‘오해’와 ‘편견’에 기초한 일부 미국 인사들의 그릇된 발언이 사태 해결에 걸림돌이 되고 있다. 윤석열 대통령의 비상계엄 선포는 ‘6월 혁명’(1987) 이후 한국 사회가 꾸준히 가꾸고 길러온 민주주의에 대한 부정이자, 국민들에 대한 배신 행위였다. 곧 집권하는 2기 ..",http://www.hani.co.kr/arti/opinion/editorial/1177508.html,
01100801.20250111003131001,20250111,조선일보,조선일보,[사설] 경찰과 경호처 유혈 충돌 때 與野는 사태 감당할 수 있나,국제>중남미, 정치>청와대, 국제>아시아,사고>교통사고>노상사고, 사회>사회갈등>시위,,"윤석열,박종준","계산,중계","공수처장,민주당,공수처,경찰,신원,경호처,국민의힘","경찰,충돌,與野,경호처,유혈,충돌,사태,감당,공수처,경찰,윤석열,대통령,체포,영장,집행,준비,착수,경찰,1000여,인력,준비,지시,집행,집행,8배,경찰,집행,영장,혐의,박종준,경호처장,소환조사,자진,출석,처장,신분,현직,대통령,수사,절차,진행,국가,기관,유혈,충돌,경찰,경호처장,소환,26명,경호처,관계자,요청,신원,확인,단계별,작전,주변,대통령,관저,상황,경호처,직원,대기,버스,차벽,쇠사슬,관저,주변,군사요새,시위대들,탄핵,반대,시위대,경찰,경호처,가능성,유혈,충돌,가능,정치권,충돌,태도,민주당,의원,공수처장,경호처,가슴,결기,국민,의원들,영장,집행,관저,집결,원외,인사,관저,주변,대통령,권한,공수처,조사,거부,공수처,구속,영장,청구,법원,기소,입장,체포,충돌,구속영장,청구,법원,판단,내란특검,여야,합의,공수처,수사,위법성,해결,충돌,결국,유혈,민주당,국민,특검,대선,정치적,이용,계산,얼마,타협,가능,계엄,탄핵,충돌,영장,집행,관저,부근,찬반,시위,실시간,세계,중계,국가,피해,대통령,체포,와중,유혈,충돌,사상자,발생,사태,국민,갈등,가늠,민주당,국민,감당","경호처,공수처,민주당,경호처장,관계자,의원들,내란특검,차벽",공수처와 경찰이 윤석열 대통령에 대한 2차 체포영장 집행 준비에 착수했다. 경찰은 1000여 명에 달하는 인력 준비를 지시했다. 지난 3일 1차 집행 때보다 8배 늘어났다. 경찰은 1차 영장 집행을 막은 혐의로 박종준 경호처장을 소환조사했다. 자진 출석한 박 처장은 “현직 대통령 신분에 걸맞은 수사 절차가 진행돼야 한다”며 국가 기관들 간의 유혈 충돌을..,https://www.chosun.com/opinion/editorial/2025/01/11/OT3VPHTDCBHHLILLBQ5EQAATFM/?utm_source=bigkinds&utm_medium=original&utm_campaign=news,
01100801.20250111002619001,20250111,조선일보,조선일보,"[사설] 대북 확성기가 ‘외환죄’라니, 북 도발 억제책 포기인가",정치>북한, 정치>외교, 정치>청와대,,,,"윤석열,김용현","북,우크라이나,평양,서울,북방한,북한","북,민주당,북한군,검찰,국방부,정보사령관,대북,북한","대북,확성기,외환죄,도발,억제책,포기,6당,윤석열,대통령,비상계엄,선포,특검법,발의,대통령,전쟁,무력,충돌,유도,혐의,외환,外患,혐의,추가,대상,특검,수사,추가,해외,분쟁,지역,파병,가동,대북,확성기,살포,대북,전단,확대,침투,무인기,평양,북한,오물,풍선,원점,타격,북방한계선,NLL,북한,공격,유도,나열,증거,추측,차원,정상,활동,외환,행위,구속,노상원,정보,사령관,수첩,NLL,북방한계선,공격,유도,오물,풍선,메모,검찰,메모,개인,생각,실제,공유,판단,민주당,대통령,침투,무인기,평양,지시,김용현,국방부,장관,오물,풍선,원점,타격,지시,의혹,제기,의혹,사실,확인,계엄,공격,유도,정치,행위,정상적,활동,구분,북한,무인기,서울,하늘,오물,풍선,대량,상황,도발,의지,대응책,군대,가동,대북,확성기,살포,대북,전단,외환,혐의,포함,납득,미사일,각종,도발,대북,확성기,대북,전단,북한,주민,진실,김정은,생존,가동,대북,확성기,북한,살포,오물,풍선,대응,공개적,조치,손발,김정은,민주당,해외,분쟁,지역,파병,외환,파병,북한군,파병,우크라이나,전황,필요성,논의,파병,북한군,대규모,파병,상황,현지,상황,파악,정부,군대,민주당,집권,중대,안보,상황,분석팀,정상적,활동,정상,외환,혐의,적용,수사,정상적,훈련,수단,대북,심리전,기피,포기,결과,민주당,추가,외환,혐의,철회,수사,단초,별개,수사,확대","민주당,무인기,김정은,확성기,평양,한계선,북방한계선,심리전,특검법,공개적,노상원,필요성,국방부,사령관,김용현,nll,비상계엄","야(野) 6당이 윤석열 대통령의 비상계엄 선포와 관련한 특검법을 9일 발의했다. 그런데 윤 대통령이 ‘전쟁 또는 무력 충돌을 유도하려고 한 혐의’가 있다며 외환(外患) 혐의를 추가했다. 특검 수사 대상에 추가된 내용을 보면 ‘해외 분쟁 지역 파병, 대북 확성기 가동, 대북 전단 살포 대폭 확대, 무인기 평양 침투, 북한의 오물 풍선 원점 타격, 북방한계..",https://www.chosun.com/opinion/editorial/2025/01/11/PRSVVGT3IJBWHKZ5AEKUH2ERPE/?utm_source=bigkinds&utm_medium=original&utm_campaign=news,
01100801.20250111002057001,20250111,조선일보,조선일보,"[사설] 헌재 사무처장이 재판하고, 민주당 의원은 경찰 지휘",정치>청와대, 정치>행정_자치, 정치>선거,범죄>범죄일반>방화,,,"이상식,윤석열,김정원",,"민주당,포고령,헌법재판소,경찰,헌재,국회,사무처,국가수사본부,국민의힘","헌재,사무처장,재판,민주당,의원,경찰,지휘,사무처장,김정원,헌법,재판소,국회,계엄,포고령,현행,헌법,부합,포고령,위헌,여부,윤석열,대통령,탄핵,심판,포함,헌법재판관들,결정,재판,참여,자격,사무처장,위헌,견해,헌재,사무처장,헌재,사무처,관장,사람,재판,행정,업무,헌법재판소법,사무처장,국회,헌재,행정,발언,규정,진행,헌재,재판,언급,명시적,규정,재판,언급,처장,지난달,헌법재판관,공석,권한대행,대통령,권한,대행,임명권,행사,권한대행,재판관,임명,헌법,해석,헌법재판관들,재판,사안,재판관,사무처장,사무처장,상식,정치,행위,개인,이득,경찰,출신,의원,민주당,이상식,얼마,경찰,국가,수사본부,메신저,역할,전화기,경찰,후배,응원,조언,윤석열,체포,국민,반발,의원,후배들,소통,체포,대통령,체포,민주당,지시,경찰,수행,의심,계엄,사태,사회,분열,양상,고위,공직자,정치인,발언,행동,혼란,갈등,불씨,신중,발언,행동","사무처장,재판관,민주당,윤석열,포고령,권한대행,김정원,헌법재판관들,후배들,재판소,이상식,공직자,수사본부,명시적,정치인,헌법재판관,전화기,사무처,임명권,헌법재판소법","김정원 헌법재판소 사무처장이 9일 국회에 나와 계엄 포고령이 “현행 헌법에 부합하지 않는다”고 했다. 포고령의 위헌 여부는 윤석열 대통령 탄핵 심판에 포함된 내용이다. 그런데 헌법재판관들의 결정이 나오기도 전에 재판에 참여할 자격도 없는 사무처장이 ‘위헌’이란 견해를 밝힌 것이다. 
 
헌재 사무처장은 헌재 사무처를 관장하는 사람이다. 재판이 아닌 행정..",https://www.chosun.com/opinion/editorial/2025/01/11/QVITRY6UHNAOFBKKD2C5MQL3BQ/?utm_source=bigkinds&utm_medium=original&utm_campaign=news,
01100901.20250111001538001,20250111,중앙일보,,"[사설] 우방 압박하는 ‘트럼프 독트린’, 우린 대비돼 있나",국제>미국_북미, 정치>외교, 국제>일본,,,,"트럼프,윤석열,한덕수,쥐스탱 트뤼도,도널드 트럼프,최상목","덴마크,캐나다,미국,중국,한국,북한,한국전쟁,그린란드,파나마,마러라고,캐나다 협정,멕시코만,미,계산,대한민국,한,멕시코","덴마크,우방,미국,중국,한·미 양국,국회,NATO,한국,북한,주한미군,오산,헌법재판소,북대서양조약기구,한·미 동맹,경찰국,한·미","우방,압박,트럼프,독트린,대비,캐나다,멕시코,덴마크,파나마,취임,영토,관세,노골,압박,한국,각종,리스크,대비,만전,취임식,당선인,도널드,트럼프,미국,대통령,캐나다,멕시코,덴마크,파나마,겨냥,압박,노골,영토,국가,반발,국제사회,트럼프,행보,공세,개입,주의,정책,고립주의,대외,예상,제국주의,세계관,연상,동맹,전통,우방,행태,국익,우선주의,극단,미국,America,전략,계산,행동,현직,대통령,국회,탄핵,소추,헌법,재판소,심판,대한민국,입장,예상,중대,리스크,트럼프,캐나다,폭탄,25%,관세,위협,쥐스탱,트뤼,캐나다,총리,재임,전격,사퇴,트럼프,11월,방문,트뤼도,캐나다가,미국,51번,조롱,멕시코,경유,미국,불법,이민,불만,토로,트럼프,멕시코만,Gulf,Mexico,명칭,아메리카만,멕시코,자극,트럼프,캐나다,멕시코,성격,의도,도발,개정,미국,멕시코,캐나다,협정,USMCA,재협상,주도권,포석,해석,트럼프,중국,영향력,확대,견제,파마,운하,소유,회수,중국,압박,카드,희토류,매장,그린란드,덴마크,자치령,미국,영토,매입,호시탐탐,파나마,그린란드,가능성,군사력,사용,가능,거론,캐나다,덴마크,북대서양조약기구,NATO,회원국,미국,동맹,트럼프,과거,야심,제국주의,영토,노골적,역할,세계,경찰,국가,관심,미국,이익,산적,Bandit,행태,독트린,공격,트럼프,트럼프,당선,당선,윤석열,대통령,차례,통화,12,한국,공개,언급,트럼프,언행,한국,겨냥,70여년,한국,전쟁,이래,동맹,온정,생각,오산,트럼프,대선,기간,한국,Money,machine,현금인출기,압박,분담금,주한,미군,방위비,인상,자유무역협정,FTA,재개정,북한,재개,직거래,협상,중국,포위,공세,동참,한국,부담,카드,전제,대응책,마련,시점,한국,정치,리더십,상황,사실,부재,윤석열,대통령,직무,정지,상태,권한대행,한덕수,총리,탄핵,최상목,부총리,권한대행직,수행,북한,일상,도발,유지,대응,태세,위기관리,최우선,현실,트럼프,취임식,전후,가용,외교,안보,라인,재계,종교계,민간,역량,집중,총력외교,네트워크,총동원,동맹,강화,미국,이익,부합,양국,번영,초석,미국,인식,여야,초당적,비상,외교,비상시국","미국,한국,캐나다,멕시코,중국,덴마크,파나마,취임식,방위비,그린란드,제국주의,윤석열,독트린,직거래,군사력,분담금","━
 캐나다 멕시코 덴마크 파나마 때리기 
 
 ━
 취임 앞두고 영토 관세 등 노골적 압박 
 
 ━
 한국도 각종 리스크 대비 만전 기해야 
 오는 20일 취임식을 앞둔 도널드 트럼프 미국 대통령 당선인이 캐나다 멕시코 덴마크 파나마 등을 겨냥해 노골적 영토 압박을 가하고 해당 국가들이 강력 반발하면서 국제사회가 들썩이고 있다. 트럼프의 공세적 개입..",https://www.joongang.co.kr/article/25306730,
01101101.20250111001025002,20250111,한국일보,,"[사설] 내란 특검 합의 촉구 최 대행 국민의힘, 발목 잡기 안 된다",정치>청와대, 사회>사건_사고, 국제>중남미,,,,"김석우,윤석열,박종준,최,최상목",,"고위공직자범죄수사처,민주당,공수처,대통령경호처,계산,법무부,국회,임하,경호처,국민의힘","내란,특검,합의,촉구,대행,국민,발목,권한대행,최상목,대통령,권한,대행,여야,합의,위헌적,요소,내란,특검법,마련,윤석열,대통령,체포영장,집행,고위공직자범죄수사처,공수처,경호처,대립,상황,자연,해소,정작,국민,그간,독소,조항,반발,핵심,조항,삭제,야당,내란,특검,수정안,수용,거부,대행,언론,체포,영장,집행,메시지,현행,법률,체계,기관,갈등,기관,출구,박종준,대통령,경호처장,이날,경찰,자진,출석,제출,사직서,수리,대행,메시지,해석,공수처,경찰,수사기관,특검,출범,물리,충돌,시도,체포,영장,집행,자제,처장,경찰,출석,국격,대통령,적정,수사,절차,진행,논란,무리,체포영장,집행,해석,대행,물리,충돌,해법,여야,합의,특검,제시,만큼,국민,성실,자세,협의,민주당,야6당,그동안,대행,여당,핵심,독소,조항,제거,내란,특검,수정안,특검,추천,대법원장,비토권,삭제,국민,수준,수사,범위,브리핑,수시,언론,자체,수정안,야당,협상,계산,의심,장관대행,김석우,법무부,장관,대행,차관,국회,특검,임명,방식,변경,문제점,해소,야당,특검법,수정안,부여,야당,만큼,여당,트집,양보,협의,물꼬,충돌,특검,대행,주문","수정안,체포영장,공수처,만큼,특검법,김석우,법무부,박종준,최상목,그동안,그간,공직자,야6당,비토권,대법원장,민주당,사직서",최상목 대통령 권한대행이 “여야가 합의해 위헌적인 요소가 없는 (내란)특검법을 마련해달라”고 밝혔다. 그래야 윤석열 대통령에 대한 체포영장 집행을 두고 고위공직자범죄수사처(공수처)와 경호처가 극한 대립을 하는 상황이 자연스럽게 해소될 거라면서다. 정작 국민의힘은 그간 독소조항이라고 반발해온 핵심 조항이 삭제된 야당의 내란특검법 수정안조차 수용을 거부하고..,https://www.hankookilbo.com/News/Read/A2025011013450002833,
01101101.20250111001024001,20250111,한국일보,,[사설] '尹 탄핵' 여론 높은데 與 지지 상승...여야는 민심 정독해야,정치>행정_자치, 정치>선거, 정치>청와대,,,,"전광훈,윤석열,한덕수,윤상현,김민전,이재명",尹,"오만,민주당,더불어민주당,한국갤럽,국회,NBS,국민의힘,대동","탄핵,여론,상승,지지,여야,민심,정독,국민,격차,더불어민주당,지지율,12,여론,조사,결과,탄핵,윤석열,대통령,찬성,여론,60%,압도적,감안,탄핵,격차,여야,지지율,계엄,대동소이,의외,한국갤럽,여론,조사,1월,2주,결과,민주당,36%,,34%,3주,12월,3주,조사,민주당,국민,민주당,48%,,24%,전국지표조사,NBS,결과,민주당,국민,민주당,36%,,32%,3주,조사,민주당,국민,민주당,39%,,26%,여당,상승세,여론,대통령,탄핵,찬성,60%,한국갤럽,62%,64%,,NBS,62%,대통령,탄핵,직전,한국갤럽,조사,여론,탄핵,찬성,75%,10%포인트,하락,포인트,흐름,위기감,보수,결집,한덕수,대통령,권한,대행,탄핵,민주당,폭주,결과,성향,여당,지지,보수,계엄,선포,탄핵,의견,표명,대통령,민주당,행태,목소리,시작,한국갤럽,조사,자신,보수,응답자,267명,331명,보수,적극,지지,의견,과다,반영,여지,정치권,여론,조사,수치,매몰,민심,사실,명심,지지율,상승,고무,국민,아스팔트,극우,모습,대표적,윤상현,의원,전광훈,목사,인사,김민전,의원,백골단,자처,단체,국회,회견,주선,퇴행,국민,반감,민주당,이재명,대표,일정,재판,의식,탄핵,사유,내란죄,절차적,논란,다수당,오만,중도,보수,반발,자초","민주당,한국갤럽,지지율,3주,2주,더불어민주당,한덕수,윤석열","국민의힘과 더불어민주당 지지율 격차가 12 3 불법계엄 이전으로 돌아갔다는 여론조사 결과가 잇따르고 있다. 윤석열 대통령 탄핵을 찬성하는 여론이 60% 이상으로 압도적인 것을 감안하면 탄핵 직후 두 배까지 벌어졌던 여야 지지율 격차가 계엄 이전처럼 대동소이해진 건 의외다.
어제 발표된 한국갤럽 여론조사(1월 2주) 결과, 민주당이 36%, 국민의힘은 3..",https://www.hankookilbo.com/News/Read/A2025011011200004080,
01100401.20250111233042001,20250111,동아일보,,[사설]“尹 체포가 내란” “평화적 계엄” 어불성설 법 무시와 국민우롱,정치>청와대,,,범죄>범죄일반>폭행, 사회>사회갈등>시위,,"윤,윤석열,박종준","서울,한남동,비상계엄","법원행정처,동원,변호인단,고위공직자범죄수사처,공수처,검찰,국회,대통령경호처장,국가인권위원회,전원위원회,경호처","체포,평화,계엄,어불성설,무시,어불성설,국민우롱,고위공직자범죄수사처,공수처,체포,영장,집행,관저,서울,한남동,장기,농성,윤석열,대통령,변호인단,우군,세력,동원,본격적,여론전,일각,보수,진영,여론,탄핵,반대,계엄,선포,체포영장,집행,부당,주장,지지,결집,모양새,변호인단,대통령,성명,현직,대통령,불법,체포,헌정질서,주장,간담회,외신,현직,대통령,장갑차,헬기,동원,체포,내전,공수처,경호처,가능성,물리,충돌,가능,책임,공수처,박종준,대통령,경호처장,사직서,제출,경찰,출석,우리나라,국격,대통령,적정,수사,진행,바람,절차,집행,방식,생각,수사,기관,비판,법원행정처장,국회,적법,발부,영장,집행,협조,국민,의무,현직,대통령,법치주의,예외,인정,발상,자체,국격,훼손,무시,대통령,처장,이날,대통령,관저,국가기관,물리,충돌,유혈,사태,가능,고조,변호인단,비상계엄,비상계엄,선포,비상대권,긴급,권한,행사,논리,실패,계엄,평화적,설계,주장,계엄,문짝,도끼,대통령,폭력,언사,검찰,수사,공개,평화,계엄,운운,궁색,처지,대통령,궤변,국민,우롱,국가인권위원회,전원,위원회,탄핵심판,대통령,탄핵,심판,형사재판,방어권,보장,권고안,안건,상정,외곽,지원,위원들,여당,추천,위원,주도,제출,권고안,180일,탄핵,심판,기간,계엄,수사,수사,남발,체포,영장,청구,계엄,주동자들,희망,사항,국민,인권,수호,기관,사항,공식,권고,둔갑,선포,시대착오,계엄,국제,망신,거리,안건,폐기,노릇,적반,하장식,피해자","공수처,체포영장,가능성,변호인단,위원회,국격,어불성설,탄핵심판,간담회,피해자,권고안,진영,한남동,박종준,사직서","고위공직자범죄수사처(공수처)의 체포영장 집행을 피해 서울 한남동 관저에서 장기 농성 중인 윤석열 대통령이 변호인단과 우군 세력을 동원해 본격적인 여론전을 펼치고 있다. 보수 진영 일각의 탄핵 반대 여론에 기대어 계엄 선포의 정당성과 체포영장 집행의 부당함을 주장하며 지지층 결집에 나선 모양새다. 
 
 윤 대통령 변호인단은 10일 성명을 내고 “현직 대..",https://www.donga.com/news/Opinion/article/all/20250110/130839816/2,
01100401.20250111232531001,20250111,동아일보,,[사설]明 “보안 부탁” 尹 “그래요” 쌓여가는 거짓말,정치>외교, 정치>청와대,,,,,"임태희,명,윤석열,황준국,황,김건희,명태균","주영국,明","공관위원장,브로커,검찰,공관위,국민의힘","부탁,보안,거짓말,윤석열,대통령,김건희,여사,경선,명태균,대선,후보,경선,정치,브로커,명태균,보고서,여론,조사,최소,확인,보도,검찰,수사,보고서,대통령,국민,책임당원,여론,조사,결과,텔레그램,전송,조사,부탁,보안,유지,요청,대통령,기자회견,여론조사,요청,공표,여론조사,취지,거짓,여사,카카오톡,여론,조사,결과,충성,여론,조사,결과,소통,대목,이재명,11%,이중,대통령,준표,반응,여사,걱정,조사,자체,안심,대통령,여론,조사,정치,자금,위반,소지,대통령,여론,조사,비용,지급,사실,공짜,조사,수수,불법,정치,자금,검찰,수사,대목,대통령,조언,평가절하,인사,논의,정도,각별,사이,여사,황준국,프로필,주영국,대사,후원회장,총괄본부장,경선,캠프,명단,비서실장,후보,여사,의견,총장님,임태희,실장,표현,등장,대사,실장,후원회장,총괄본부장,기용,대통령,공천,얘기,김영선이,육성,공관위원장,윤상현이,이야기,공관위원장,녹취,발견,검찰,수사,보고서,PC,포렌식,결과,황금폰,대화들","여론조사,보고서,총괄본부장,공관위원장,위원장,황금폰,책임당원,주영국,후원회장,비서실장,명태균,대화들,김영선이,총장님,윤상현이,평가절하,본부장,임태희,이재명,거짓말,포렌식,pc,황준국,윤석열",윤석열 대통령과 김건희 여사가 대선 후보 경선 당시 정치 브로커 명태균 씨로부터 비공표 여론조사 보고서를 최소 4차례 받아본 것으로 확인됐다. 최근 보도된 검찰 수사보고서에 따르면 윤 대통령은 2021년 10월 명 씨로부터 국민의힘 책임당원 5044명에 대한 여론조사 결과를 텔레그램으로 전송받으며 비공표 조사라 보안 유지 부탁한다는 요청에 ‘그래요’라고..,https://www.donga.com/news/Opinion/article/all/20250110/130839818/2,
01100101.20250110181804001,20250110,경향신문,,[사설] ‘국격 맞는 수사’ 바란다면 윤석열이 자진 출두하면 된다,국제>중남미, 정치>청와대, 사회>사건_사고,,,,"권영세,김성훈,이광우,박,윤석열,박종준,권,이진하,최상목",,"동원,고위공직자범죄수사처,법원행정처장,대우,비대위,국회,공수처,헌법재판소,경찰청,국가수사본부,사법부,경호처,국민의힘","국격,수사,윤석열,자진,출두,고위공직자범죄수사처,대통령,윤석열,체포,영장,집행,불법적,입건,경호처장,박종준,대통령,소환,경찰,출석,처장,국격,대통령,적정,수사,절차,진행,권영세,국민,비상대책위원장,이날,대통령,수갑,국격,경찰,소환,불응,집행,체포,영장,출석,연막,처장,윤석열,탄핵,반대,비대,국격,운운,기만,술책,국격,걱정,불법계엄,민주주의,위기,법집행,불응,관저,내란,수괴,비호,처장,국가수사본부,이날,경찰청,국가,수사본부,출석,대통령,신분,수사절차,중지,체포,영장,집행,주장,물리,충돌,유혈,사태,터무니,적반하장,유혈,사태,운운,법집행,방해,속셈,윤석열,체포,대상,스스로,자초,선포,위헌,비상계엄,탄핵,수사기관,소환,헌법재판소,탄핵심판,불응,극우세력,내란,선동,국가,법질서,정치,안정,파괴,국격,추락,장본인,윤석열,처장,출석,영장,집행,극단,지지,결집,잔꾀,국민,처장,이날,최상목,대통령,권한,대행,사직서,제출,혐의,사이,소환,통보,차장,김성훈,경호처,이광우,경호,본부장,이진하,경비,안전,본부장,출석,여부,경찰,지체,긴급체포,경호처,불법,행위,엄단,내란,외환,중대범죄,현행범,윤석열,체포,수사,소추,국가기강,필수불가결,절차,천대엽,법원,행정,처장,이날,국회,적법,발부,영장,집행,협조,국민,의무,윤석열,주장,불법,체포,법앞,대통령,예외,사법부,확인,윤석열,신분,국격,운운,특별,대우,주장,어불성설,국격,훼손,걱정,윤석열,관저,공수처,수사,내란,세력,기만,선동,윤석열,체포,격리,공수처,경찰,가용,수단,동원,체포영장,집행,국가,법질서,확인,국격,유일","윤석열,국격,체포영장,경호처,본부장,비상계엄,법집행,위원장,공수처,이진하,천대엽,이광우,김성훈",고위공직자범죄수사처의 대통령 윤석열 체포영장 집행을 불법적으로 막아 입건된 박종준 대통령 경호처장이 3차 소환끝에 10일 경찰에 출석했다. 박 처장은 “국격에 맞게 대통령에게 적정한 수사 절차가 진행됐으면 한다”고 했다. 권영세 국민의힘 비상대책위원장도 이날 “대통령을 수갑 채워 끌고 가는 것은 국격을 떨어뜨리는 것”이라고 했다. 경찰 소환에 불응하다 ..,https://www.khan.co.kr/article/202501101816001,
01100101.20250110181601001,20250110,경향신문,,"[사설]‘백골단’ 국회로 불러들인 김민전, 국회의원 자격 없다",정치>국회_정당, 정치>선거, 정치>청와대,범죄>범죄일반>폭행,,,"김,윤석열,권성동,김민전","한남동,비상계엄,대한민국","대명,예하,백골단,국회,국회입법조사처,예하부대,반공청년단,국민의힘","백골단,국회,김민전,국회의원,자격,김민전,국민,의원,윤석열,체포,영장,집행,반공청년단,단체,국회,기자회견,주선,예하부대,백골단,조직,자경단,활동,이름,몸서리,독재,정권,폭력,대명사,백골단,자처,집단,공당,국회의원,국회,헌법수호,법치주의,실현,책무,국회의원,폭력,불사,단체,비호,사태,묵과,백골단,이승만,정권,비상계엄,선포,빌미,집단,정치,깡패,1980~1990년대,시위대,무자비,구타,체포,국가,폭력,상징,강경대,김귀정,백골단,소통관,이날,국회,헬멧,무릎,보호대,차림,등장,반공청년단,백골단,예하부대,주변,대통령,관저,감시,자경단,활동,계획,한남동,관저,수비대,윤석열,체포,저지,민간,활동,결국,경찰,공무집행,폭력,시민들,탄핵,찬성,시민,공격,해석,김민전,의원,활동,젊은이들,분노,윤석열,체포,백색테러,용인,민의,전당,국회,백골단,김민전,의원,행위,사안,위원,비판,기자회견,철회,단체,주장,정치학,박사,국회입법,조사처,경력,의원,백골단,폭력,대한민국,민주주,역사,원내대표,국민의힘,권성동,원내,대표,10일,의원,본인,실수,인정,사과,징계,사유,불법,계엄,선포,대통령,윤석열,국민,일과,실수,정도,국민,눈높이,민주주의,근간,행위,정치,폭력,조장,집행,방해,내란,선동,국민,의원,중징계,백골단,활동,입장","백골단,윤석열,김민전,국회의원,국민의힘,권성동,반공청년단,기자회견,한남동,자경단,예하부대,청년단,용인,법치주의,시위대,백색,무자비,정치학,공무집행",김민전 국민의힘 의원이 지난 9일 윤석열 체포영장 집행을 막겠다고 나선 ‘반공청년단’이라는 단체를 국회로 불러 기자회견을 주선했다. 이들은 예하부대로 ‘백골단’을 조직해 자경단으로 활동하겠다고 밝혔다. 이름만 들어도 몸서리 쳐지는 독재정권 폭력의 대명사 ‘백골단’을 자처하는 집단을 공당의 국회의원이 국회에 들였다니 기가 막힐 일이다. 헌법수호와 법치주의..,https://www.khan.co.kr/article/202501101815001,
01101001.20250110181005001,20250110,한겨레,한겨레,"[사설] 나라와 국민에 대한 최소한의 도리다, 윤석열 자진출석하라",정치>청와대, 국제>중남미, 국제>일본,,,,"윤,윤석열,박종준,윤갑근,최상목","일해,12·3 비상계엄,대한민국,비상계엄,대통령 관저","변호인단,경호처,만도","나라,국민,도리,윤석열,자진,출석,박종준,경호처장,경찰,출석,신분,현직,대통령,수사,절차,진행,생각,체포영장,집행,방식,절차,대통령,윤석열,12,중요,임무,종사,경찰,수뇌부,구속기소,마당,우두머리,혐의,대통령,수사,불응,신분,현직,대통령,행태,법치,부정,대통령,관저,철조망,집행,거부,현실,국격,경제,민생,나라,국민,도리,상황,조사,변호인단,대통령,윤갑근,변호사,간담회,외신,12,실패,평화적,계엄,평화적,계엄,제정신,의심,언어도단,계엄,본래,전시,사변,비상사태,선포,계엄,요건,결여,평화,상태,파괴,폭동,위헌,위법적,계엄,내란,변호사,대통령,의도,비상계엄,선포,목적,달성,고심,역사,계기,대한민국,발전,말문,궤변,대통령,계엄,수사,자신,입장,진술,자세,주장,자신,범죄,처벌,경찰,집행,체포,영장,집행,경호,협조,방침,체포,영장,집행,저항,대통령,경호처,동요,박종준,경호처장,이날,경찰,출석,맥락,처장,이날,경찰,출석,사직서,제출,권한대행,최상목,대통령,권한,대행,수리,집행,체포,영장,사실상,저항,포기,경찰,특수공무집행방해,내란죄,혐의,경호처장,조사,구속,수순,전망,경호처,김용현,김건희,라인,간부,제외,불법적,윤석열,회의,명예,자부심,경호처,직원,한순간,범법자,전락,대통령,인생,자신,안위,그동안,대통령,경호,인간,도리,구차,행태","경호처,윤석열,체포영장,비상계엄,경호처장,변호사,대한민국,간담회,최상목,박종준,그동안,비상사태,국격,김건희,위법적,범법자",박종준 경호처장이 10일 경찰에 출석하면서 “현직 대통령 신분에 걸맞은 수사 절차가 진행돼야 한다고 생각한다. 현재와 같은 체포영장 집행 방식 절차는 아니다”라고 말했다. 이는 대통령 윤석열에게 그대로 돌려줘야 할 말이다. 12 3 내란 중요 임무에 종사한 군 경찰 수뇌부가 줄줄이 구속기소된 마당에 내란 우두머리 혐의를 받는 윤 대통령만 수사에 불응하고..,http://www.hani.co.kr/arti/opinion/editorial/1177360.html,
01101001.20250110181005002,20250110,한겨레,한겨레,"[사설]대안은 안 내고 또 트집, ‘제3자 추천 내란 특검’도 못 받겠다는 국힘",정치>청와대, 정치>국회_정당, 국제>미국_북미,,,,"박스갈,권성동,김석우",,"정부,고위공직자범죄수사처,국회 법제사법위,국가정보원,더불어민주당,법무부,국민의힘","대안,트집,추천,특검,국힘,국민,더불어민주당,6당,재발의,내란,특검,법안,윤석열,정부,내란,외환,행위,진상규명,특별,검사,임명,법률안,수용,10일,특검,추천,야당,제3자,대법원장,정부,여당,위헌적,주장,핵심,대목,조정,반대,예상,권성동,국민,원내대표,야당,재발의,내란,특검,법안,포장,박스갈,특검법,거부,특검법안,수사,대상,내란,선전,선동,혐의,추가,특검,주장,1차,특검법,국가정보원,국방부,대통령비서실,경호처,압수,수색,허용,국가안보,훼손,위험,비판,주장,특검,자체,반대,트집,야당,재발의,특검법안,재표결,부결,법안,완화,정부,여당,특검,추천,야당,대법원장,특검,규모,155명,수사,기간,130일,압수,군사,기밀,시설,수색,허용,수사,언론브리핑,제외,김석우,법무부,장관,권한,대행,차관,법제사법위원회,국회,법제,사법,위원회,출석,그동안,정부,지적,핵심적,위헌,요소,삭제,확인,여당,거부,명분,국민,자체적,법안,마련,시점,전제,조건,12,진상,규명,의지,의구심,국민의힘,내란,특검,자체,부정적,기류,국민,공수처,고위공직자범죄수사처,내란죄,수사,수사,논란,해소,특검법,반대,지연,국민,특검법,찬성표,재표결,대통령,거부,행사,법안,재의결,여당,근접,야당,특검법안,여당,동참,인원,국민,지도부,특검,결국,가능성,얘기,국민,핑계,특검법안,마련,야당,협상","특검법,재발의,특검법안,재표결,진상규명,위헌적,제3자,대법원장,김석우,내란죄,그동안,공직자,위원회,고위공직자범죄수사처,수사처,국방부,법무부","국민의힘이 더불어민주당 등 야 6당이 재발의한 ‘내란 특검법안’(윤석열 정부의 내란 외환 행위의 진상규명을 위한 특별검사 임명 등에 관한 법률안)을 “수용할 수 없다”고 10일 밝혔다. 특검 추천을 ‘야당’에서 제3자인 ‘대법원장’으로 바꾸는 등, 정부 여당이 위헌적이라고 주장한 핵심 대목을 조정했는데도 또 다른 이유를 들어 반대한 것이다. 예상대로다...",http://www.hani.co.kr/arti/opinion/editorial/1177361.html,
01100901.20250110004148001,20250110,중앙일보,,[사설] 내란 특검 도입으로 수사권 논란 빌미 차단해야,사회>사건_사고, 정치>청와대, 정치>국회_정당,,,,"권영세,윤석열,우원식 국회의장,최상목,천대엽,이재명",북한,"법원행정처,민주당,고위공직자범죄수사처,검찰,경찰,더불어민주당,국회,법원,국정협의회,서울중앙지법,공수처,공조수사본부,국민의힘","내란,특검,수사,논란,빌미,차단,야당,추천,비토권,합의,특검법,여야,합의,외환,혐의,쟁점,추가,속도,이견,해소,더불어민주당,6당,특검법,내란,재발의,엊그제,8일,국회,본회의,특검법,찬성,2표,부결,민주당,조항,법안,제출,법안,야당,그동안,독소,조항,지적,변경,2명,특검,후보자,추천권,야당,대법원장,야당,요구권,후보자,요구,제외,수사,인력,수사,기간,축소,여당,국민,소속,의원,요구,수정안,논의,착수,입장,야당,특검,여당,주장,수용,여당,전향,태도,만시지탄,협의,진전,고위공직자범죄수사처,공수처,경찰,공조수사본부,수사,윤석열,대통령,진행,상황,특검법,통과,혼선,그동안,검찰,경찰,공수처,수사,기관,사이,혼선,생각,특검,상황,정리,합리적,대통령,공수처,수사권,법원,발부,체포영장,집행,물리력,저지,국가,공권력,끼리,유혈,충돌,상황,대통령,시위자들,관저,주변,시위자,선동,메시지,천대엽,법원,행정처장,영장,합법,근거,설명,대통령,집행,기미,기소,주장,서울중앙지법,사전구속영장,청구,무리,요구,사전구속영장,청구,대통령,영장실질심사,자진,출석,내란죄,수사,경찰,소환,의문,대통령,태도,신병,확보,성공,수사,재판,협조,트집,특검,논란,절차,야당,특검법,외환,혐의,외환,전쟁,유발,행위,수사,대상,추가,계엄,수사,북한,공격,유발,메모,사안,대통령,관여,증거,여야,이견,여야,시점,쟁점,추가,특검법,정쟁,유발,사태,해결,목적,최상목,대통령,권한,대행,우원식,국회,의장,권영세,국민,비상대책위원장,대표,이재명,민주당,참여,국정협의회,윤곽,극복,경제,위기,시국,소식,수사,대통령,공조,발목,특검법,합의,변화,계기","특검법,후보자,수사권,민주당,그동안,공수처,우원식,천대엽,이재명,사전구속영장,최상목,내란죄,윤석열","━
 야당 추천 비토권 없앤 새 특검법 여야 합의 기대 
 
 ━
 외환 혐의 등 새 쟁점 추가 대신 이견 해소 속도를 
 더불어민주당 등 야 6당이 어제 ‘내란 특검법’을 재발의했다. 엊그제(지난 8일) 국회 본회의의 내란 특검법 재표결에서 찬성 198표로 2표가 모자라 부결되자 민주당 등은 일부 조항을 고친 법안을 서둘러 제출했다. 이번 법안에서 야..",https://www.joongang.co.kr/article/25306522,
01100801.20250110003111002,20250110,조선일보,조선일보,[사설] 野 무더기 연쇄 탄핵소추에 헌재 “각하될 수 있다” 경고,사회>사건_사고, 정치>행정_자치, 정치>청와대,범죄>범죄일반>폭행,,,"이창수,김형두,이,김복형,한덕수,윤석열,김건희,이재명",,"민주당,정부,헌법재판소,검찰,지휘부,헌재,국회,도이치모터스,서울중앙지검","무더기,연쇄,탄핵,소추,헌재,각하,경고,헌법재판소,이창수,서울,중앙지검장,심리,검사,탄핵,사건,사유,민주당,탄핵,소추,지적,김형두,재판관,추측,짐작,탄핵,사유,주장,판단,김복형,재판관,각하,사유,소추,사유,특정,본안,판단,사건,종결,탄핵소추안,검찰,공소장,범죄,혐의,탄핵,사유,사실,탄핵,엉터리,얘기,민주당,주도,사유,사건,탄핵,지검장,도이치모터스,주가,조작,사건,김건희,여사,처분,중립,의무,위반,헌법,탄핵,소추,직무,집행,중대,헌법,법률,위반,행위,검찰,사건,처리,이견,민주당,중대,위반,헌법,법률,구체,증거,제시,탄핵,민주당,이재명,대표,수사,진행,서울중앙지검,지휘부,마비,정치,목적,탄핵,목적,달성,심리,민주당,대리인,민주당,출석,비판,번째,각하,경고,민주당,대리인,증거,헌재,확보,요청,검사,판사,증거,근거,탄핵소추,자인,민주당,출범,윤석열,정부,탄핵소추안,29건,발의,13건,국회,일방,통과,세계,나라,근거,탄핵,한덕수,권한,대행,계엄,선포,반대,내란,혐의,탄핵소추,실제,이재명,대표,윤석열,대통령,탄핵,속전,속결,협조,이진숙,방통위원장,취임,취임,위법,탄핵소추,검사,대표,수사,탄핵소추,수사,검사,피의자,탄핵,전무후무,민주당,남발,탄핵소추,규정,이용,폭력,헌재","민주당,탄핵소추,윤석열,재판관,이창수,도이치모터스,한덕수,탄핵소추안,대리인,이재명,13건","헌법재판소가 이창수 서울중앙지검장 등 검사 3명 탄핵 사건 심리 중 민주당측 탄핵소추 사유가 너무 모호하다고 지적했다. 김형두 재판관은 “막연하게 추측이나 짐작으로 ‘탄핵 사유가 있다’고 주장하면 판단할 수 없다”고 했고, 김복형 재판관은 “각하 사유가 되는지 문제가 될 수도 있다”고 했다. 소추 사유가 특정 안 되면 본안 판단 없이 사건을 종결할 수 ..",https://www.chosun.com/opinion/editorial/2025/01/10/6JS5UT354FFFLODU7SFIMY6XDE/?utm_source=bigkinds&utm_medium=original&utm_campaign=news,
01100801.20250110002545001,20250110,조선일보,조선일보,"[사설] 특검 찬성했다고 탈당하라니, 국힘은 ‘계엄 수호당’인가",정치>국회_정당, 정치>선거, 정치>청와대,,,,"김건희,김,윤,전,김상욱,윤석열,권성동,권,금태섭,이재명","비상계엄,대통령 관저","반민주,정부,민주당,공수처,국민의힘","특검,찬성,탈당,국힘,계엄,수호당,인가,원내대표,국민의힘,권성동,원내,대표,김건희,특검법,찬성,김상욱,의원,탈당,권유,원내,당론,반대,행위,탈당,검토,특검,부결,당론,의원들,언급,의원,당론,존중,의무,국회법,국민,대표자,소속,정당,의사,기속,양심,투표,규정,국민,당헌,의원,자유투표,보장,원내대표,권한,탈당,요구,비상계엄,의혹,여사,국민,요구,진상,규명,특검법,통과,공수처,소환,윤석열,대통령,체포,영장,집행,논란,수사,불법,해소,여사,정부,근본,원인,정도,국민,의혹,야당,특검안,위헌성,정략성,배제,특검,반대,명분,국민,선제적,특검법,위헌성,정략성,수정안,당내,이탈,국민,지지,국민,표결,계엄,해제,불참,탄핵,특검,반대,탄핵소추안,통과,부역자,색출,대통령,관저,집회,탄핵,반대,참석,의원,특검,찬성,탈당,겁박,민주당,과거,공수처법,기권,금태섭,의원,탈당,국민,의원,양심,자유,표결,침해,민주,보복,민주당,이재명,대표,체포,동의,찬성,비명,의원,공천,학살,국민,민주당,대표,민주당,탄핵,수사,대통령,조급증,역풍,국민,지지율,반사,효과,계엄,사태,다수,국민,비판,자체,사실,국민,계엄,수호당","특검법,민주당,당론,원내대표,의원들,위헌성,국민의힘,윤석열,권성동,이재명,공수처법,정략성,수정안,특검안,기속,부역자","국민의힘 권성동 원내대표가 내란 김건희 특검법에 찬성한 김상욱 의원에게 탈당을 권유했다. 권 원내대표는 “계속 당론과 반대 행위를 하면 함께할 수 없는 것 아니냐. 탈당을 진지하게 검토해 보라”고 했다. ‘특검법 부결’ 당론에 따르지 않은 다른 의원들에게도 비슷한 언급을 했다. 
 
의원은 당론을 존중해야 하지만 반드시 따라야 할 의무는 없다. 국회법은..",https://www.chosun.com/opinion/editorial/2025/01/10/BPAYHBFIXRH2XPUBFCJYHEZKTY/?utm_source=bigkinds&utm_medium=original&utm_campaign=news,
01100801.20250110002024001,20250110,조선일보,조선일보,[사설] “韓 정치인들 정치적 야망 추구할 때 아니다” 美 일각의 우려,정치>외교, 국제>미국_북미, 국제>중남미,,,,"스티브 배넌,앤디 김,트럼프,밀스,윤석열","미국,일본,중국,한미,미 연방,한국,북한,美,한반도,미,비상계엄,한,러시아","미국,민주당,한미 동맹,정부,공수처,중국,공화당,한국,경호처","추구,정치인,정치,야망,일각,소속,미국,민주당,한국계,앤디,상원의원,기자회견,한국,탄핵,정국,언급,정치,야망,추구,안정,중요,한국계,상원의원,연방,상원,의원,의원,주목,행동,신중,의원,특정,정당,정치인들,지목,국가,안정,정치,야망,탄핵,상황,이용,정당들,인물들,사실,미국,한국,탄핵,정국,한미,동맹,위기,우려들,제기,당선인,트럼프,대통령,측근,공화당,정치인,한국,정권,한미,동맹,친중,親中,반일,反日,성격,교체,가능성,걱정,목소리,트럼프,당선인,최측근,스티브,배넌,밀스,인터넷,방송,한국,상황,대통령,탄핵,중국,악의,영향력,한국,정부,공화당,소속,하원의원,하원,의원,한국,세력,탄핵,주도,한미,동맹,파트너십,훼손,노력,미국,계엄,초기,한국,정부,전달,민주주의,계엄,선포,비판,민주주의,공동,가치,핵심,동맹국,입장,표명,민주당,야권,윤석열,대통령,북한,중국,러시아,적대시,일본,중심,외교,정책,사유,탄핵,소추,포함,분위기,비상계엄,조치,비판,세력,탄핵,주도,한미,동맹,가치,폄훼,미국,한반도,전문가,기름,바닥,성냥,민주당,비판,대통령,탄핵심판,수사,정치권,대응,정치,대통령,체포,영장,불응,수사기관들,정치권,헌법,법률,무시,공수처,경호처,충돌,한국,대외,신인도,외교,입지,직결,국제사회,한국,위기,헌법,질서,극복,세력,정치,기회,활용,국가,안정,정치,득실,정치인들,책임감,위기감","한국,미국,민주당,정치인,공화당,중국,민주주의,한미,상원의원,정치인들,하원의원,영향력,정치권,당선인,한국계,앤디,가능성,反日,배넌",미국 민주당 소속으로 한국계인 앤디 김 연방 상원의원이 기자회견에서 한국의 탄핵 정국을 언급하며 “지금은 정치적 야망을 추구할 때가 아니다”며 “지금은 안정을 위해 정말 중요한 시기”라고 말했다. 그는 한국계 최초의 미 연방 상원의원이다. 김 의원은 “모든 것이 주목받는 이 시기에는 말과 행동에서 매우 신중해야 한다”고 했다. 김 의원은 특정 정당이나 ..,https://www.chosun.com/opinion/editorial/2025/01/10/PCHPLEQVKVH3JOPUBLAWSP4FZM/?utm_source=bigkinds&utm_medium=original&utm_campaign=news,
01101101.20250110001106001,20250110,한국일보,,[사설] '당론 반대' 의원 따돌리더니 탈당 겁박한 국민의힘,정치>국회_정당, 정치>청와대, 정치>선거,,,,"김건희,김상욱,안철수,윤석열,권성동,권,한동훈,김예지",,"헌법재판소,행정안전위원회,국회,국가수사본부,상임위,국민의힘","당론,반대,의원,탈당,국민의힘,권성동,국민,원내대표,국회,본회의,특검법,특검법,김건희,여사,쌍특검법,재표결,찬성표,김상욱,의원,탈당,권유,의원,안철수,김예지,당론,특검법,부결,민주주,가치,표방,정당,헌법,겁박,원내,의원,탈당,언급,농담,도움,의원,윤석열,대통령,내란,혐의,수사,경찰,국가수사본부,소관기관,국회,행정,안전,위원회,사임,한동훈,대표,탄핵,찬성,집단,따돌림,지도부,상임위,활동,불이익,계엄,엄호당,인정,의원,마녀,사냥,탈당,2항,헌법,국회의원,국가,이익,우선,양심,직무,2항,국회법,국회의원,국민,대표자,소속,정당,의사,기속,양심,투표,국가,수렁,위헌,비상계엄,선포,대통령,수사,법적,정치적,책임,국익,의원,국민,대표,양심,선택,당론,원내,탈당,요구,원내,월권,사무처장,헌법,재판소,2명,헌법,재판관,사퇴,탄핵심판,대통령,탄핵,심판,압박,수사,대통령,탄핵심판,지연,극렬,지지,호응,보수,결집,반이재명,정서,기인,지지율,상승,겁박,동인,정치,착시,정권,원동력,중도,마음,대통령,절연,요구,건전,의견,다양성,인정,협량,정당","특검법,겁박,당론,국회법,2항,국회의원,비상계엄,탄핵심판,사무처장,안철수,김예지,윤석열,반이재명,상임위,지도부,불이익,재표결,위원회,소관기관,지지율,원동력,찬성표,쌍특검법","권성동 국민의힘 원내대표가 그제 국회 본회의 내란 특검법과 김건희 여사 특검법(쌍특검법)에 대한 재표결에서 찬성표를 던진 김상욱 의원에게 탈당을 권유했다. 안철수 김예지 의원에게도 “특검법 부결 당론을 따라야 한다”고 했다고 한다. 민주주의 가치를 표방하는 정당으로서 할 수 없는 반헌법적 겁박이다. 
권 원내대표는 김 의원에게 탈당을 언급하며 “농담하는..",https://www.hankookilbo.com/News/Read/A2025010913590002195,
01101101.20250110001105001,20250110,한국일보,,[사설] 박정훈 대령 항명 무죄 핵심은 ‘VIP 격노 외압’이다,정치>청와대, 국제>중남미, 국제>일본,,,,"박정훈,윤석열,이종섭,채모,명태균",,"해병대 수사단,동원,수뇌부,군사법원,경찰,국방부,국방장관,검찰단,해병대,해병대원","박정훈,대령,항명,무죄,핵심,VIP,격노,외압,해병대원,순직,사건,조사,항명,혐의,기소,박정훈,대령,1심,무죄,선고,군형법,항명,명령,군사법원,해병대,사령관,보류,사건,이첩,지시,권한,판단,대령,해병대,수사단,사단장,여단장,대대장,중대장,채모,상병,사망,책임,판단,간부,과실치사,혐의,경찰,이첩,이종섭,국방장관,이종섭,해병대,사령관,이첩,보류,지시,대령,사건기록,경찰,국방부,대령,항명,혐의,적용,그해,국방부,검찰단,기소,시작,군사재판,항명,대통령실,국방부,의혹,수사,외압,대통령,국방장관,통화,대통령실,국방부,통신,국방부,확인,VIP,대통령,격노설,설득력,결과,본질,상병,사건,박정훈,항명,윤석열,대통령,격노,수사,외압,확인,전화,대통령,수뇌부,대통령실,연락,사건,변화,패턴,관찰,대통령,개입,의심,단서,대통령,회견,격노설,질문,인명사고,장관,질책,당부,자신,개입,사실,부인,명태균,스캔,비상계엄,사건,대통령,해명,사건,상병,대통령,조사,판결,비상계엄,사태,대응,시사점,군인,명령,명령,애초,의무,군사,법원,판결,재확인,영장,거부,대통령,병력,동원,지시,근거,조치,불법,계엄,지휘관,명령,면죄부","국방부,이첩,해병대,대통령실,박정훈,격노설,비상계엄,그해,군사법원,1심,국방장관,이종섭,명태균,채모,vip,검찰단,해병대원,사령관","해병대원 순직 사건 조사와 관련한 항명 혐의로 기소된 박정훈 대령이 어제 1심에서 무죄를 선고받았다. 군형법상 항명죄는 ‘정당한 명령’에 따르지 않은 것을 말하는데, 군사법원은 해병대 사령관에게 ‘사건 이첩 보류’를 지시할 정당한 권한이 없었다고 판단했다.
2023년 8월 박 대령이 이끌던 해병대 수사단은 사단장 여단장 대대장 중대장 등에게 채모 상병 ..",https://www.hankookilbo.com/News/Read/A2025010912440003320,
01100401.20250110232516001,20250110,동아일보,,[사설]떠나는 주한 美 대사 “계엄은 일어나지 않기를 바란 불행”,정치>외교,,,,,,"필립 골드버그,윤석열,조태열,커트,골드버그","미국,서울,한국,오작동,美","미국대사,미국,정부,외교부,정보,한미동맹,12·3 비상계엄,국회,국무부,한국,동아일보","주한,주한,대사,계엄,불행,미국,복귀,필립,골드버그,주한,미국,대사,한미동맹,작동,12,상황,공개,서울,2년,재직,골드버그,대사,이임,하루,인터뷰,동아일보,계엄,선포,해제,국면,통화,대통령실,인사,윤석열,대통령,표시,상황,설명,요구,대통령실,통화,상대,계엄,골드버그,대사,급박,계엄,상황,자신,통화,인사,한국,정부,2명,계엄,선포,전화,계엄,성명서,외교,당국자,통화,계엄,대통령실,인사,외교관,표현,특전사,정보사,핵심,부대,계엄작전,투입,장관,조태열,외교,포함,미국,상황,설명,공유,사후,정보,지적,오작동,일시,동맹,시사,대통령실,인사,질문,10초,인정,민주주의,법치주의,핵심,가치,공유,강조,대통령,불법,계엄,주도,사실,미국,당혹감,배신감,짐작,미국대사,이임,불편,사실,공개,전례,계엄,한국,오판,비판,골드버그,대사,계엄,불행,사건,계엄,해제,대통령,탄핵,소추,국회,절차,민주주의,헌법,작동,평가,미국,민주주의,원상회복,신뢰,결국,동맹,반석,첫걸음,민주적,평화적,방식,수사,탄핵,심판,국면,사회,갈등,한국,사회,미국,국제사회,신뢰,회복,작동,위기,재점검","미국,한국,민주주의,골드버그,대통령실,조태열,비상계엄,반석,국무부,동아일보,오작동,당국자,미국대사,특전사,정보사,첫걸음,배신감",미국으로 복귀한 필립 골드버그 전 주한 미국대사가 한미동맹이 원활히 작동하지 않았던 12 3 비상계엄의 밤 상황을 공개했다. 서울에서 2년 반 재직했던 골드버그 전 대사는 이임을 하루 앞둔 5일 동아일보 인터뷰에서 계엄 선포와 해제 국면에서 가까스로 통화했던 대통령실 인사에게 “어떻게 (윤석열) 대통령이 이런 일을 벌일 수 있느냐”며 심각한 우려를 표시..,https://www.donga.com/news/Opinion/article/all/20250109/130832566/2,
01100101.20250109184727001,20250109,경향신문,,[사설] ‘관저 체포’ 충돌 일어나면 윤석열 최상목 책임이다,정치>청와대,,,,,,"윤석열,최,최상목","유럽,주한중국상공회의소,한국","고위공직자범죄수사처,서울중앙지법,공수처,경호처","관저,체포,충돌,윤석열,최상목,책임,고위공직자범죄수사처,집행,대통령,윤석열,체포,영장,긴장,고조,집행,가능성,윤석열,9일,전제,내전,사정,권한대행,최상목,대통령,권한,대행,영혼,충돌,자제,당부,충돌,집행,책무,방기,영장,집행,불상사,책임,윤석열,위험,방관,대행,대행,주한,중국상공회의소,유럽,투자,기업,대표,지지,한국,경제,당부,본말,전도,국가,신인,하락,근본,원인,윤석열,리스크,해소,경제,회복력,설득,집행,윤석열,체포,영장,정부,기관,충돌,불상사,만전,경호처,지시,체포,협조,충돌,당부,공수처,집행,충돌,자제,최소,경호처,경고,윤석열,간담회,이날,외신,수사기관,무력,체포,시도,내전,조사,수사,기관,소환,거짓,임기응변,거부,내전,운운,막말,수준,협박,윤석열,사전구속영장,서울중앙지법,청구,앞뒤,주장,얕은꾀,주장,국민,체포,모면,국론,분열,기만책,윤석열,국민,예의,법꾸,언행,출두,영장,집행,자진,대행,충돌,경호처,지휘,행사,체포,협조,비상시국,국정,최고,책임자","윤석열,경호처,수사기관,최상목,불상사,한국,공직자,막말,임기응변,법꾸,앞뒤,얕은꾀,유럽,중국상공회의소,간담회,고위공직자범죄수사처,비상시국,수사처,서울중앙지법,회복력,기만책","고위공직자범죄수사처의 대통령 윤석열 체포영장 2차 집행이 임박하면서 긴장이 고조되고 있다. 이르면 10일 집행에 나설 가능성이 크다고 한다. 급기야 윤석열 측은 9일 만약을 전제했지만, ‘내전 우려’까지 입에 올렸다. 사정이 이런데도 최상목 대통령 권한대행은 영혼 없는 ‘충돌 자제’만 당부할 뿐 충돌을 막고 법이 집행되도록 할 책무는 방기하고 있다. 혹..",https://www.khan.co.kr/article/202501091846001,
01100101.20250109183328001,20250109,경향신문,,"[사설] 명태균 여론조사 받은 윤석열의 거짓말, 이걸 덮은 검찰",사회>사건_사고, 정치>국회_정당, 사회>미디어,,,,"홍준표,윤석열,윤상현,김영선,정유미","적나라,만천","공관위원장,창원지검장,브로커,검찰,공관위,창원지검,국회,대국,뉴스타파,국민의힘","명태균,여론,조사,윤석열,거짓말,검찰,뉴스타파,탐사,전문,매체,보도,창원지검,명태균,게이트,수사,보고서,충격적,윤석열,김건희,부부,명태균씨,정치,브로커,명태균,보고서,공짜,여론,조사,사실,양측,메시지,만천하,공개,윤석열,대국민,담화,여론조사,거짓말,확인,파렴치,뉴스타파,창원지검,윤석열,부부,명씨,카카오톡,280개,텔레그램,메시지,캡처,파일,복원,분량,수사,보고서,작성,국민,경선,대선,후보,윤석열,부부,텔레그램,카카오톡,메신저,명씨,파일,최소,여론,조사,결과,보고서,명씨,부탁,보안,유지,여사,충성,여론조사,무상,비용,대납,정치,자금,위반,윤석열,11월,대국민,담화,의혹,게이트,연루,부인,검찰,보고서,윤석열,텔레그램,명씨,10월,조사,국민,당내,경선,당원,자료,여론,조사,결과,보안,유지,부탁,메시지,PDF,파일,윤석열,이중,당적자,후보,홍준표,경선,취지,대화,윤석열,김영선,의원,공천,공천주,얘기,공관위원장,신분,대통령,당선인,명씨,윤상현이,이야기,공관위원장,공개,거짓말,검찰,사실,파악,사실,검찰,작성,수사,보고서,11월,정유미,창원지검장,검찰,수뇌부,추정,검찰,조사,대통령,부부,진행,권력자,충견,자처,어이,명태균,게이트,질적,자체,검찰,수사,수사,대상,국회,김건희,특검법,재발의,통과,검찰,부실,수사,의혹,규명,권력,비리,엄벌","윤석열,보고서,여론조사,명씨,명태균,텔레그램,거짓말,뉴스타파,김건희,창원지검,공관위원장,카카오톡,홍준표,위원장","탐사 전문매체 ‘뉴스타파’가 보도한 창원지검의 ‘명태균 게이트’ 수사 보고서 내용이 충격적이다. 윤석열 김건희 부부와 정치 브로커 명태균씨가 공짜 여론조사 보고서를 주고받은 사실과 적나라한 양측 메시지가 만천하에 공개됐다. 윤석열이 대국민 담화까지 하며 여론조사를 받아본 적 없다 한 말이 또 거짓말로 확인됐으니 그의 파렴치에 치가 떨린다.

뉴스타파에 ..",https://www.khan.co.kr/article/202501091832001,
01101001.20250109182007001,20250109,한겨레,한겨레,[사설] 경호처는 ‘윤석열 사병들’이 아니다,국제>중남미, 정치>청와대, 국제>일본,,,,"윤석열,김용현","서울,형사기동대,한남동","동원,경찰특공대,55경비단,대통령경호처,국방부,서울경찰청,국회,법원,중앙선거관리위원회,육군,대한민국,공조수사본부,수도방위사령부,서울청,경호처","경호처,윤석열,사병,내란,우두머리,대통령,피의자,윤석열,체포영장,집행,시도,집행,대통령경호처,육탄,방어,걸림돌,전망,경호처,개인,윤석열,고용,사병,부대,적법,체포영장,집행,방해,행위,용납,대통령,서울,한남동,관저,일대,사실,요새,상태,경호처,관저,정문,외벽,지름,50~60,가량,철침,면도날,철조망,대형,버스,7대,관저,정문,배치,진입로,봉쇄,무력화,차량,각종,군사,배치,대통령,입구,관저,입구,체포영장,집행,대비,지시,모습,언론사,카메라,포착,내란죄,피의자,입건,등장,직원들,인사,관저,모습,분노,참담,대통령,경호처,사실,고립,상태,과언,공조수사본부,체포,관저,외곽,경비,병사들,육군,수도,방위,사령부,소속,경비단,병사,인간,방패,동원,확인,국방부,55경비단,체포,저지,동원,입장,경호처,경호부대,서울경찰청,직할,경호,부대,101,협조,서울청,요청,거부,경찰,체포,인력,서울청,형사,기동대,대테러부대,경찰,특공대,투입,경호처,물리적,대통령,위헌,위법적,비상계엄,선포,동원,헌법기관,국회,중앙선거관리위원회,침탈,내란죄,피의자,국민,대리,국회,직무,정지,상태,경호처,법원,발부,체포영장,집행,방해,불법,행위,김용현,국방부,장관,계엄,가담,경찰,수뇌부,구속,기소,지휘,우두머리,경호처,비호,관저,내전,선동,경호처,충성심,국가,기관,충돌,경호처,대통령,친위대,국민,봉사,책무,대한민국,국가,기관","경호처,윤석열,경비단,피의자,서울청,체포영장,국방부,55경비단,내란죄,서울경찰청,서울,면도날,철조망,위원회,직원들,무력화,기동대","‘내란 우두머리’ 피의자 윤석열 대통령에 대한 체포영장 집행이 초읽기에 들어갔다. 2차 집행 시도 역시 대통령경호처의 ‘육탄 방어’가 가장 큰 걸림돌이 될 전망이다. 경호처는 개인 윤석열이 고용한 ‘사병 부대’가 아니다. 적법한 체포영장 집행을 방해하는 어떠한 행위도 용납될 수 없다.
현재 윤 대통령이 머물고 있는 서울 한남동 관저 일대는 사실상 요새화..",http://www.hani.co.kr/arti/opinion/editorial/1177188.html,
01101001.20250109181014001,20250109,한겨레,한겨레,"[사설] ‘특검 찬성’ 의원 겁박 권성동, ‘백골단 비호’ 김민전",정치>국회_정당, 정치>청와대, 정치>선거,범죄>범죄일반>폭행,,,"김건희,김,김민전,김상욱,윤석열,권성동,권,김예지",단원,"쿠데타,백골단,국회,국민의힘,권성동#원내대표","특검,찬성,권성동,의원,겁박,백골단,비호,김민전,민주주의,법치주의,훼손,국민,행태,권성동,원내,대표,국회법,당헌,무시,당론,투표,의원들,겁박,직전,최고,위원,김민전,의원,적법,체포영장,집행,자칭,백골단,반공청년단,단원들,국회,옹호,기자회견,내란,수괴,피의자,국가,공동체,근간,규범,원칙,마구잡이,원내,8일,특검법,재의결,김건희,특검법,부결,당론,찬성,김상욱,의원,당론,탈당,김예지,의원,부결,당론,압박,국민,애초,구체,대안,제시,특검법,부결,당론,자체,대다수,국민,행위,비판,원내,방향,책임,통감,민의,의원들,소수,양심,의원,당론,맹종,탈당,적반하장,2항,국회법,국회의원,국민,대표자,소속,정당,의사,기속,양심,투표,명시,국민,당헌,의원,헌법,양심,국회,투표,자유,규정,원내,당헌,명시,양심,투표,자유,윤석열,대통령,옹호,당론,관철,중요,가치,국민,쿠데타,정작,계엄령,헌정,파괴,대통령,일각,탈당,출당,요구,일축,비호,대통령,대통령,관저,의원,선택,의원,개인,한마디,경고,원내,국민,내란,수괴,비호,세력,극우,정당,백골단,국회,회견장,최고위원,행태,참담,독재정권,민주주의,시민들,폭력,진압,악명,백골단,이름,자칭,민주주의,폭력,의도,인사,주류,세력,대통령,체포,저지,강변,상황,국민,민주주의,정당,근본,의구심","당론,민주주의,백골단,국회법,특검법,권성동,의원들,겁박,김민전,계엄령,최고위원,정작,대다수,의구심,공동체","민주주의와 법치주의를 훼손하는 국민의힘의 행태가 도를 넘고 있다. 권성동 원내대표는 국회법과 당헌조차 무시한 채 당론과 다른 투표를 한 의원들을 겁박하는가 하면, 직전 최고위원인 김민전 의원은 적법한 체포영장 집행을 막겠다고 나선 자칭 ‘백골단’(반공청년단) 단원들을 국회로 불러 옹호하는 기자회견을 했다. ‘내란 수괴’ 피의자 한명 지키겠다고 국가 공동..",http://www.hani.co.kr/arti/opinion/editorial/1177186.html,
01100901.20250109003648001,20250109,중앙일보,,"[사설] ‘영장 쇼핑’ 비난하던 윤 대통령, 자신들이 ‘법원 쇼핑’하나",정치>청와대, 사회>사건_사고, 정치>국회_정당,,,,"윤석열,이의신",,"동원,변호인단,민주당,법원행정처장,대통령경호처,국회,법원,서울중앙지법,기동대,공수처,서울서부지법,사법부,국민의힘","영장,쇼핑,비난,대통령,자신들,법원,쇼핑,수사,불응,중앙,지법,청구,수용,조사,해결,특검,협상,윤석열,대통령,변호인단,자신,기소,사전,구속,영장,청구,법원,재판,입장,변호인단,대통령,무효,체포영장,진행,수사,입장,사전,구속,영장,서울서부지법,청구,수용,공수처,청구,서울중앙지법,자신들,절차,기준,주장,공감,공수처,영장,쇼핑,비난,정작,자신,법원,쇼핑,사법부,대통령,주장,체포,영장,무효,일축,대통령,위법,무효,이의신청,서울서부지법,기각,서울서부지법,체포영장,집행,수색영장,발부,111조,형사,소송법,적용,기재,법원행정처장,국회,현안,질의,물적,압수수색,인적,체포수색,추구,다수,학설,설명,적법,영장,취지,현행법,법원,발부,영장,별도,항고,절차,승복,영장실질심사,구속적부심,피의자,편의,사안,대통령,주장,지속,재집행,사이,체포,영장,긴장,공수처,경찰,마지막,집행,수단,검토,대통령경호처,버스,철조망,관저,요새화,공권력,사이,위험,충돌,사태,대통령,관저,조사,방법,허위,도피설,지경,국격,추락,대통령,처신,대통령,특공대,기동대,동원,체포,진행,반란,내란,주장,피의자,적반하장,태도,국회,본회의,내란,특검법,재표결,3분,출석,의원,2표,폐기,민주당,특검법,재발의,방침,수사,논란,특검,수사,대안,민주당,야당,제3자,특검,추천,국민,대통령,비호,모습,미래,당내,이탈,본회의,현실,직시,위헌성,주장,특검,법안,자체,마련,야당,협상","체포영장,본회의,공수처,민주당,피의자,특검법,서울서부지법,자신들,정작,변호인단,소송법,도피설,체포수색,압수수색,2표,하장,국격,위헌성,적반하장,기동대,구속적부심,요새화,철조망","━
 수사 불응 꺾지 않으며 “중앙지법 청구 때는 수용” 
 
 ━
 당당히 조사받으면 해결 여야 특검 협상 나서야 
 윤석열 대통령이 어제 변호인단을 통해 자신을 기소하거나 사전 구속영장을 청구하면 법원의 재판에 응하겠다는 입장을 밝혔다. 그러면서 윤 대통령 변호인단은 “무효인 체포영장에 의해 진행되는 수사에 응할 수 없다”는 입장은 굽히지 않았다. ..",https://www.joongang.co.kr/article/25306222,
01100801.20250109002609001,20250109,조선일보,조선일보,[사설] 조기 대선에만 집착하는 민주당의 지지율 역풍,정치>국회_정당, 정치>행정_자치, 정치>선거,,,,"이,윤석열,김어준,이재명",장악,"공수처장,동원,민주당,검찰,더불어민주당,국회,정부,탄핵소추단,공수처,입법부,비상계엄,경호처,국민의힘","조기,대선,집착,민주당,지지율,역풍,대표,더불어민주당,이재명,8일,회의,법질서,경제,민생,모래성,집행,체포,영장,불응,윤석열,대통령,비판,대표,대통령,비판,법질서,언급,자격,비판,대표,그동안,민주당,장악,국회,이용,자신,사법,리스크,방탄,정치,선거법,위반,재판,결과,대선,탄핵,심판,속도,재촉,자신,재판,지연,전략,남불,이율배반,민주당,관심,조기,대선,내란죄,판단,탄핵,심판,철회,탄핵,심판,목적,탄핵소추,핵심,민주당,철회,국민,국회,탄핵,소추단,법사위원장,민주당,소속,법사,위원장,내란죄,법원,윤석열,사형,극언,의원,검찰,출신,국회,공수처장,경호처,직원,가슴,결기,극언,의원,검찰,출신,김어준,방송,물대포,장갑,헬기,동원,김어준씨,저격수들,가슴,레이저,포인트,캡사이신,국가기관,공수처,경호처,유혈,충돌,발언,극언들,대표,조기,대선,민주당,대선,조급증,여론,변화,계엄,급락,국민,지지율,상승,연속,계엄,수준,회복,민주당,하락,연속,여론조사,민주당,국민,지지율,오차,범위,조사,공개,국민,여론,변화,대통령,비상계엄,불응,체포,영장,지지,판단,조기,대선,생각,수사기관,정부,위협,군림,정권,행동,대표,민주당,역풍,여야,경쟁적,무시,상황,결과,탄핵,심판,양측,수용,국가,분열,사태,수습,책임,여야,입법부,장악,민주당,책임,회복,헌정,질서,집중,대선,그다음,생각","민주당,경호처,지지율,법질서,김어준씨,윤석열,내란죄,김어준,선거법,이재명,더불어민주당,물대포,남불,국가기관,캡사이신,저격수,저격수들,수사기관,경쟁적",더불어민주당 이재명 대표는 8일 당 회의에서 “법질서가 지켜지지 않으면 경제와 민생은 모래성이 될 수밖에 없다”며 체포 영장 집행에 불응하고 있는 윤석열 대통령을 비판했다. 그러나 이 대표가 윤 대통령을 비판하며 ‘법질서’를 언급할 자격이 있느냐는 비판도 크다. 이 대표는 그동안 민주당이 장악한 국회를 이용해 자신의 ‘사법 리스크’를 막기 위한 ‘방탄’..,https://www.chosun.com/opinion/editorial/2025/01/09/A5CNLR2TQVAONLGTF7RKXIEDZI/?utm_source=bigkinds&utm_medium=original&utm_campaign=news,
01100801.20250109002112001,20250109,조선일보,조선일보,[사설] 尹측 “불구속 기소나 구속 영장 청구하라” 공수처도 검토를,사회>사건_사고, 정치>청와대,,,,,윤석열,기소나,"동원,공수처,법원,경호처","기소,청구,구속,영장,공수처,검토를,윤석열,대통령,변호인,공수처,체포,영장,집행,시도,기소,영장,사전,구속,청구,법원,재판,공수처,청구,구속,영장,발부,사실,공수처,조사,거부,공수처,구속,영장,청구,기소,법원,재판,여부,영장,실질,심사,참석,법원,협의,결정,그동안,대통령,그동안,공수처,수사권,내란죄,수사,소환,불응,공수처,시도,체포,영장,집행,경호처,물리,충돌,구속,영장,발부,약속,의지,제안,공수처,부정적,반응,체포,시도,체포,소환,불응,피의자,조사,절차,구속,피의자,구속,상황,체포,집착,대통령,망신,정치,효과,정치,효과,경찰력,동원,경호처,충돌,법적,국격,타격,상황,약속,소환,불응,대통령,속전속결식,수사,공수처,책임,국회의원,수사,이젠,조사,체포,체포,상황,관련자들,내란,혐의,관련자,구속,증거,확보,이젠,이젠,대통령,체포,집착,보강,조사,구속,영장,청구,기소,해소,정상적,사법,절차","공수처,이젠,경호처,변호인,그동안,경찰력,내란죄,윤석열,피의자,국격,속전속,관련자들,수사권,속전속결식,국회의원,관련자,검토를","윤석열 대통령 측 변호인이 공수처의 체포 영장 집행 시도와 관련해 “기소하든지 아니면 사전 구속 영장을 청구하라. 그러면 법원 재판에 응하겠다”고 밝혔다. 만약 공수처가 청구한 구속 영장이 발부돼도 “응하겠다”고 했다. 사실상 공수처의 조사는 거부하되, 공수처가 구속 영장을 청구하거나 기소하면 법원 재판에는 응하겠다는 것이다. 영장실질심사 참석 여부에 ..",https://www.chosun.com/opinion/editorial/2025/01/09/J3YUEV2QWBG3PMH3AB2JWL6HZM/?utm_source=bigkinds&utm_medium=original&utm_campaign=news,
01101101.20250109001033002,20250109,한국일보,,"[사설] 내란특검, '제3자 추천' 합의로 조속히 출범시켜야",정치>청와대, 정치>행정_자치, 정치>국회_정당,,,,"진영,윤,윤석열,김건희,최상목",,"민주당,공수처,검찰,정보사령관,국회,북한,국민의힘","내란특검,추천,합의,출범,국회,최상목,대통령,권한,대행,거부권,행사,쌍특검,내란,김건희,여사,특검,법안,재표결,진행,최종,부결,특검법,투표수,찬성,반대,기권,특검법,여사,찬성,반대,기권,자동폐기,여당,국민,야당,추천권,위헌,부결,당론,고수,상황,예정,수순,특검,대통령,윤석열,선포,헌법,비상계엄,훼손,헌정질서,회복,첫발,이견,여야정,12,단추,유감,내란죄,수사,대통령,절차,공권력,행사,저항,선동,강성,지지자,진영,갈등,국정,불안,마당,특검,출범,대통령,대통령,내란죄,수사,법률,논란,해소,여야,합의,시행,요구,여야,공방,내란,특검,공전,장기화,공수처,수사,검찰,기소,특검,수사,실효,국론,분열,가중,민주당,부결,내란,특검법,방식,추천,재발,정치,중립,해소,위헌,시비,의원,대통령,체포,저지,논란,여당,자세,재표결,이탈표,재의결,정족수,근접,찬성표,사실,진상규명,비상계엄,사태,진상,규명,처벌,국민,요구,상황,반대,당론,민심,고립,자초,따름,민주당,대통령,외환죄,혐의,추가,특검법,발의,방침,노상원,정보,사령관,수첩,북방한계선,NLL,북한,공격,유도,확인,수사,만큼,외환죄,수사,범위,여당,성의,협의,시일,성과","비상계엄,특검법,내란죄,재표결,당론,민주당,외환죄,쌍특검,지지자,투표수,최상목,만큼,내란특검,윤석열","국회가 어제 최상목 대통령 권한대행이 거부권을 행사한 쌍특검(내란 김건희 여사 특검) 법안에 대한 재표결을 진행했으나 최종 부결됐다. 내란 특검법은 총 투표수 300표 중 찬성 198표, 반대 101표, 기권 1표, 김 여사 특검법은 찬성 196표, 반대 103표, 기권 1표로 자동폐기됐다. 
여당인 국민의힘이 야당만 추천권을 갖는 건 위헌성 문제가 있..",https://www.hankookilbo.com/News/Read/A2025010817000003989,
01100401.20250109233103001,20250109,동아일보,,"[사설]인간방패, 차벽, 철조망 요새화한 관저를 보는 착잡함",정치>청와대,,,,,,"윤석열,이중삼","서울,한남동,대한민국,한남동 공방전,한국,대치","동원,경찰기동대,대통령경호처,국회,대한민국,한국,경호처","인간방패,차벽,철조망,요새화,관저,입구,서울,한남동,대통령,관저,버스,가로세로,이중,삼중,관저,외벽,물론,산길,철조망,설치,윤석열,대통령,집행,체포,영장,대통령경호처,버스,차벽,인간,바리케이드,관저,일대,사실,요새,장애물,대통령,체포,경찰,대테러,부대,투입,헬기,동원,경찰,기동대,증원,검토,체포,영장,집행,경호처,경찰,물리,충돌,목소리,시시각각,대통령,관저,모습,휴전선,연상,만큼,살풍경,관저,탄핵,찬반,밤샘,집회,시위대,모습,아수라장,여당,의원,관저,집회,관저,지킴이,사실,윤석열,자처,야당,체포,수사기관,압박,체포,영장,집행,사법,절차,의미,퇴색,물리력,물리력,대결,정치세력,정치,세력,대리,충돌,왜곡,이미지,정치화,혼란,정치,대통령,직무,정지,실권자,失權者,얼마,국정,최고,책임자,대한민국,대통령,차벽,철조망,관저,경호처,직원,집행,방패막이,사용,추락,국제,위상,경제,아랑곳,세력,행위,하나하나,행위,우두머리,혐의,집행,체포,영장,집행,한남동,공방전,대한민국,세계,토픽감,비상계엄,선포,병력,국회,난입,대통령,체포,관저,대치전,세계,생중계,대한민국,역사,시계,민주주의,시험대,불안,나라,일탈,회복력,분열,정치,한국,수렁,행위,국가,자해,사람,대통령,철옹성,장벽,피의자,신세,관저,조사,대로,처신,도리,명예,기회,경호처,직원들,시련,기관,물리,충돌,국가,상처,한국,신인,추락,경제,악영향,책임","경호처,대한민국,윤석열,철조망,차벽,한국,정치세력,한남동,요새화,악영향,가로세로,물리력,산길,서울,회복력",서울 한남동 대통령 관저 입구에는 대형 버스들이 가로세로 이중삼중으로 세워졌고 관저 외벽은 물론이고 산길 곳곳에 날카로운 원형 철조망이 설치됐다. 윤석열 대통령에 대한 2차 체포영장 집행을 앞두고 대통령경호처가 기존의 버스 차벽과 인간 바리케이드에 더해 관저 일대를 사실상 요새화한 것이다. 이런 장애물을 뚫고 윤 대통령을 체포하기 위해 경찰은 대테러부대..,https://www.donga.com/news/Opinion/article/all/20250108/130823377/2,
01100401.20250109232744001,20250109,동아일보,,[사설]“영장 존중해야” 이런 상식까지 大法이 말로 해야 하는 나라,사회>사건_사고, 정치>청와대, 사회>미디어,,,,"윤석열,천,천대엽",한국,"법원행정처,공수처,대통령경호처,국회,서울서부지법,법원,경호처","영장,존중,상식,大法,나라,천대엽,법원,행정,처장,국회,출석,윤석열,대통령,체포영장,논란,적법,절차,영장,재판,존중,처장,대통령경호처,물리력,영장,집행,저지,질의,법치주의,다툼,해결,체포영장,적법성,집행,거부,대통령,경호처,행태,우회적,지적,재판,일종,영장,심사,발부,영장,효력,인정,상식적,재판,결과,불만,절차,이의,제기,법원,판단,사법,대법관,겸직,법원행정처장,원칙들,확인,한국,사회,법치,방증,공수처,청구,체포영장,법원,발부,변호인,대통령,수사,권한,기관,청구,영장,신청,기각,영장,적법,억지,주장,경호처,편법,위법,논란,체포,절차,해결,불가능,대통령,기소,사전,구속,영장,청구,재판,피의자,조사,구속영장,청구,기소,원칙,공수처,출석,요구,묵살,체포,거부,대통령,조사,대통령,공수처,서울서부지법,영장,청구,위반,관할,주장,반복,법원,판단,차원,영장,집행,법치,훼손,관점,법원,존중,풍토,확산,무법,탈법,횡행,사회,후퇴,혼란,원칙,얘기","공수처,경호처,체포영장,법원행정처장,천대엽,법치주의,서울,대법관,한국,大法,서울서부지법,원칙들,구속영장,행정처장,변호인,불가능,윤석열,대통령경호처,피의자,물리력,적법성,영장,대통령,법원,재판,청구,원칙,집행,절차,존중,적법,체포,사회",천대엽 법원행정처장이 7일 국회에 출석해 윤석열 대통령에 대한 체포영장과 관련한 논란에 대해 “적법하게 절차를 따라 이뤄진 (영장)재판에 대해서는 일단 존중해야 한다”고 말했다. 천 처장은 대통령경호처가 물리력으로 영장 집행을 저지하는 것과 관련한 질의에는 “법치주의의 틀 안에서 모든 다툼이 해결돼야 한다”고 답했다. 체포영장의 적법성을 문제 삼아 집행..,https://www.donga.com/news/Opinion/article/all/20250108/130823380/2,
01100101.20250108190419001,20250108,경향신문,,"[사설] 미 대사에 ‘내란 불가피’ 옹호한 김태효, 즉각 수사하라",정치>외교, 정치>북한, 정치>청와대,,,,"김,필립 골드버그,김태효,정진석,윤석열,토니 블링컨,정동영,우원식,골드버그,최상목","중국,동북아,강원도,미,비상계엄,한,북한,러시아","유일,대통령비서실장,국가정보원,경찰,더불어민주당,국회,국가안보실,한반도,미국대사,공수처,운영위,외교부,12·3 비상계엄,북파공작부대","대사,옹호,김태효,수사,1차장,김태효,국가,안보실,미국대사,비상계엄,사태,필립,골드버그,주한,미국,대사,통화,사실,차장,그간,대사,그간,통화,사실,자체,골드버그,대사,12월,국회,비상계엄,해제안,통과,사이,차장,통화,통화,차장,국가,세력,척결,계엄,대통령,윤석열,내란,행위,적극,옹호,골드버그,대사,얘기,경악,의원,정동영,더불어민주당,국회의장,우원식,국회,의장,회동,토니,블링컨,국무,장관,참석,골드버그,대사,국가정보원,비상계엄,당일,국가,정보원,외교부,국가안보실,정부,기관,관계자,통화,시도,통화,비상계엄,해제,유일,통화,사람,차장,차장,자타,공인,윤석열,정권,외교,안보,최고,실세,국가,안보,동맹,악영향,12,사전,주장,사태,당일,언론인,식사,알리바이,차장,대사,통화,12월,발언,추후,상황,취지,해명,정확,통화,시점,별도,시민들,국회,윤석열,시도,헌정,중단,온몸,차장,대사,권력자,내란,행위,비호,주권자,배신,차장,강원도,소재,북파,공작,부대,HID,방문,공수처,경찰,차장,내란,혐의,수사,착수,주지,차장,가치외교,미명하,북한,중국,러시아,적대시,동북아,신냉전,고립,한반도,지정학,리스크,인사,권한대행,최상목,대통령,권한,대행,보좌,명목,외교,안보,정책,막강,영향력,행사,윤석열,비상계엄,당일,주재,합참회의,참석,인성환,국무회의,배석,얘기,정진석,대통령,비서실장,최상목,대행,경찰,윤석열,관저,경호,지원,요청,대통령실,국회,운영위,출석,거부,대통령실,수괴,윤석열,방탄,비호,민심,행위","비상계엄,윤석열,골드버그,최상목,김태효,대통령실,국가안보실,그간,인성환,정동영,더불어민주당,토니,블링컨,정진석,강원도,우원식,안보실",김태효 국가안보실 1차장이 비상계엄 사태 당시 필립 골드버그 주한 미국대사와 통화한 사실이 드러났다. 김 차장은 그간 미 대사와 통화한 사실 자체를 감춰왔다. 골드버그 대사는 지난해 12월4일 국회에서 비상계엄 해제안이 통과된 후인 오전 2~3시 사이 김 차장과 통화했다. 당시 통화에서 김 차장은 “반국가세력 척결을 위해 계엄이 불가피했다”며 대통령 윤..,https://www.khan.co.kr/article/202501081903001,
01100101.20250108183804001,20250108,경향신문,,"[사설] 체포 탄핵 특검 다 어깃장, 국민의힘 전광훈당 뭐 다른가",정치>행정_자치, 사회>사건_사고, 정치>청와대,,,,"김건희,이철규,권성동,윤석열,찐윤",한남동,"고위공직자범죄수사처,검찰,경찰,더불어민주당,국회,국가수사본부,의총,국민의힘","체포,탄핵,특검,어깃장,국민의힘,전광훈당,대통령,윤석열,위헌,비상계엄,수사,내란,특검,법안,재표결,국회,부결,국민의힘,당론,반대,6명,이탈,가결,윤석열,망동,헌법,파괴,국민의힘,수괴,체포도,수사도,탄핵심판,비상계엄,수사,특검,반대,앞뒤,행태,절대다수,민의,계엄,찬성,윤석열,극우,전광훈당,원내대표,국민의힘,권성동,원내,대표,재표결,의총,보수,궤멸,쌍특검법,특검법,김건희,특검법,부결,찬성,의원,탈당,막말,수사,보수,궤멸,의원,이탈,수괴,비호,겁박,국민,윤석열,내란,시도,자인,수사,위헌,비상계엄,고위공직자범죄수사처,경찰,검찰,수사,기소권,혼선,그새,윤석열,계엄,가담,수하들,구속,기소,관저,극우,지지,내란,선동,지경,특검,혼란,정리,수사,국민,지도부,대통령,내란죄,수사,특검,진행,사회,혼란,당내,목소리,상황,44명,국민의힘,의원,사수,윤석열,한남동,관저,무대,극우,집회,찐윤,이철규,의원,경찰,국가,수사본부,역사,평가,판단,협박,조폭들,의원들,헌재,탄핵,인용,생각,감안,국민,행태,정략,목적,대책,국민,윤석열,결별,수습,국가,위기,특검,시작,더불어민주당,이날,국민,특검법,특검,추천,추천,재발의,국민,의총,논의,특검법,수정,찬성,의원,술수,특검법,수용,거부,국가,위기,방관,미증유,결과,국민","윤석열,국민의힘,특검법,비상계엄,재표결,권성동,재발의,의원들,전광훈당,공직자,조폭들,수하들,수사도,미증유,더불어민주당,수사처,체포도,절대다수","대통령 윤석열의 위헌적 비상계엄을 수사할 ‘내란 특검’ 법안이 8일 국회 재표결에서 부결됐다. 국민의힘은 이번에도 당론으로 반대했지만 6명이 이탈해 가결에 두 표 모자랐다. 윤석열의 헌법 파괴 망동 이후 국민의힘은 내란 수괴의 체포도, 수사도, 탄핵심판도 모조리 막아서고 있다. ‘비상계엄은 잘못’이라면서도 이를 수사할 특검은 반대한다니 도무지 앞뒤 맞지..",https://www.khan.co.kr/article/202501081836001,
01101001.20250108182012001,20250108,한겨레,한겨레,"[사설] 쌍특검 또 거부, ‘내란 옹호당’ 자인한 국민의힘",정치>청와대, 정치>행정_자치, 정치>외교,,,,"윤석열,김건희 특검법,김건희,최상목","내란도,비상계엄,임하","고위공직자범죄수사처,공수처,검찰,국방부,국회,법원,공조수사본부,국민의힘","쌍특검,거부,옹호당,자인,국민의힘,윤석열,대통령,12,수사,내란,특검법,의혹,김건희,여사,가지,규명,김건희,특검법,재표결,국회,부결,자동,폐기,국민,지난달,투표,부결,당론,국민,내란,부부,대통령,호위무사,자처,권한대행,최상목,대통령,권한,대행,거부권,지난달,거부,행사,쌍특검법안,재표결,전원,의원,참석,특검,찬성,반대,기권,부결,차례,대통령,거부,행사,김건희,특검법,찬성,반대,무효,부결,재의결,요건,국민,8표,동참,내란,특검,2표,김건희,특검,4표,국민,특검법,부결,법꾸,행태,체포,수사,거부,우두머리,피의자,대통령,내란,옹호,자인,대통령,내란죄,수사,고위공직자범죄수사처,공수처,체포영장,발부,불법,집행,거부,공수처,수사,범위,직권남용,직권,남용,범죄,행위,내란도,포함,법원,적법,발부,체포영장,대통령,사법,질서,수사,혼선,논란,특검,대통령,군경,인사,수사,내란죄,관련자,검찰,공조수사본부,경찰,공수처,국방부,진행,대통령,수사,기소,주체,시비,소모전,수사,시점,특검,통합,국정,혼란,국민의힘,제3자,특검,추천,특검법,발의,의견,국민의힘,수사,방해,대통령,목적,국민,납득,특검법안,제시,야당,협의,수사권,트집,정작,논란,제거,특검법,팔짱,정당,내란,옹호,국민,행동","특검법,김건희,공수처,국민의힘,내란죄,직권남용,재표결,비상계엄,최상목,체포영장,관련자,수사권,거부권,피의자,옹호당,공조수사본부,수사본부,내란도","윤석열 대통령의 12 3 비상계엄 관련 의혹 일체를 수사하기 위한 ‘내란 특검법’과 김건희 여사 관련 15가지 의혹을 규명하기 위한 ‘김건희 특검법’이 8일 국회 재표결에서 부결돼, 자동 폐기됐다. 국민의힘이 지난달 12일 1차 투표 때와 마찬가지로 부결 당론으로 임하면서다. 국민의힘은 언제까지 내란과 윤 대통령 부부의 호위무사를 자처할 건가.
최상목 ..",http://www.hani.co.kr/arti/opinion/editorial/1177001.html,
01101001.20250108181003001,20250108,한겨레,한겨레,[사설] 체포영장 거부하면서 구속영장 응한다는 윤의 궤변,정치>청와대, 사회>사건_사고, 국제>중남미,,,,"윤,권성동,윤석열,이의신,천대엽","망상,12·3 비상계엄,한남동","고위공직자범죄수사처,공수처,이대,법원행정처장,국회 법제사법위,헌법재판소,서울서부지법,헌재,법원,경호처,국민의힘","체포,영장,거부,구속영장,궤변,윤석열,대통령,고위,공직자,범죄,수사처,체포,영장,집행,거부,기소,사전구속영장,청구,의사,공수처,수사,법원,영장실질심사,재판,법원,발부,영장,집행,거부,법원,재판,궤변,지지자들,결집,고대,망상,나라,궁리,주장,대통령,앞뒤,법원,적법,발부,체포영장,거부,나라,수렁,경호처,직원,범법자,공수처,사전구속영장,청구,법원,발부,체포영장,공수처,관할,서울서부지법,청구,발부,불법,영장,피의자,체포영장,구속영장,선택,피의자,영장,불법,적용,예외,대통령,본인,예외,유례,대통령,제기,이의신청,체포,영장,집행,법원,기각,천대엽,법원,행정처장,법제사법위원회,국회,법제,사법,위원회,출석,체포영장,대통령,체포,영장,적법,절차,영장,집행,발부,영장,거부,영장,발부,그땐,시빗거리,기소,재판,일고,가치,대통령,특권,대통령,불소추,인정,내란죄,피의자,명령,12,가담,중요,임무,종사자,전원,구속,기소,혐의,내란,우두머리,수괴,구속,형평성,대통령,전략,지지자들,결집,짐작,공수처,체포,영장,집행,불발,한남동,관저,지지자,6일,40여명,국민의힘,의원,관저,체포,반대,집회,참석,극우,세력,결집,헌법재판소,탄핵심판,영향,의도,권성동,국민,원내대표,헌재,2명,재판관,퇴임,요구,헌재,체제,탄핵,심판,자체,무력화,의도,것들,내란,진행,우두머리,내란,공수처,경찰,윤석열,체포,영장,집행","공수처,체포영장,지지자들,피의자,윤석열,탄핵심판,지지자,경호처,국민의힘,천대엽,불소추,사전구속영장,한남동,구속영장,이의신청,원내대표,공직자,위원회,서울,재판관"," 
윤석열 대통령이 8일 고위공직자범죄수사처의 체포영장 집행을 거부하면서, 기소하거나 사전구속영장을 청구하면 응하겠다는 의사를 밝혔다. 공수처 수사는 안 받겠지만, 법원의 영장실질심사나 재판에는 응하겠다는 것이다. 법원이 발부한 영장 집행은 거부하면서 법원 재판은 받겠다니, 이 무슨 궤변인가. 어떻게든 시간을 끌어 지지자들이 결집해 자기를 지켜주기를 고..",http://www.hani.co.kr/arti/opinion/editorial/1176996.html,
01100901.20250108003450001,20250108,중앙일보,,[사설] 최상목 대행 고발에 탄핵 협박까지 민주당의 고질병,정치>행정_자치, 정치>청와대, 정치>선거,,,,"추미애,박찬대,이,문재인,윤석열,이재명,한덕수,김건희,최상목",대야,"공수처장,동원,민주당,고위공직자범죄수사처,더불어민주당,국회,행정부,정부,입법부,공수처,기획재정부,국가수사본부,경호처,국무위","고발,최상목,대행,탄핵,협박,민주당,고질병,경호처,체포,방해,행위,방조,고발,정부,무력,경제,협력,더불어민주당,최상목,대통령,권한,대행,경찰,국가,수사본부,고발,체포,윤석열,대통령,방해,경호처,방관,박찬대,원내,대표,직무유기,특수공무집행방해,방조,주장,이재명,대표,제2,내란,행위,추미애,의원,탄핵,고위공직자범죄수사처,3일,대통령,체포,실패,경호처,물리력,경호처,체포,방해,만류,대행,소극,자세,일관,비판,여지,대행,고발,탄핵,민주당,협박,민주당,대통령,탄핵소추,권한대행,한덕수,국무총리,임명,헌법,재판관,요구,탄핵,카드,압박,총리,여야,합의,요청,민주당,탄핵소추,총리,직무,정지,권한대행,장관,압박,권한,국무위원,여당,반발,감수,2명,재판관,임명,탄핵,협박,수사,대통령,지연,습관,고발,탄핵,카드,민주당,연쇄,탄핵,국무위원,자리,공석,행정부,초유,위기,경제,상황,대행,무력화,나라,입법부,역할,수권,정당,공언,민주당,경제,뒷전,다툼,권력,매몰,모습,국회,양곡,법안,쟁점,내란,김건희,재표결,여사,특검법,진행,예정,여당,의원,설득,통과,불가능,도돌이표,표결,강행,민주당,대통령,수사,차질,비난,문재인,정부,강행,검수완박,검찰,박탈,수사,완전,설치,공수처,졸속,수사,체계,허점,수사기관,방식,내란죄,수사,진행,여유,탄핵,운운,수사,책임자,공수처장,압박,이재명,대표,2,선거법,위반,판결,대선,조바심,지배적,대통령,신속,집행,요구,민주당,대표,잣대,국민,수긍,6개월,규정,대표,재판,지연,전술,동원,2년,수사,대통령,닦달,남불,소리,민주당,나라,생각,탄핵,협박,중단,반도체특별법,법안,통과,여당,협의,수사,대통령,수사기관","민주당,경호처,권한대행,최상목,재판관,박찬대,조바심,특검법,공수처,선거법,이재명,국무위원,수사기관,무력화,윤석열","━
 경호처의 체포 방해 행위 방조했다며 고발 
 
 ━
 정부 무력화 멈추고 경제 살리기 협력해야 
 더불어민주당이 어제 최상목 대통령 권한대행을 경찰 국가수사본부에 고발했다. 윤석열 대통령 체포를 방해한 경호처를 방관했다는 이유다. 박찬대 원내대표는 “직무유기, 특수공무집행방해의 방조에 해당한다”고 주장했다. 앞서 이재명 대표는 “제2의 내란 행위”..",https://www.joongang.co.kr/article/25305924,
01100801.20250108003136001,20250108,조선일보,조선일보,[사설] 야합 편법 졸속으로 공수처 만들더니 이젠 “없애겠다”,정치>행정_자치, 정치>국회_정당, 정치>선거,,,,"조국,윤석열,문",,"동원,정의당,민주당,정부,공수처,검찰,국회,국민의힘","야합,편법,졸속,공수처,이젠,공수처,체포,윤석열,대통령,실패,공수처,폐지,목소리,야권,민주당,의원,체포,영장,재집행,공수처,존폐,위기,조국당,의원,영장,집행,공수처,존폐,고민,공수처,문재인,정부,시절,민주당,편법,졸속,야합,무리수,동원,자신,요구,부응,대통령,민주당,대통령,검찰,개혁,공수처,불법,정권,수사,검찰,압박,기관,국가,수사,신중,검토,여론,수렴,법조,반대,무시,군소,정당,국회,찬성,선거법,개정,미끼,여야,게임,여야,민주주,골간,선거법,국민,배제,변경,강제,폭거,국가,핵심,선거,제도,수사,제도,거래,야합,연동,선거법,국회의원,누더기,총선,정당,위성,비례,정의당,위선,반칙,조국,장관,반대,찬성,민주당,공수처,설치,정의당,유리,선거법,뒷거래,결국,정의당,몰락,공수처,4년,수사,특정,정파,국가,형사,무시,일방적,수사기관,작동,불능,예견,공수처,편법,야합,졸속,난장판,유감,표명,얘기,폐지,주장,후안무치","공수처,선거법,민주당,정의당,문재인,윤석열,민주주,무리수,국회의원,난장판,골간,조국당,뒷거래,수사기관","공수처가 윤석열 대통령 체포에 실패하자 ‘공수처 폐지’ 목소리가 야권에서도 나오고 있다. 민주당 의원은 “(체포 영장을) 재집행하지 못하면 공수처는 존폐 위기에 처할 것”이라고 했다. 조국당 의원도 “영장 집행을 못 하면 공수처의 존폐에 대해 고민해야 한다”고 했다. 공수처는 문재인 정부 시절 민주당이 온갖 편법과 졸속, 야합으로 만든 것이다. 온갖 무..",https://www.chosun.com/opinion/editorial/2025/01/08/FC5TOIRTBFEY5HOADUPUXWQSGY/?utm_source=bigkinds&utm_medium=original&utm_campaign=news,
01100801.20250108002625001,20250108,조선일보,조선일보,[사설] 관저 몰려가 ‘尹 지키기’ 시위대 자처한 국힘 의원들,정치>청와대, 정치>국회_정당, 정치>선거,,,,"김기현,권영세,나경원,윤,이철규,윤석열,이재명,이중삼","친윤,서울,영남권,한남동,한국,선진","동원,공수처,국회,경호처,국민의힘","관저,시위대,자처,국힘,의원,40여,국민의힘,의원,윤석열,대통령,체포,영장,시한,마지막,6일,서울,한남동,대통령,관저,당대표,김기현,의원,나경원,이철규,중진,친윤,영남권,의원들,탄핵,반대,집회,합류,연단,발언,공수처,비판,원천,무효,체포,영장,생각,공수처,권한,내란죄,수사,절차,적법,지적,일리,국회의원,위법,논란,영장,집행,반대,목소리,공수처,수사,영장,집행,공수처,항의,국회,기자회견,사리,공수처,대통령,관저,정문,영장,집행,반대,회견,대통령,영장,집행,물리적,저지,시위대,일원,대통령,위헌,위법적,계엄,선포,국회,탄핵소추,요건,헌법,계엄,전쟁,사태,상황,국민,의문,계엄법,계엄,국회,활동,명시,대통령,위반,혐의,선진,한국,정정,불안,세계,국가,대통령,책임,수사,수차례,소환,불응,지지자들,집행,체포,영장,공개편지,법치,수호,대통령,물리력,동원,집행,비상대책위원장,국민의힘,권영세,비상,대책,위원장,계엄,탄핵,국민,불안,걱정,사과,사태,걱정,정도,변화,기미,대통령,지지층,강성,지지,압박,급락,지지율,여론조사,영향,실제,여론,변화,이재명,대표,반감,영향,합리적,국민,강성,지지,중도층,시선,의식,소수,지지,눈치,대통령,회귀,선거,국민,선택,포기,대통령,경호처,관저,주변,버스,차벽,철조망,이중삼중,방어막,국민의힘,의원,가세","공수처,국민의힘,시위대,의원들,서울,권영세,지지층,국힘,윤석열,친윤,철조망,차벽,한국,영남권,이중삼중,지지율,이철규,지지자들,여론조사",국민의힘 의원 40여 명이 윤석열 대통령 체포 영장 시한 마지막 날인 6일 새벽 서울 한남동 대통령 관저 앞에 모였다. 당대표를 지낸 김기현 의원과 나경원 이철규 등 중진 친윤 영남권 의원들이었다. 이들은 ‘탄핵 반대’ 집회에 합류하고 일부는 연단에 올라 발언했다. 공수처를 비판하면서 “원천 무효인 체포 영장은 반드시 막아야겠다는 생각으로 함께했다”고 ..,https://www.chosun.com/opinion/editorial/2025/01/08/MHBB45D5GBFT5OMMO2Q2YFOEZI/?utm_source=bigkinds&utm_medium=original&utm_campaign=news,
01101101.20250108001021001,20250108,한국일보,,[사설] 또 최상목 대행 압박... 원내 1당이 불확실성 키워서야,정치>청와대, 정치>행정_자치, 정치>선거,,,,"박지원,윤석열,이재명,박종준,한덕수,최상목",,"민주당,헌법재판소,더불어민주당,JP모건,국회,국가수사본부,경호처","압박,최상목,대행,원내,더불어민주당,최상목,대통령,권한,대행,직무,유기,혐의,국가수사본부,고발,윤석열,대통령,체포영장,집행,저지,경호처,지휘권,행사,적법,절차,박종준,경호처장,인사조치,사실,정국,수습,주도,대행,행사,소극,권한,비판,민주당,결정,탄핵,고발,카드,겁박,혼란,야기,이재명,대표,대통령,불발,영장,집행,제2,내란행위,책임론,대행,책임,언급,탄핵,시사,의원,박지원,대행,탄핵,신중론,주장,의원,대행,여권,반대,헌법,재판관,임명,체제,헌법,재판소,인정,의견,의석수,초유,대행,대행,탄핵,민심,역풍,가능,민주당,대행,고발,여부,탄핵,추진,즉답,배경,12,민주당,7번,탄핵소추안,발의,국회,추천,헌법,재판관,임명,직전,대행,한덕수,국무총리,탄핵,상황,대행,탄핵,카드,대내외,JP모건,우리나라,경제성장률,0.4%,포인트,1.3%,제시,계엄,상황,정치,해외,시각,민주당,원내,대행,정국,수습,집중,정국,안정,경제,해소,민주당,신속,정국,수습,대행,압박,결과,대표,재판,대통령,탄핵,심판,의도,국회,대통령,탄핵,소추,사유,혐의,형법,내란죄,제외,정치,목적,경도,행보,정국,수습,불필요,논란,자초","민주당,최상목,내란죄,대내외,박지원,모건,경호처장,인사조치,우리나라,박종준,내란행위,경호처,지휘권",더불어민주당이 어제 최상목 대통령 권한대행을 직무유기 혐의로 국가수사본부에 고발했다. 윤석열 대통령에 대한 체포영장 집행을 저지한 경호처에 지휘권을 행사하지 않았고 적법 절차를 따르지 않은 박종준 경호처장 등에 대한 인사조치를 하지 않은 사실 등을 문제 삼았다. 정국 수습을 주도해야 할 최 대행의 소극적 권한 행사는 비판받아 마땅하다. 하지만 민주당이 ..,https://www.hankookilbo.com/News/Read/A2025010711100001369,
01101101.20250108001021002,20250108,한국일보,,[사설] 휘청대는 리더십에 곳곳서 붕괴되는 공직 기강,정치>청와대, 정치>북한,,,,,"조은석,윤석열,김태규,류희림,최상목",,"정부,방송통신위,방송통신심의위원회,감사원,사무처,국회,휘청대,경호처","리더십,붕괴,공직,기강,장기화,탄핵,정국,장기,국가,리더십,공직,기강,붕괴,조직,조직,충돌,명령,명령,상급자,하급자,상태,국정,아노미,원장,탄핵소추,감사원,논란,대통령실,감사,내홍,정부,임명,조은석,권한,대행,감사,불법,증축,누락,직권,재심,검토,사무처,지시,사무처,적법,종료,직원,사이,대행,인정,사안,항명,움직임,퇴임,17일,열흘,43일,직무대행,정치,파급력,지시,대행,지시,무시,항명,직원들,처사,방송통신심의위원회,위원장,임직원들,정면충돌,위원장,연봉,삭감,평직원,처우,개선,반영,국회,주문,류희림,위원장,거부,간부들,무더기,보직,사퇴,실국장,7명,보직자,80%,반기,직원,편의,자신,연봉,혈안,위원장,반발,조직,기강,대화,타협,실종,모습,정부,조직,조직,총칼,상황,윤석열,대통령,체포영장,집행,경찰,병력,경호처,직원,개인,화기,소지,경호처,군경,지원,요청,군경,거부,경찰,경호처,충돌,아수라장,반려,일단락,참모들,대통령실,고위,참모,직무대행,김태규,방송통신,위원장,직무,대행,권한대행,최상목,대통령,권한,대행,항명,사의,표명,국가,근간,리더십,복원,권한대행,대행,체제,현실적,탄핵,정국,수습","위원장,경호처,대통령실,직원들,권한대행,직무대행,김태규,방송통신,실국장,평직원,파급력,사무처,윤석열,조은석,최상목,보직자,7명,감사원,하급자","탄핵 정국 장기화로 국가 리더십이 휘청대면서 공직 기강이 곳곳에서 붕괴되고 있다. 조직과 조직이 충돌하고, 명령과 명령이 부딪치고, 상급자와 하급자가 맞선다. 국정 아노미 상태를 방불케 한다.
원장이 탄핵소추된 감사원은 봐주기 논란이 비등했던 대통령실 이전 감사 재심의를 두고 내홍에 빠졌다. 전 정부에서 임명된 조은석 권한대행이 불법 증축 감사가 누락됐..",https://www.hankookilbo.com/News/Read/A2025010714560003560,
01100401.20250108233107001,20250108,동아일보,,[사설]그날 당사의 50인과 6일 관저 앞 40인 “과천 상륙작전” 주장도,정치>청와대, 정치>국회_정당, 정치>선거,,,,"김,권영세,윤석열,김민수","서울,과천,경기,장악,한남동","공수처,유튜브,방첩사,공직자범죄수사처,비대위,중앙선관위,국회,고위공직자범죄,법원,경호처,선관위,국민의힘","그날,50인,관저,과천,상륙,작전,주장,40여,국민의힘,의원,윤석열,대통령,체포,영장,마지막,집행,시한,마지막,관저,서울,한남동,대통령,관저,고위공직자범죄수사처,공수처,권한,내란죄,수사,불법적,체포,영장,집행,주장,법원,발부,대통령,신청,기각,체포영장,불법,운운,관저,의원들,관저,의원,확인,45명,108명,소속,40%,법원,체포,영장,재발부,시한,연장,한남동,집결,집권,여당,국민,정서,상식,45명,공수처,체포,그날,대통령,시도,경호처,물리,저지,동참,가능성,계엄,진상,규명,탄핵,심판,국가,혼란,수습,공권력,무력화,수사,지연,12,연상,그날,국회,계엄,해제,찬성표,소속,의원,여당,18명,주류,50여,표결,불참,본회,의장,표결,TV,시청,계엄,해제,영장,집행,45명,국민,지도부,신뢰,바닥,대통령,거리,당내,다수,주류,대통령,옹호,장외,행동,방관,이중,태도,상식적,민심,극렬,우파,지지,사이,주판알,행동,설명,권영세,비대위,임명,김민수,대변인,활동,첫날,사퇴,여당,압축적,대변인,이틀,계엄,선포,우파,유튜브,출연,경기,과천,소재,중앙,선관위,투입,과천,상륙,작전,진짜,윤석열,방송,시점,100여,방첩사,병력,소총,무장,장악,선관위,시도,상태,미화,계엄,당위,부정,선거,가능,거론,제약,대변인직,천거,임명,여당,능력,사리,분별","과천,체포영장,선관위,가능성,대변인,한남동,공수처,윤석열,방첩사,유튜브,내란죄,국민의힘,서울","국민의힘 의원 40여 명이 윤석열 대통령에 대한 1차 체포영장의 집행 시한 마지막 날인 6일 서울 한남동 대통령 관저 앞에 모여들었다. 이들은 “고위공직자범죄수사처(공수처)는 내란죄 수사 권한이 없다”며 “불법적인 체포영장 집행은 막아야 한다”고 주장했다. 법원이 발부하고, 윤 대통령 측의 이의 신청도 기각된 체포영장을 두고 불법 운운한 것이다. 관저 ..",https://www.donga.com/news/Opinion/article/all/20250107/130812481/2,
01100101.20250107182023001,20250107,경향신문,,"[사설]“윤석열 지지율 40%”, 객관성 잃은 명태균식 조사 없어야",국제>중남미, 정치>선거,,,,,"윤,윤석열","경북,충청권,호도,호남권,대구","중앙선거관리위원회,미래한국연구소,공수처,일간지,한국여론평판연구소,선거관리위원회,선관위,국민의힘","40%,윤석열,지지율,40%,객관성,명태,균식,조사,혐의,내란,수괴,체포령,지지율,대통령,윤석열,40%,기록,여론,조사,결과,보수,매체,보도,국민,극우,세력,유통,시중,여론,호도,조사,편향적,설계,설문,도출,결과,유통,선거관리위원회,조사,적법성,여론조사,5일,일간지,한국여론평판연구소,의뢰,1000명,이틀간,전국,남녀,대상,조사,윤석열,지지율,40%,집계,지역별,대구,경북,47%,충청권,호남권,제외,40%,조사,노골적,만큼,편향,설문,윤석열,지지,여부,설문,통상,조사들,대통령,생각,대통령,지지,대통령,지지,전제,불법,논란,공수처,현직,대통령,강제,연행,생각,질문,공수처,시도,윤석열,체포,불법,논란,전제,비상계엄,선포,언급,해킹,중앙,선거,관리,위원회,전산,부정선거,해소,가능,의혹,선거시스템,공개검증,생각,질문,윤석열,비상계엄,제시,근거,주장,판명,전산,해킹,부정,선거,가능,언급,특정,답변,유도,의도,질문,의도,의심,중간,전화,응답자들,발생,응답,사람들,대상,집계,실제,여론,결과,발생,전문가들,지적,40%,윤석열,지지,40%,편향,조사,산출,결과,극우,세력,숫자,고무,발호,개탄,달여,나라,명태균,게이트,대통령,선거,포함,각종,선거,왜곡,여론조사,오염,정황,조사,명태균,방식,미래,한국연구소,여론,조사,의문,선관위,조사,법정,기준,부합,재발,조처,조사,결과,검증,인용,보수,언론,자성","윤석열,여론조사,명태균,비상계엄,부정선거,공수처,이틀간,위원회,편향적,지지율,충청권,경북,연구소,충청,한국여론","내란 수괴 혐의로 체포령이 떨어진 대통령 윤석열 지지율이 40%를 기록했다는 여론조사 결과가 나왔다. 보수 매체들이 이를 보도하고, 국민의힘과 극우 세력들이 유통시키면서 시중 여론을 호도하고 있다. 그러나 이 조사는 편향적으로 설계된 설문으로 도출된 결과로, 버젓이 유통되는 것은 부적절하다. 선거관리위원회는 조사의 적법성을 철저히 가려야 한다.

문제의..",https://www.khan.co.kr/article/202501071819001,
01100101.20250107181623002,20250107,경향신문,,"[사설] 체포 소환 거부하고 거짓말, 경호처 ‘법 위 윤석열’ 따라하나",정치>청와대, 국제>중남미, 사회>사건_사고,,,,"김성훈,이광우,박종준,윤석열,이진하,최상목","삼청동,경호법,비상계엄","동원,고위공직자범죄수사처,경찰,서울경찰청,국방장관,국회,법원,공수처,경찰청장,대국,새누리당,수도방위사령부,경호처","체포,소환,거부,거짓말,경호처,경호처,윤석열,고위공직자범죄수사처,경찰,대통령,윤석열,체포,영장,집행,방해,박종준,경호처장,김성훈,차장,소환,경찰,불응,4일,경찰,소환,통보,미지수,특수,공무,집행,방해,혐의,추가,입건,이광우,경호본부장,이진하,경비,안전본부장,소환,불응,한시,자리,변호인,선임,행태,수령,탄핵,심판,서류,거부,공수처,소환,불응,상전,윤석열,닮은꼴,처장,담화,대국민,경호처장,전면,군부,독재,시절,처장,12,서울경찰청장,삼청동,안가,윤석열,비밀회동,주선,윤석열,자리,경찰,국회,통제,지시,처장,공범,혐의,퇴직,경찰,새누리당,후보,총선,출마,정치인,처장,경호구역,지정,대통령,방지,안전,활동,경호법,근거,체포영장,집행,주장,수괴,대통령,체포,해석,논리,대통령,범죄,경호처,집행,대통령,사병,얘기,처장,윤석열,방어막,경호처,직원,파견,경찰,군대,동원,하급자,공범,국방장관,대행,명령,경호처,파견,군병력,동원,차원,유린,국법,질서,경찰,경호처,채증,자료,결과,집행,체포,영장,집행,저지선,제55경비단,수도,방위,사령부,소속,경비단,제33군사,경찰경호대,병사들,동원,확인,경호처,부인,공범,지휘,경호처,수사,규명,공수처,경찰,법원,윤석열,체포,영장,재발부,만큼,계획,집행,처장,경호처,간부,현행범,체포,윤석열,신병,확보,사태,책임,윤석열,무법,상태,방치,권한대행,최상목,대통령,권한,대행,책임,경호처,실무자,파견,군경,처장,불법,명령,거부,선처,명심","경호처,윤석열,경호처장,체포영장,저지선,공수처,이진하,비상계엄,제55경비단,최상목,대국민,이광우,서울경찰청장",고위공직자범죄수사처와 경찰의 대통령 윤석열 체포영장 집행을 방해한 박종준 경호처장과 김성훈 차장이 6일 경찰 소환에 불응했다. 지난 4일에 이어 두번째다. 경찰은 10일 3차 소환을 통보했으나 이들이 응할지 미지수다. 특수공무집행방해 혐의로 추가 입건된 이광우 경호본부장과 이진하 경비안전본부장도 소환에 불응할 걸로 보인다. 이들은 처음에는 “한시도 자리..,https://www.khan.co.kr/article/202501071815011,
01101001.20250107181003002,20250107,한겨레,한겨레,"[사설] 최상목, 말로는 ‘국정 안정’, 행동은 ‘최대 리스크’ 방치",정치>청와대, 정치>선거,,,,,"윤석열,최,최상목",,"고위공직자범죄수사처,기획재정부,대한민국,투자은행,경호처","최상목,국정,안정,행동,최대,리스크,방치,장관,최상목,대통령,권한,대행,부총리,기획,재정부,국정,조기,안정,민생경제,회복,혼신,정치,경제적,불안정,초래,윤석열,대통령,체포,지연,수수방관,권한,국정,안정,정치,경제,위협,윤석열,리스크,하루,해소,경호처,협조,체포,영장,집행,지시,권한,이날,주재,국무,회의,머리,발언,정치적,극복,급변,세계정세,전쟁,패권,대한민국,생존,모색,기로,국정,조기,안정,민생경제,회복,마음,혼신,경제,해소,만큼,각오,타개,전력,경제,안정적,관리,경제,요인,나라,송두리째,내란,수사,거부,윤석열,대통령,체포,수사,마무리,탄핵심판,경제,국채,신용부도스와프,CDS,프리미엄,내란사태,12월,34bp,39bp,상승,정치적,대외신인도,부정적,작용,달러,환율,1450원,고공행진,코스피,안팎,글로벌,투자,은행,제이피,JP,모건,경제,성장,전망,1.3%,하향,조정,정치,혼란,소비심리,추락,자영업자,소상공인,비명,권한,대통령,체포영장,집행,경호처,협조,지휘,고위공직자범죄수사처,요청,사실,거부,침묵,이날,국민,역사,평가,국가,판단,책임,행동,공직자,도리,자신,정치,좌고우면,사적,이해관계,국민,역사,원칙,입각,결정,경호처,지휘,책임,방기,국민,역사,비판","경호처,윤석열,공직자,부총리,최상목,체포영장,39bp,좌고우면,제이피,신용부도스와프,1450원,고공행진,자영업자,코스피,34bp,세계정세,수사처,송두리째,소상공인,대한민국,탄핵심판,내란사태,재정부,송두리,소비심리,모건,이해관계,만큼,고위공직자범죄수사처,대외신인도",최상목 대통령 권한대행 부총리 겸 기획재정부 장관이 7일 “국정의 조기 안정과 민생경제의 회복을 위해 혼신의 힘을 다하겠다”고 말했다. 하지만 말과는 다르게 현재 정치 경제적 불안정을 초래하고 있는 윤석열 대통령의 체포 지연은 수수방관하고 있다. 최 권한대행이 진정 ‘국정 안정’을 원한다면 우리 정치와 경제를 위협하는 ‘윤석열 리스크’를 하루라도 빨리 ..,http://www.hani.co.kr/arti/opinion/editorial/1176801.html,
01100901.20250107005123001,20250107,중앙일보,,"[사설] 여당, 강경 지지층만 보면 미래 어둡다",정치>국회_정당, 정치>청와대, 국제>중남미,사회>사회갈등>시위,,,"김기현,윤,윤석열,이재명","서울,한남동,비상계엄,강경","공수처,유튜브,대원,더불어민주당,리얼미터,국민의힘","여당,강경,지지,미래,의원,체포,관저,흐름,보수,결집,양날,수도,40여,국민의힘,의원,윤석열,대통령,체포영장,집행,서울,한남동,대통령,관저,의원들,대표,김기현,의원,조치,불법,수사,형사소송법,명시,조항,위반,영장,무효,저지,권리,국민,주장,주말,우파,유튜브,날씨,애국,시민,헌신적,대통령,여당,의원,비난,의원,핸드폰,당원들,항의,문자,쇄도,결국,의원,체포,저지,동조,이날,공수처,체포영장,집행,포기,망정,수사관들,의원,사이,충돌,지지자들,대통령,지지자,개인,자격,체포영장,항의,시위,물리력,행사,영장,집행,방해,불법,국회의원들,영장,집행,실력,저지,법치,훼손,국민,하자,체포영장,대통령,테두리,대응,사안,의원,체포,사회,민주주의,용인,위법행위,만인,평등,대원칙,일탈,대통령,비상계엄,동조,인상,국민,지도부,차원,의원,개인,행동,거리,관저,의원,규모,강경,지지,더불어민주당,이재명,대표,강성,지지,그룹,개딸,위세,의원들,형국,국민,강경파,득세,대통령,선언,현상,보수,결집,리얼미터,조사,국민,지지도,34.5%,민주당,45.2%,기록,계엄,사태,수준,회복,국민의힘,흐름,양날,명심,보수층,선거,참패,결국,중도,마음,중요,의원들,체포영장,대통령,관저,상황,가능,의문,대통령,비상계엄,사태,정치,사회적,평가,평가,국민,비상계엄,바다,단기,지지율,강경,지지,미래","의원들,체포영장,국민의힘,비상계엄,민주주의,이재명,서울,핸드폰,유튜브,소송법,민주당,위법행위,대원칙,망정,수사관들,물리력,용인,개딸,형사소송법","━
 여 의원들, 체포 막겠다고 관저 몰려가 
 
 ━
 최근 보수 결집 흐름, 양날의 칼 될 수도 
 어제 아침에 국민의힘 의원 40여 명이 윤석열 대통령에 대한 체포영장 집행을 막겠다며 서울 한남동 대통령 관저 앞으로 몰려갔다. 의원들의 대표 격인 김기현 의원은 “불법적 수사 조치, 형사소송법에 명시된 조항을 위반한 영장은 당연 무효로서 이를 저지할..",https://www.joongang.co.kr/article/25305602,
01100801.20250107003127001,20250107,조선일보,조선일보,"[사설] 여야 국가기관 잇따른 법 무시, 이러다 헌법 위기 온다",정치>청와대, 정치>행정_자치,,사회>사회갈등>시위,,,"윤석열,이재명,영장,우원식,최상목","서울,대통령 관저","동원,민주당,이대,공수처,헌법재판소,경찰,청구,중앙지법,국회,헌재,사법부,경호처","여야,국가기관,무시,헌법,위기,윤석열,대통령,탄핵,소추,헌법,법률,사태,수습,여야,국가기관들,무시,절차,상황,계엄,위헌,위법,국회,수사기관,사법부,정치,이해,자의,판단,법치,사태,생각,공수처,집행,대통령,체포,영장,경호처,경찰,집행,수사권,영장,집행,하청,법적,경찰,거부,결국,철회,영장,폭탄,애초,내란죄,수사,공수처,경쟁,수사,경시,무시,공수처,서울,중앙,지법,서부지법,영장,청구,영장,판사,의혹,실제,판사,군사,비밀,책임자,승낙,압수,수색,형사,소송법,조항,체포,대통령,체포,적용,적시,판사,권한,적용,계엄,발상,대통령,수차례,소환,불응,경호처,영장,집행,발부,영장,집행,법치,수호,대통령,물리력,동원,집행,헌법재판소,정치,행태,헌재,사무처장,공보관,재판관들,공식,논의,상태,한덕수,총리,탄핵,소추,정족수,논란,효력,직무,정지,유지,대통령,권한,대행,재판관,임명,행사,입장,재판관들,결정,사항,결정,우원식,국회,의장,대행,탄핵,소추,151석,정족수,결정,대행,탄핵,기각,최상목,대행,임명,헌법,재판관,정치,논란,대통령,탄핵,심판,정치적,민주당,대통령,탄핵,소추,내란죄,납득,민주당,내란죄,탄핵,핵심,총리,내란,동조자,탄핵,사람들,내란범,탄핵,위협,소추안,정작,탄핵,소추,내란,이재명,대표,선고,탄핵,마무리,속도전,의도,헌재,재판,흠집,대통령,국회,사법부,무시,결과,불법,시위,몸살,일대,대통령,관저,상황,탄핵,인용,기각,국민,결과,납득,상상,헌법,헌정,위기,자제","재판관,내란죄,공수처,정족수,민주당,사법부,서울,재판관들,우원식,경호처,한덕수,정작,윤석열,소추안,수사권","윤석열 대통령 탄핵 소추 이후 헌법과 법률에 따라 사태 수습에 나서야 할 여야와 국가기관들이 오히려 법을 무시하거나 법 절차를 어기는 상황이 이어지고 있다. 계엄이 위헌, 위법이라며 바로잡겠다고 나선 국회와 수사기관, 사법부가 정치적 이해와 자의적 판단으로 움직이면서 법치를 무너뜨리고 있는 것이다. 이 사태가 이대로 마구 굴러가면 그 끝이 무엇일지 모두..",https://www.chosun.com/opinion/editorial/2025/01/07/RTQJUJR4DFBZTGJ535QNBQZRHY/?utm_source=bigkinds&utm_medium=original&utm_campaign=news,
01100801.20250107002602001,20250107,조선일보,조선일보,"[사설] 최 대행대행과 공수처장까지 탄핵 고발 위협, 어쩌자는 건가",정치>청와대, 국제>중남미, 국제>미국_북미,,,,"오동운,이,윤석열,한덕수,최,이재명","무산,한국,비상계엄","공수처장,민주당,한국,경호처","대행,공수처장,탄핵,고발,위협,대표,이재명,민주당,윤석열,대통령,체포,영장,집행,무산,최상목,대행,내란,행위,책임,대행,경호처,집행,대통령,체포,영장,협조,지시,내란,규정,고발,검토,민주당,의원,탄핵,대행,체포,대통령,실패,오동운,공수처장,탄핵,위기,자신,마음,앞뒤,고발,탄핵,민주당,한덕수,권한,대행,헌법,재판관,임명,보류,탄핵,대행,헌법,재판관,임명,탄핵,얘기,집행,대통령,체포,영장,무산,대행,고발,탄핵,협박,시작,계엄,한국,정치,경제,살얼음판,상황,대행,대행,체제,대행,대행,고발,탄핵,대통령,수사,공수처장,탄핵,사태,걱정,마구잡이,행태,비상계엄,대통령,탄핵,대행,체제,한국,헌법,체계,작동,안도감,국제사회,대표,민주당,대표,민주당,대표,결과,각종,재판,대통령,탄핵,대선,혈안,정도,탄핵소추,쟁취,자신,정권,방해,책임,정치인,정당,행태,역풍","민주당,한국,공수처장,한덕수,이재명,윤석열,국제사회,안도감,살얼음판,마구잡이,정치인,오동운,탄핵소추,비상계엄,앞뒤,재판관,최상목,경호처,대행,탄핵,대통령,고발,헌법","이재명 민주당 대표가 6일 윤석열 대통령 체포 영장 집행이 무산되자 “최상목 대행의 내란 행위에 대해 책임을 물어야 한다”고 했다. 최 대행이 경호처에 윤 대통령 체포 영장 집행에 협조하라는 지시를 하지 않은 것을 ‘내란’으로 규정하고, 고발을 검토하겠다는 것이다. 민주당 의원들은 최 대행 탄핵에 이어 윤 대통령 체포에 실패한 오동운 공수처장까지 “탄핵..",https://www.chosun.com/opinion/editorial/2025/01/07/HBH3UFHZ2RDHPDRWYKIQJWNUUI/?utm_source=bigkinds&utm_medium=original&utm_campaign=news,
01100801.20250107002049001,20250107,조선일보,조선일보,"[사설] 헌재, 한덕수 대행 사건부터 서두를 필요 있다",정치>청와대,,,,,,"트럼프,윤석열,한덕수,김용현,최상목,이재명","미국,요동","민주당,헌법재판소,검찰,국방장관,헌재,국회,북한,국무위","헌재,사건,한덕수,대행,헌법재판소,심리,한덕수,대행,총리,탄핵,심판,13일,시작,대행,탄핵,소추,민주당,대통령,적용,국회,정족수,일반,국무,위원,과반,가결,유효,대행,탄핵소추,정도,헌법,법률,위반,판단,대행,대행,헌재,결정,윤석열,대통령,탄핵,심판,중요,헌법,법률,대통령,대행,탄핵,소추,정족수,별도,규정,과거,전례,민주당,과반,정족수,임의,적용,최상목,대통령,대행,대행,탄핵소추,위협,대행,재적,과반,직무,정지,대행,대행,대행,탄핵소추,나라,위기,국면,국제사회,신뢰,논란,대행,탄핵,정리,행위,각종,행정,불안정,상태,민주당,대행,탄핵,소추,핵심,사유,공모,김용현,국방장관,검찰,공소장,대통령,계엄,당일,총리,소집,취지,지시,대행,계엄,선포,반대,민주당,내란,혐의,민주당,정작,대통령,정작,탄핵,소추,사유,내란죄,철회,근거,대행,탄핵,소추,민주당,대행,탄핵소추,실제,헌법,법률,위반,이재명,대표,대통령,탄핵,속전,속결,협조,경제,안보,살얼음판,미국,트럼프,대통령,취임,환율,국가,신용,등급,강등,북한,극초,음속,추정,중거리,탄도,미사일,국정,조금,헌재,대행,탄핵,소추,결정","민주당,정족수,탄핵소추,한덕수,정작,중거리,미국,윤석열,최상목,국제사회,국방장관,김용현,속결","헌법재판소가 한덕수 대행 겸 총리 탄핵 심판 심리를 13일부터 시작하기로 했다. 한 대행 탄핵소추를 민주당이 대통령에게 적용되는 국회 3분의 2가 아닌 일반 국무위원 정족수인 과반으로 가결한 것이 유효한지, 한 대행이 탄핵소추될 정도로 헌법 법률 위반을 했는지 등을 판단해야 한다. 
 
한 대행 관련 헌재 결정은 윤석열 대통령 탄핵 심판만큼 중요하고 시..",https://www.chosun.com/opinion/editorial/2025/01/07/7QB4VUVZFBDQVKZ62LWGZBRBJI/?utm_source=bigkinds&utm_medium=original&utm_campaign=news,
01101101.20250107001105001,20250107,한국일보,,[사설] '대통령 지키기' 아니라더니... 관저 앞 몰려간 與 의원들,정치>청와대, 국제>중남미, 정치>국회_정당,범죄>범죄일반>사기,,,"김기현,윤,윤석열","장악,비상계엄,강원,영남","친윤,고위공직자범죄수사처,공수처,국회,국민의힘","대통령,관저,의원,44명,국민의힘,의원,고위,윤석열,대통령,저지,체포영장,집행,대통령,관저,집결,국회,탄핵소추,대통령,탄핵,소추,가결,여당,의원,집단행동,지도부,대통령,여당,의원,본격적,대통령,옹호,부추기기,강성,지지자,부추,기기,김기현,의원,현장,원천,무효,사기,탄핵,진행,최선,공수처,경찰,논란,집행,권한,마지막,충돌,영장,기한,마지막,계엄,세력,절연,헌법,수호,여당,의원,내란죄,혐의,대통령,모습,개탄,비상계엄,찬성,헌정,질서,파괴,대통령,영장,집행,여당,의원,이율배반,친윤,장악,책임,지도부,계엄,반성,대통령,설정,차원,입장,의원들,계엄,대통령,옹호,집회,강성,지지,사죄,큰절,개인,차원,행동,방치,보수단체들,이날,관저,주변,대통령,집회,탄핵,반대,40%,소속,의원,40%,국민,여론,괴리,관저,주장,편승,짐작,지역구,영남,강원,지역,여당,강세,대통령,비판,목소리,모습,눈도장,당내,선거,총선,유리,고지,차지,탄핵,정국,수습,계엄,선포,이재명,주장,강성,지지,협량,태도,재건,결국,보수,물론,정권,필수적,중도,확장,장애","지도부,지지자,의원들,체포영장,지역구,비상계엄,영남,공직자,친윤,수사처,공수처,협량,보수단체들,눈도장,집단행동,이재명","국민의힘 의원 44명이 어제 고위공직자범죄수사처의 윤석열 대통령에 대한 체포영장 집행 저지를 위해 대통령 관저 앞에 집결했다. 국회의 윤 대통령 탄핵소추안 가결 이후 여당 의원들의 집단행동은 이번이 처음이다. 당 지도부는 “대통령 지키기 아니다”라며 선을 그었지만, 여당 의원들이 본격적으로 대통령 옹호와 강성 지지자 부추기기에 나선 것으로 비칠 수밖에 ..",https://www.hankookilbo.com/News/Read/A2025010612400002836,
01100401.20250107233035001,20250107,동아일보,,"[사설]尹, 억지와 분열 뒤에 숨지 말고 어떻게 수사받을지 밝히라",국제>중남미, 사회>사건_사고, 정치>청와대,,,,"김,전두환,박근혜,윤석열,전현직,검찰총장,김용현","서울,한남동,대한민국","공수처장,고위공직자범죄수사처,정부,공수처,검찰,국방부,경찰,법원,유튜버,경호처","억지,분열,수사,12,윤석열,대통령,수사,첫발,대통령,소환,조사,거부,고위공직자범죄수사처,공수처,체포,영장,집행,경호처,물리,저지,불발,그사이,서울,한남동,관저,진영,탄핵,찬성,반대,진영,충돌,일촉즉발,상황,정치,사회,분열,갈등,증폭,대통령,수사,회피,구실,극우,유튜버,장외,여론전,새해,첫날,세력,주권,침탈,세력,준동,운운,위험,선동,메시지,체포영장,집행,강성,지지,경호처,나라,만신창이,국가,위상,추락,무책임,태도,구속기소,김용현,국방부,장관,검찰,공소장,대통령,질서,자유,민주,기본,파괴,목적,국헌,문란,폭동,명시,장관,혐의,구속,장성,경찰,수뇌부,10여,정점,대통령,수사,검찰,폭동,국헌,문란,규정,계엄,전모,대통령,자신,수사,회피,한술,영장,불법,검찰,총장,출신,억지,내란,혐의,반란,수괴,검찰,조사,거부,전두환,대통령,구속,영장,발부,호송차,박근혜,대통령,탄핵,특검,수사,협조,회고록,대통령,소환,조사,법원,발부,체포영장,집행,거부,시절,대선,후보,호기,계엄,해제,법적,정치적,책임,회피,발언들,지경,대통령,공수처장,포함,공수처,경찰,소속,공직자,고발,경찰,경호처,집행,체포,영장,집행,체포,경호처,요원,검토,국가기관들,충돌,대한민국,정부,불법,계엄,사태,대통령,직무정지,경호처,경호,국가,원수,지위,유지,지위,도리,분열,갈등,조장,체포영장,소환,책임,자세","경호처,체포영장,공직자,국헌,진영,공수처,그사이,장성","12 3 불법 계엄 후 한 달이 훌쩍 넘었지만 윤석열 대통령에 대한 수사는 첫발도 떼지 못하고 있다. 윤 대통령은 어떤 소환이나 조사도 거부하고 있고, 고위공직자범죄수사처(공수처)의 체포영장 집행은 경호처의 물리적 저지로 불발됐다. 그사이 서울 한남동 관저 앞에선 탄핵 찬성 진영과 반대 진영 간 충돌의 일촉즉발 상황까지 벌어지는 등 정치사회적 분열과 갈..",https://www.donga.com/news/Opinion/article/all/20250106/130803087/2,
01101001.20250106185013001,20250106,한겨레,한겨레,[사설] ‘법 위의 윤석열’ 응원한다며 관저 달려간 국힘 의원들,정치>국회_정당, 정치>청와대, 정치>선거,,,,"김기현,전광훈,이철규,이만희,윤석열,윤상현,권성동,김민전","서울,한남동","고위공직자범죄수사처,공수처,헌법재판소,자유민주,사랑제일교회,대한민국,경찰청,법원,국민의힘","윤석열,응원,관저,국힘,의원,윤석열,대통령,만료일,체포,영장,기한,국민,의원들,영장,집행,관저,대통령,개개인,헌법기관,국회의원들,법원,적법,영장,불응,친위대,대통령,집행,방해,우두머리,피의자,비호,몰두,동조범,이날,6시,관저,서울,한남동,윤석열,지킴이,자처,자리,국민의힘,의원,108명,3분,40여명,참석,의원들,고위공직자범죄수사처,수사,권한,국가보안시설,수색,허용,수색영장,불법,주장,대통령,논리,반복,당대표,판사,출신,김기현,의원,수색영장,원천,무효,주장,법원,영장,발부,공수처,수사,주체,사실,인정,윤석열,체포,수색,영장,공무상,군사상,비밀,장소,압수,수색,형사,소송법,조항,예외,적시,이의신청,기각,막무가내식,법치,운운,목사,전광훈,사랑,제일교회,주도,집회,탄핵,반대,김민전,윤상현,의원,참석,4일,9명,윤석열,의원,참석,의원,대한민국,자유,민주주의,체제,수호,전쟁,수행,국민,지지층,구애,상황,사법기관,수사기관,방위,압박,본격화,국민,이날,권성동,원내대표,중진의원들,헌법재판소,이철규,이만희,의원,의원들,경찰,출신,의원,경찰청,항의,방문,기관,야당,결탁,주장,수사,재판,공정성,흠집,시도,탄핵,무효,주장,불복,재판,결과,염두,국민,헌정질서,파괴,12,국민,대리인,국회의원,임무,정치,생명,연장,관심,집중,모양새,법치,공정,가치,극우,아스팔트,국민,내란,수괴,윤석열,정치,운명,책임","윤석열,의원들,국회의원,전광훈,서울,권성동,국민의힘,만료일,수색영장,한남동,9명,국힘","윤석열 대통령에 대한 체포영장 기한 만료일인 6일 국민의힘 의원들이 영장 집행을 막겠다며 윤 대통령 관저로 몰려갔다. 개개인이 헌법기관인 국회의원들이 법원의 적법한 영장에 불응하는 윤 대통령 친위대로 나선 것이다. 정당한 법 집행을 방해하고 ‘내란 우두머리’ 피의자 비호에 몰두하는 이들은 내란 동조범일 뿐이다.
이들은 이날 새벽 6시부터 서울 한남동 관..",http://www.hani.co.kr/arti/opinion/editorial/1176629.html,
01100101.20250106182436001,20250106,경향신문,,"[사설] 내란 수괴 사수대 나선 국민의힘, ‘위헌 정당’ 되려는가",정치>국회_정당, 정치>청와대, 정치>선거,범죄>범죄일반>사기,,,"김기현,임이자,윤석열","민주공화국,해산,제소,12·3 비상계엄,계산,비상계엄,한국,용산,영남","정부,공수처,불공정,집권당,헌법재판소,홍위병,비대위,국회,국민의힘","사수대,내란,수괴,국민,위헌,정당,국민,40여명,의원,윤석열,대통령,체포,영장,집행,용산,관저,집결,내란,수괴,절차,탄핵,심판,방해,비호,국가,법질서,부정,정당,목도,현실,참담,국민,위헌,정당,12,내란,방탄,국민,민주공화국,공당,존재,의미,과언,윤석열,사수,관저,의원들,영남,지역,친윤계,대통령실,출신,국회,비상계엄,해제,표결,불참,의원들,탄핵,찬성,의원,배신자,색출,운운,노릇,윤석열,홍위병,김기현,대표,사기,탄핵,진행,의원들,결집,극우,지지,고무,편승,속셈,결국,파괴,소탐대실,의원들,관저,집결,비대위원,당직자들,참여,권영세,비대,위원장,체포,영장,집행,시도,불공정,월권적,부당,행위,중단,요구,수사,기관,소환,불응,지지자,선동,윤석열,내란,범죄자,체포,조사,집행,불공정,월권,공수처,집행,내란,궤변,집권당,마구잡이,국민,체제,비대,위원장,사과,성찰,사태,수습,국정,안정,절대다수,민심,정반대,비상계엄,위헌적,위법적,중진들,민주화,40년,한국,정치,정당,독재,유전자,가슴,계엄,부인,국민,그간,위헌성,망동,정치적,법적,책임,헌법,정당,목적,활동,민주,기본,질서,위배,정부,헌법재판소,해산,제소,헌법,재판소,심판,해산,8조,규정,국민,헌법,국가,법질서,직시,이성,정치,계산,수괴,비호","윤석열,비상계엄,의원들,친윤계,헌법재판소,불공정,법질서,권영세,위원장,홍위병,대통령실,재판소,범죄자",국민의힘 친윤계 의원 40여명이 6일 대통령 윤석열의 체포영장 집행을 막겠다며 용산 관저에 집결했다. 내란 수괴의 탄핵 심판 절차를 방해하고 비호하는 것도 모자라 국가 법질서마저 부정하는 정당을 목도하게 된 현실이 참담할 뿐이다. 국민의힘은 진정 ‘위헌 정당’이 되려는 것인가. 12 3 비상계엄 후 ‘내란 방탄’에 앞장선 국민의힘은 민주공화국 공당으로서..,https://www.khan.co.kr/article/202501061823001,
01101001.20250106182012002,20250106,한겨레,한겨레,[사설] ‘법 집행 무력화’ 놔두고 어떻게 ‘국정 안정’ 가능한가,국제>중남미, 사회>사건_사고, 정치>청와대,,,,"윤석열,박종준,최상목",재청,"동원,고위공직자범죄수사처,공수처,검찰,경찰,국가수사본부,법원,공조수사본부,경호처","무력화,집행,무력,국정,안정,가능,피의자,내란,우두머리,대통령,윤석열,체포영장,유효,기간,마지막,6일,집행,헌정,파괴,중범죄자,수사기관,소환조사,불응,법원,발부,체포영장,물리력,무력화,무법,사태,현실화,민주주의,법치,헌법,가치,부정,비정상,국정,정상,체포,영장,기한,고위공직자범죄수사처,공수처,영장,재청구,기한,연장,방침,공수처,경찰,공조,수사본부,체제,체포영장,집행,진행,집행,다음번,체포,영장,집행,경호처,방해,행위,좌시,특수,공무,집행,방해,현행범,체포,대처,집행,체포,영장,방해,혐의,입건,박종준,경호처장,수사,진행,체포영장,집행,저지,사병,동원,사실,확인,특별수사단,경찰,국가,수사본부,특별,수사단,국방,의무,입대,병사들,불법적,작전,체포,저지,동원,용납,지시,책임자들,응분,대가,공수처,집행,이날,체포영장,경찰,일임,협의,방식,경찰,협력,진행,혼란,모습,공수처,검찰,경찰,사건,이첩,상태,만큼,수사,책임,공수처,영장,집행,실패,공수처,경호처,반발,예상,해명,수사,의지,능력,의심,대목,공수처,좌고우면,중대,범죄,수사,기관,법치,수호,절체절명,사명,혼란,최종,책임,피의자,대통령,윤석열,대통령,자신,안위,법치,파괴,대통령,직무,대행,부총리,책임,권한,이날,대외,경제,현안,간담회,경제,해소,만큼,각오,타개,전력,경제,안정적,관리,경제,해소,내란,사태,조기,종식,권한,나라,걱정,눈앞,무법,사태","공수처,체포영장,다음번,수사본부,수사기관,만큼,현행범,피의자,무력화,경호처,부총리,병사들,책임자들,책임자","‘내란 우두머리 피의자’ 대통령 윤석열에 대한 체포영장이 유효기간 마지막 날인 6일까지 집행되지 못했다. 헌정을 파괴한 중범죄자가 수사기관의 소환조사에 불응한 것도 모자라, 법원이 발부한 체포영장까지 물리력으로 무력화시키는 ‘무법 사태’가 현실화했다. 민주주의와 법치라는 헌법적 가치가 모두 부정당하는 이 비정상을 하루속히 끝내지 않고는 국정 정상화는 꿈..",http://www.hani.co.kr/arti/opinion/editorial/1176624.html,
01100101.20250106181522002,20250106,경향신문,,"[사설] ‘트럼프 리스크’ 점검한 정부, ‘윤석열 리스크’ 제거가 먼저다",국제>미국_북미, 정치>외교, 정치>청와대,,,,"방기선,임기,윤석열,조태열,토니 블링컨,바이든,마은혁,최상목","미국,미","한국무역협회,미국,정부,한·미 동맹,외교부,국회,한국,국무조정실,행정부,경호처","트럼프,리스크,점검,정부,윤석열,리스크,제거,권한대행,최상목,대통령,권한,대행,대외,경제,현안,간담회,미국,도널드,트럼프,행정부,출범,대외,현안,신속,파악,체계적,대응,회의체,간담회,권한,주재,월요일,정례,예정,장관,조태열,외교,방기선,국무,조정,실장,참석자들,트럼프,리스크,정부,차원,관리,취지,한국무역협회,트럼프,행정부,관세,10%,보편,관세,60%,대중,부과,한국,대미,대중,수출,8.7%,2.5%,하락,전망,미국,정책,변화,국가,경제,악영향,윤석열,리스크,12,사태,장기화,경제,총체,난국,주지,사실,내수,외환,위기,금융,위기,정국,불안,주가,환율,널뛰기,달러,환율,1500원,육박,휘발유,경유,가격,상승세,연속,먹거리,생필품,가격,성수품,환율,방어,외환,보유액,규모,2019년,수준,한국,국가,신용,등급,강등,정부,경제,정책,방향,국내총생산,새해,실질,총생산,GDP,증가율,1.8%,예상,전망,0.4%,포인트,정치,정도,관리,전제,투자처,시중은행,요구불,예금,23조,631조,권한,토니,블링컨,국무,장관,회담,불안,정세,동맹,강조,임기,보름,행정부,소통,의미,부여,권한대행,권한,대행,작금,경제난,극복,민생,위기,정치,제거,트럼프,리스크,통제,상수,윤석열,리스크,결단,권한,대행,최소화,변수,권한,국회,헌법재판관,선출,마은혁,후보자,임명,윤석열,체포,영장,집행,경호처,지휘권,행사","윤석열,간담회,행정부,권한대행,미국,한국,조태열,월요일,방기선,23조,블링컨,성수품,토니,최상목","최상목 대통령 권한대행이 6일 제1차 대외경제현안 간담회를 열었다. 미국 도널드 트럼프 2기 행정부 출범을 앞두고 대외 현안을 신속하게 파악하고 체계적으로 대응하기 위한 회의체다. 간담회는 최 권한대행이 직접 주재해 앞으로도 매주 월요일 정례적으로 열릴 예정이라고 한다. 조태열 외교부 장관, 방기선 국무조정실장 등이 참석자들이다.

‘트럼프 리스크’를 ..",https://www.khan.co.kr/article/202501061815001,
01101001.20250106181005003,20250106,한겨레,한겨레,"[사설] 탄핵심판에서 내란죄 제외, 전혀 논쟁할 일 아니다",정치>청와대, 정치>행정_자치, 정치>국회_정당,,,,"박근혜,박,윤석열,권성동,권","원천,재정리,무산시","소추위원단,탄핵소추단,헌법재판소,국회 법제사법위,국회,헌재,재판부,국민의힘","탄핵심판,내란죄,제외,논쟁,국회,탄핵,소추단,탄핵심판,윤석열,대통령,탄핵,심판,형법,내란죄,성립,여부,국민,탄핵소추안,작성,국회,재의결,주장,헌재,탄핵심판,12,여부,헌법,위반,결정,형법,의미,과대,해석,탄핵소추의결서,원천,무효,강변,트집,수사,탄핵소추,무효화,내란옹호당,지적,권성동,국민,원내대표,대통령,탄핵,추문,핵심,내란,혐의,탄핵,사유,제외,앙꼬,찐빵,찐빵,찐빵,헌법재판소,탄핵소추문,각하,소추문,국회,재의결,주장,탄핵,박근혜,대통령,탄핵,국회,법제,사법,위원장,탄핵소추,사람,정도,주장,헌재,탄핵심판,고위,공직자,직무,중대,비위,처벌,파면,절차,고위,공직자,헌법,침해,헌법,보호,헌법,재판,제도,위헌,여부,핵심,국회,탄핵,소추단,탄핵심판,형법,내란죄,성립,여부,계엄,선포,행위,자체,소추,대상,제외,내란,형사법정,파면,여부,결정,탄핵심판,여부,헌법,위반,중심,탄핵심판,원고,국회,헌재,탄핵,심판,쟁점,정리,헌재,결정,명문,규정,재판부,판단,사안,헌재,공식,입장,박근혜,대통령,탄핵,심판,탄핵소추의결,재의결,쟁점,정리,소추위원단,국회,소추,위원단,대통령,뇌물죄,강요죄,형법,범죄,성립,여부,위헌,여부,탄핵,사유서,재정리,소추,권성동,원내,대표,원내,형법,범죄,성립,여부,헌법,재판,대상,형사,재판,대상,주장,본인,행동,그새,탄핵심판,무산,억지","탄핵심판,권성동,박근혜,내란죄,재의결,탄핵소추문,탄핵소추,공직자,원내대표,소추문,계엄령,윤석열,소추단","국회 탄핵소추단이 윤석열 대통령 탄핵심판에서 ‘형법상 내란죄 성립 여부’를 다투지 않겠다고 밝히자, 국민의힘이 탄핵소추안을 다시 작성해 국회에서 재의결해야 한다고 주장하고 있다. 헌재의 탄핵심판은 12 3 계엄령 선포 행위의 헌법 위반 여부만으로 충분히 결정할 수 있기에 굳이 형법으로 따지지 않겠다는 의미인데, 이를 과대 해석해 탄핵소추의결서의 원천 무..",http://www.hani.co.kr/arti/opinion/editorial/1176620.html,
01100901.20250106011332001,20250106,중앙일보,,[사설] 경호처는 대통령 사병이 아니다 영장 방해 멈춰야,정치>청와대, 국제>중남미, 국제>유럽_EU,,,,"김성훈,오동운,박종준,윤석열,이호영,최,최상목,김선호","서울,한남동,무산","고위공직자범죄수사처,공수처,검찰,국방부,경찰청장,국방장관,국회,경찰청,국가수사본부,법원,경호처","경호처,대통령,사병,영장,방해,경호처,저지,대통령,영장,집행,무산,부당,명령,거부,대행,적극,우두머리,혐의,윤석열,대통령,체포영장,집행,대통령,경호처,방해,난항,경찰청,국가,수사본부,경호처장,박종준,대통령,김성훈,경호,차장,특수,공무,집행,방해,혐의,입건,출석,요구,조사,불응,고위공직자범죄수사처,공수처,관저,서울,한남동,대통령,체포영장,집행,경호처,직원,저지,법원,발부,체포영장,대통령,체포,영장,유효기간,만일,경호처,공수처,수사관,공무집행,물리력,저지,불상사,발생,법적,처벌,대통령,경호처,법률,설치,국가기관,대통령,개인,이익,사적,병력,경호처,직원,국민,봉사,공무원,신분,상급자,명령,불법,부당,명령,거부,권리,의무,법원,합법적,발부,체포영장,집행,거부,불법,명령,명령,경호처,직원,상급자,명령,불법행위,책임,명심,권한대행,최상목,대통령,권한,대행,책임감,역할,국가기관,공수처,경호처,협조,대립,상황,공수처,체포,영장,집행,경호처,협조,지시,국회,탄핵소추,대통령,직무,정지,상태,경호처,통제,법적,권한,대행,대통령,체포영장,집행,사회,갈등,혼란,방치,개인적,가지,고민,국가,결단,결단,법률대리인단,대통령,법률,대리인단,공수처,시도,영장,집행,불법,주장,오동운,공수,처장,150여,검찰,고발,입장,그중,이호영,경찰청,차장,경찰청장,직무대행,차관,김선호,국방부,국방장관,직무대행,경호처,요청,거부,공수처,협조,고발,고발,적반하장,대통령,보안,시설,압수,수색,형사소송법,110조,111조,적용,배제,영장,이의,신청,법원,기각,대통령,무리,주장,집행,협조,마지막,순간,품위,명예","경호처,공수처,경찰청,체포영장,오동운,국방부,그중,직무대행,김성훈,서울,국가기관,김선호,최상목,박종준,상급자,형사소송법,소송법,고위공직자범죄수사처,110조,공직자,111조","━
 경호처 저지로 윤 대통령 영장 집행 1차 무산 
 
 ━
 부당한 명령은 거부해야 최 대행 적극 나서길 
 내란 우두머리 혐의를 받는 윤석열 대통령에 대한 체포영장 집행이 대통령 경호처의 완강한 방해로 난항을 겪고 있다. 경찰청 국가수사본부는 박종준 대통령 경호처장과 김성훈 경호차장을 특수공무집행방해 혐의로 입건하고 출석을 요구했지만 이들은 조사에..",https://www.joongang.co.kr/article/25305315,
01100901.20250106011012001,20250106,중앙일보,,[사설] ‘내란죄 철회’ 정쟁 벌이는 정치권 헌재 판단에 맡겨라,정치>청와대, 정치>행정_자치, 정치>국회_정당,범죄>범죄일반>사기,,,"이,박근혜,윤석열,권성동,이재명",비상계엄,"동원,민주당,헌법재판소,더불어민주당,국회,헌재,대리인단,소추위,국민의힘","내란죄,철회,정쟁,정치권,헌재,판단,조기,대선,목적,의심,박근혜,탄핵,유사,조치,주장,여당,무리,이재명,2심,지연,윤석열,대통령,탄핵소추,국회,헌법재판소,형법,내란죄,주장,철회,논란,국회,대리인단,국회,헌재,변론,준비,기일,내란,혐의,유무,판단,형사,법정,진행,입증,헌법재판,여부,형법,위반,매몰,사실관계,헌법,위반,사실,국회,탄핵,소추,의결서,남용,비상계엄,선포,국헌,문란,목적,경찰,동원,내란죄,중요,사유,명시,사유,만큼,취소,국회,입장,변경,대표,이재명,더불어민주당,사법,리스크,탄핵,인용,대선,목적,이재명,대표,1심,유죄,선고,공직선거법,확정,판결,대통령,탄핵,대선,국면,의심,헌법재판,내란죄,대통령,대통령,다수,증인,반대,신문,보장,시일,수사기관,내란죄,수사,장기화,탄핵,지연,소지,민주당,주도,국회,대리,인단,조치,대표,해소용,사법,리스크,해소,여론,지지,국민,헌재,탄핵소추안,각하,주장,권성동,원내,대표,국회,변경,탄핵소추안,재의결,주장,탄핵,소추,취소,추구,모습,당장,국회,소추,위원장,박근혜,사유서,대통령,탄핵,탄핵,소추,변경,자가당착,비판,형법,범죄,성립,유무,헌법재판,대상,형사,재판,대상,탄핵,소추,사유서,뇌물죄,강요죄,행위,위헌성,다수,국민의힘,의원,집회,탄핵,반대,사기,탄핵,모습,헌재,회의,체제,시작,만큼,내란죄,철회,여부,헌재,판단,탄핵,소추,취소,목적,국회,재의결,요구,진행,가능성,여론,분열,부채질,정국,혼란,헌법,재판관,임기,만료,상태,헌법,재판,불능,가능성,배제,만큼,정치,원활,탄핵,심판,진행,협조,재판,공직선거법,위반,사건,2년,개월,이재명,대표,항소심,적극,참여,재판,지연,모습,두말,나위","내란죄,만큼,탄핵소추,이재명,헌법재판,박근혜,공직선거법,재의결,사유서,비상계엄,1심,의결서","━
 조기 대선 목적 의심되나 박근혜 탄핵 때도 유사 조치 
 
 ━
 여당 재의결 주장은 무리 이재명 2심도 지연 말아야 
 윤석열 대통령을 탄핵소추한 국회가 헌법재판소에 형법상 내란죄에 해당하는 주장을 철회하겠다고 밝힌 것을 두고 논란이 일고 있다. 국회 측 대리인단은 헌재 변론준비기일에서 “내란 혐의의 유무죄 판단은 형사 법정에서 진행되고 입증될 ..",https://www.joongang.co.kr/article/25305314,
01100801.20250106003108002,20250106,조선일보,조선일보,[사설] 매일 “내란범” 공격하더니 정작 탄핵 소송선 뺀다니,정치>청와대, 정치>국회_정당,,,,,"윤,윤석열,이재명,한덕수",비상계엄,"동원,민주당,정부,공수처,헌법재판소,군대,더불어민주당,국회,헌재,국민의힘,국무위","내란범,공격,소송선,정작,탄핵,더불어민주당,중심,국회,탄핵,소추단,헌법,재판소,탄핵,사유,내란죄,철회,공수처,수사,윤석열,대통령,내란죄,여부,별도,형사재판,헌재,탄핵,심판,비상계엄,조치,여부,헌법,위반,판단,대통령,국민,내란죄,성립,탄핵소추,무효,반발,민주당,내란죄,철회,대통령,탄핵,심판,최대,대선,직행,이재명,대표,선거법,위반,재판,포함,사법,리스크,영향,대선,출마,대표,그동안,재판,지연,헌재,탄핵,심판,신속,진행,속도전,대통령,탄핵,심판,수사,나라,불씨,갈등,들불,헌재,심판,공정성,중립성,절차,완결,국회,내란죄,철회,헌재,권유,사이,국민의힘,의원,헌재,권위,상실,정치,불안,조장,공정성,의문,제기,혼란,헌재,내란죄,판단,판단,탄핵,심판,최종,감당,불씨,결정,탄핵,심판,승복,헌재,효율,절차,공정,무게,내란죄,논란,헌재,책임,판단,분열,최소화,국회,탄핵,소추,의결서,대통령,정부,군대,경찰,동원,무장,폭동,내란죄,적시,국민,탄핵,소추,찬성표,내란죄,충격,여부,내란죄,성립,정치,심판,헌재,탄핵,핵심,쟁점,민주당,비상계엄,대통령,내란,수괴,지칭,한덕수,국무총리,국무위원들,내란,공범,대통령,내란,혐의,기정사실화,전국,현수막,방법,여론,몰이,내란죄,철회,국민들,혼란","내란죄,탄핵소추,공정성,비상계엄,국민의힘,민주당,의결서,찬성표,정작,선거법,국무총리,현수막,기정사실,한덕수,국무위원들,기정사실화,형사재판,최소화",더불어민주당이 중심이 된 국회 탄핵소추단이 지난 3일 헌법재판소에 “탄핵 사유에서 내란죄를 철회하겠다”고 밝혔다. 공수처가 수사 중인 윤석열 대통령의 내란죄 여부에 대해선 별도의 형사재판에서 다루고 헌재의 탄핵 심판에서는 비상계엄 조치의 헌법 위반 여부만 판단하자는 것이다. 윤 대통령 측과 국민의힘은 “내란죄가 성립되지 않는다면 여기에 기반을 뒀던 탄핵..,https://www.chosun.com/opinion/editorial/2025/01/06/GZFC2GE24NC33K255WPEAQ6BVQ/?utm_source=bigkinds&utm_medium=original&utm_campaign=news,
01100801.20250106002550001,20250106,조선일보,조선일보,[사설] 정당이 수사 지시하는 모습 부적절하다,사회>사건_사고, 정치>청와대, 국제>미국_북미,,,,"김성훈,윤,박종준,윤석열,김용현",비상계엄,"동원,민주당,정부,공수처,검찰,청구,경찰,국방부,더불어민주당,진상조사단,법원,경호처","정당,수사,지시,모습,더불어민주당,공수처,윤석열,체포,조직,명운,자신,경찰,재이첩,체포,대통령,압도적,경찰력,동원,경험,체포,작전,경찰,현장,집행,사실상,방법,적극,주문,회의,이날,민주당,공수처,대통령,집행,체포,영장,현장,안전,중지,의지박약,발언,민주당,방식,속도,수사,지시,수사,권한,박탈,압박,공수처,법원,대통령,체포,영장,청구,사흘,지난달,민주당,진상,조사단,공수처,즉시,윤석열,영장,체포,공수처,민주당,주문,결과,불만,민주당,수사,지시,태도,대상,공수처,민주당,집행,체포,영장,저지,박종준,경호처장,차장,김성훈,경호처,거명,소환,통보,불응,경찰,독자적,체포,비상계엄,김용현,국방부,장관,구속,기소,검찰,내란,수사,관련자들,공수처,이첩,주문,수사기관,수사,체포,민주당,관여,권한,헌법,입법,행정,사법,삼권분립,규정,권한,독립기관,분담,상호,견제,균형,권력,남용,공정성,생명,수사,권력,독립,철저,보장,민주당,문재인,정권,검찰,개혁,소리,수사권,조정,윤석열,정부,민주당,검찰,경찰,권력,입김,좌우,제기,국면,대통령,탄핵,자신들,집권,가능,수사,기관,지휘,확보,행세,정체성,수사,기관,독립,전면,부정,실제,집권,수사기관,짐작,대목","민주당,공수처,수사기관,윤석열,경호처,김성훈,문재인,삼권분립,국방부,거명,정체성,김용현,공정성,경호처장,박종준,의지박약,경찰력,더불어민주당",더불어민주당이 4일 “공수처는 윤석열 체포에 조직의 명운을 걸어야 한다”며 “자신 없으면 (경찰에) 재이첩하라”고 했다. 윤 대통령 체포에 “압도적인 경찰력을 동원해야 한다”며 “체포 작전 경험이 풍부한 경찰에 현장 집행을 사실상 맡기는 방법도 적극 고려해야 한다”고도 주문했다. 이날 민주당 회의에서는 공수처가 전날 윤 대통령에 대한 체포 영장 집행에 ..,https://www.chosun.com/opinion/editorial/2025/01/06/W75S4CJPIZF5ZDEJU4D4QR6MTM/?utm_source=bigkinds&utm_medium=original&utm_campaign=news,
01100801.20250106002040001,20250106,조선일보,조선일보,"[사설] 尹, 경찰이 수사하면 응할 것인지 입장 밝혀야",정치>청와대, 국제>중남미, 사회>사건_사고,,,,"윤석열,검찰총장","중계,대치","고위공직자범죄수사처,민주당,정부,공수처,검찰,서울서부법원,청구,경호처,국민의힘","경찰,수사,입장,12,수사,고위공직자범죄수사처,공수처,대통령,윤석열,체포영장,집행,경호처,저지,5시간,대치,철수,서울서부법원,발부,체포영장,대통령,체포,영장,집행,시한,6일,현직,대통령,체포,시도,국가기관,충돌,맞고발,초유,헌정,사상,세계,매체들,실시간,중계,작금,정치,혼란,세계,보도,대통령,체포영장,집행,국론,분열,혼란,지속,국민,공수처,무리,시도,대통령,체포,중단,비판,형사,소송법,조항,삭제,체포영장,부당성,민주당,공수처,체포,영장,압박,검찰총장,대통령,계엄,사태,탄핵,수사,약속,검찰,소환,통보,불응,공수처,청구,체포영장,공수처,대통령,내란죄,수사,권한,공수처,청구,대통령,영장,불법,논리,영장,발부,위헌,위법적,행위,공수처,영장,집행,공수처,대통령,내란죄,혐의,수사,논란,사실,전임,문재인,정부,시절,수사,조정,졸속,결과,공수처,요청,수사,대통령,공수처,일원화,사달,공수처,발부,영장,시한,6일,집행,경호처,입장,대치,차례,물리,충돌,상황,직무,정지,현직,대통령,체포,수사,모양,자체,윤석열,대통령,내란죄,수사,공수처,불법,수사,거부,경찰,수사,약속","공수처,체포영장,내란죄,윤석열,경호처,비상계엄,실시간,서울,서울서부법원,공직자,위법적,매체들,소송법,문재인","12 3 비상계엄 사태를 수사하는 고위공직자범죄수사처(공수처)가 지난 3일 윤석열 대통령에 대한 체포영장 집행에 나섰다가 경호처 저지로 5시간여 대치 끝에 철수했다. 서울서부법원이 발부한 윤 대통령 체포영장의 집행 시한은 6일까지다. 
 
현직 대통령 체포 시도도, 이를 둘러싼 국가기관 간 충돌과 맞고발도 헌정 사상 초유의 일이다. 세계 주요 매체들이 ..",https://www.chosun.com/opinion/editorial/2025/01/06/7R7ZQKOWNVHWHIPLQV4OKM4W64/?utm_source=bigkinds&utm_medium=original&utm_campaign=news,
01101101.20250106001105001,20250106,한국일보,,[사설] 영장도 탄핵도... 다 트집 잡는 윤 대통령과 여당의 몽니,정치>청와대, 정치>국회_정당, 정치>선거,범죄>범죄일반>사기,,,"박근혜,윤석열,윤상현,권성동","원천,한남동,대한민국","탄핵소추위원장,고위공직자범죄수사처,공수처,헌법재판소,청구,의원총회,국회,헌재,법원,국민의힘","영장,탄핵,트집,대통령,여당,몽니,윤석열,대통령,고위공직자범죄수사처,공수처,시도,체포,영장,집행,사법,체계,붕괴,공수처,영장,청구,판사,영장,발부,위법,억지,주장,헌법,계엄,단행,당사자,소리,의원,윤상현,국민의힘,국회,기자들,대통령,공수처,체포,영장,청구,대한민국,사법,체계,붕괴,사실,위기,체포,영장,집행,한남동,대통령,관저,의원,대통령,문제의식,가지,내란죄,수사,공수처,체포,영장,청구,원천,무효,판사,체포영장,군사상,공무상,비밀,장소,수색,기관,허락,형사,소송법,111조,적용,예외,적시,사유,영장,불응,대한민국,헌법,법치주의,입장,대통령,국민,주장,공수처,청구,체포영장,법원,발부,이의신청,기각,만큼,적법,인정,법적,판사,적용,배제,111조,형소법,물건,압수,수색,조항,체포,대통령,체포,체포,억지,트집,국회,대통령,탄핵,소추,사유,형법,위반,내란죄,철회,헌법,위반,국민,탄핵소추,재의결,주장,권성동,국민,원내대표,의원,찬성,국회의원,가결,탄핵소추문,수정,사기,헌법재판소,각하,주장,박근혜,심판,대통령,탄핵,탄핵,소추,사유,철회,탄핵소추위원장,탄핵,소추,위원장,원내,헌재,법원,정치,압박,조금,사법체계,붕괴,대통령,여당,자문","공수처,체포영장,내란죄,사법체계,대한민국,국회의원,만큼,탄핵소추,형소법,윤상현,국민의힘,탄핵소추위원장,박근혜,한남동,소송법,공무상,공직자,당사자","윤석열 대통령이 고위공직자범죄수사처(공수처)의 체포영장 집행 시도를 두고 “사법체계 붕괴”를 말했다고 한다. 공수처의 영장 청구도, 판사의 영장 발부도 모두 위법이라는 것이다. 억지 주장일뿐더러, 초헌법적 계엄을 단행한 당사자가 할 소리는 아니다.
윤상현 국민의힘 의원은 그제 국회에서 기자들과 만나 “대통령은 공수처의 체포영장 청구 등으로 대한민국 사법..",https://www.hankookilbo.com/News/Read/A2025010514270000166,
01101101.20250106001104001,20250106,한국일보,,"[사설] 최 대행, 경호처 지휘권 행사로 단호한 지도력 보여야",국제>중남미, 정치>청와대, 국제>일본,,,,"윤석열,최,최상목",,"고위공직자범죄수사처,정부,공수처,경찰,대한민국,경호처,대치","대행,행사,경호처,지휘,지도력,고위공직자범죄수사처,경호처,저항,윤석열,대통령,시도,체포영장,집행,불발,최상목,대통령,권한,대행,경호처,협조,지휘,요청,대행,답신,대통령,체포,영장,유효,기간,만료,자정,지휘권,만큼,경호처,지휘,대행,책임,대행,1일,대통령,체포영장,집행,공수처,협조,요청,원칙,처리,원론,입장,대행,공수처,수뇌부,영장,집행,경찰,관저,배치,추가,경찰,가능,경호처,협의,의사,전달,대통령실,요구,전달,경찰,협의,대통령,권한,대행,수사기관,적법,영장,집행,태도,대행,침묵,자신,결정,정쟁,대통령,신병,확보,정부,기관,대치가,장기,대내외,사실,공수처,대통령,영장,집행,세계,생중계,보도,영장,집행,시도,소식,상승,증시,집행,중단,상승,마감,대한민국,최대,리스크,대통령,사실,상황,대행,지도,결단,혼란,방치,정쟁,좌고우면,대통령,권한,대행,법치주의,회복,해소,책임,결단,여권,압박,헌법,재판관,임명,정국,물꼬,경호처,지휘권,행사,대행,경호처,협조,지시,공수처,5시간,철수,무능,반복,혐의,내란,수괴,대통령,영장,집행,절차,대한민국,원칙,민주주,국가,세계,입증,사실,명심","경호처,공수처,대한민국,체포영장,지휘권,대치가,대내외,최상목,만큼,재판관,공직자,고위공직자범죄수사처,좌고우면,대통령실,민주주,생중계,수사처,지도력","고위공직자범죄수사처가 경호처의 저항으로 윤석열 대통령에 대한 체포영장 집행 시도가 불발된 다음 날인 4일 최상목 대통령 권한대행에게 경호처에 대한 협조 지휘를 재차 요청했다. 그러나 최 대행은 어제까지 답신하지 않았다. 윤 대통령의 체포영장 유효기간은 오늘 자정 만료되는 만큼 경호처 지휘권을 가진 최 대행이 더 이상 책임을 미뤄선 안 될 것이다.
최 대..",https://www.hankookilbo.com/News/Read/A2025010511480002188,
01100401.20250106232819001,20250106,동아일보,,[사설]김용현 공소장 “국헌 문란 폭동” 적시 尹 언급이 金보다 많아,정치>청와대, 정치>행정_자치, 정치>국회_정당,사회>사회갈등>반란_혁명_폭동,,,"김,윤,박근혜,윤석열,김 전,권성동,김용현","장악,대치","검찰,국방부,국회,법원,대리인단,선관위,중앙선거관리위원회,대의기구,포고령,헌법재판소,12·3 비상계엄,헌재,국민의힘","폭동,김용현,공소장,국헌,문란,적시,언급,12,수사,검찰,김용현,국방부,장관,재판,윤석열,대통령,순차,공모,국헌,문란,목적,폭동,공소장,적시,대통령,장관,국민,대의기구,국회,봉쇄,헌법기관,중앙선거관리위원회,장악,관계자들,영장,체포,구금,시도,내란죄,구성,목적,국헌,문란,폭동,행위,분량,장관,공소장,대통령,공소장,과언,검찰,계엄,사태,본질,대통령,장관,공모,주도,폭동,규정,정점,대통령,공소장,대통령,단어,141차례,언급,장관,언급,124차례,장관,내란,우두머리,대통령,중요,임무,종사자,충복,역할,공소장,대통령,위헌,비상대권,발상,대통령,충성,장군들,회합,포고령,선포문,담화문,준비,일방,통보,국무회의,영장,인사,체포,선관위,전산,자료,압수,시도,국회,무력,비상,입법,기구,창설,계획,12,위헌,위법성,망라,대통령,법원,발부,체포영장,집행,불응,위험,대치극,연출,다툼,논리,지지층,대응,처지,국회,대리인단,국회,헌법,재판소,탄핵,심판,내란죄,소추,사유,제외,대통령,반발,연장선,야당,혐의,형법,내란,유무,판단,형사법정,입증,만큼,헌법재판,비상계엄,선포,위헌성,초점,취지,설명,대통령,국민,핵심,내란죄,철회,자체,탄핵,소추,무효,국회,재의결,주장,여부,내란죄,성립,여권,사안,의문,과거,박근혜,대통령,탄핵,심판,국회,뇌물죄,강요죄,형법,범죄,성립,여부,판단,위헌,여부,탄핵사유서,정리,소추단장,국회,권성동,국민,원내대표,결국,헌재,판단,사안,중요,분열,대결,증폭,정치적","내란죄,공소장,비상계엄,국헌,종사자,선관위,김용현,담화문,선포문,비상대권",12 3 비상계엄 사태를 수사 중인 검찰이 김용현 전 국방부 장관을 재판에 넘기며 “윤석열 대통령 등과 순차 공모해 국헌 문란의 목적으로 폭동을 일으켰다”고 공소장에 적시했다. 윤 대통령과 김 전 장관이 국민의 대의기구인 국회를 봉쇄하고 역시 헌법기관인 중앙선거관리위원회를 장악해 관계자들을 영장 없이 체포 구금하려고 시도하는 등 내란죄를 구성하는 ‘국헌..,https://www.donga.com/news/Opinion/article/all/20250105/130794259/2,
01100101.20250105182217001,20250105,경향신문,,"[사설] 헌재, 비상계엄의 헌법 위반 판단에 집중하는 것이 합당하다",정치>행정_자치, 사회>사회일반, 정치>청와대,범죄>범죄일반>사기,,,"김진한,정형식,박근혜,윤석열,이미선,배보윤,권성동,김용현","재구,비상계엄의,비상계엄","헌법재판소,검찰,헌재,국회,재판부,소추위,국민의힘","헌재,비상계엄,판단,헌법,위반,집중,탄핵소추,대통령,윤석열,탄핵,소추,국회,대리인,국회,내란죄,여부,형법,위반,제외,비상계엄,선포,헌법,위반,중심,탄핵,소추,사유,재구성,국회,국회,김진한,변호사,헌법,재판소,변론,준비,기일,헌법재판,여부,형법,위반,매몰,방지,사실관계,헌법,위반,사실,재판부,권유,생각,윤석열,윤석열,배보윤,변호사,국회,의결,주장,국민의힘,사기,탄핵,반발,12월,국회,통과,윤석열,탄핵,소추,비상계엄,선포,대통령,의무,헌법,준수,권력,분립,원칙,보장,국회의원,표결,조항,헌법,위반,내란,직권남용,특수공무집행방해,형법,조항,위반,적시,국회,변론준비,심리,진행,탄핵심판,본래,취지,입증,헌법,위반,집중,변론,준비,기일,재판부,정형식,이미선,재판관,수용,탄핵,결정,대상자,공직,파면,형사,책임,피청구인,방어권,행사,심판,대상,확정,정도,사실관계,기재,윤석열,국회,재의결,주장,국회,소추,사유서,비상계엄,선포,사실관계,내란죄,성립,여부,판단,내란죄,여부,형사재판,헌정,질서,회복,탄핵,심판,제도,취지,부합,8년,박근혜,대통령,소추,위원장,권성동,국민,원내대표,국회,재의결,뇌물죄,강요죄,형법,위반,소추,사유,제외,전례,국회,탄핵,소추,사유,내란죄,단어,표결,결과,주장,근거,검찰,윤석열,김용현,관련자들,혐의,피의자,입건,구속,수사,국민,연장,내란죄,심리,윤석열,기소,형사재판,헌재,비상계엄,선포,위헌,판단,집중","윤석열,내란죄,재판부,비상계엄,탄핵소추,변호사,사실관계,국회의원,탄핵심판,박근혜,형사재판,재의결,배보윤",대통령 윤석열 탄핵소추와 관련해 국회 측 대리인이 내란죄 등 형법 위반 여부를 제외하고 비상계엄 선포의 헌법 위반을 중심으로 탄핵소추 사유를 재구성하겠다고 밝혔다. 국회 측 김진한 변호사는 지난 3일 헌법재판소에서 열린 2차 변론준비기일에서 “헌법재판이 형법 위반 여부에 매몰되는 것을 방지하기 위해 헌법 위반 사실관계로 다루려고 한다. 그것이 재판부 권..,https://www.khan.co.kr/article/202501051820001,
01101001.20250105181002001,20250105,한겨레,한겨레,"[사설] 최 대행, ‘윤 사병’ 경호처장 등 책임 묻고 협조 지시하라",국제>중남미, 정치>행정_자치, 국제>아시아,,,,"윤,윤석열,박종준,최,최상목,최 권한대행",대명천,"고위공직자범죄수사처,국회,경호처","대행,사병,경호처장,책임,협조,지시,고위공직자범죄수사처,공수처,집행,윤석열,대통령,체포영장,협조,권한대행,최상목,대통령,권한,대행,요청,권한,5일,집행,집행,시민들,공무원,신경,사실,협조,거부,납득,처사,수괴,내란,피의자,체포,국가,수사,기관,집행,피의자,사병,노릇,자처,경호처,무력,모습,국민,권한,자신,지휘,국가,공무원,경호처,직원,대명천지,법치주의,유린,현장,목도,경호처,적법,발부,영장,집행,공직자,내란,동조,범죄,세력,자인,경호처,지휘,책임,방기,권한,헌법,수호,책무,세력,방조,비판,권한,집행,체포,영장,협조,요청,원칙,관계기관,처리,거부,대통령,직무,정지,경호처,지휘,감독,권한,권한,최고,책임자,원칙,영장,집행,협조,경호처,지시,방치,결과,경호처,중대,범죄,권한,일말,책임감,권한,체포,영장,집행,당일,경호처,요청,202경비단,배치,경찰,추가,검토,경찰,지시,정황,사실,경호처,불법,행위,방관,수준,의심,자신,권한,대행,계엄,당일,대통령,국회,자금,완전,차단,비상,입법,기구,예산,편성,지시,쪽지,공개,관여,의혹,자초,무책임,행태,국민,의구심,증폭,대통령,불법,국가신인도,경제,악영향,권한,윤석열,리스크,해소,전력,박종준,경호처장,책임자들,내란,비호,책임자,해임,영장,집행,협조,국회,문서,여야,합의,공개,임명,마은혁,헌법,재판관","경호처,체포영장,윤석열,마은혁,책임자,공무원,경호처장,권한대행,공직자,피의자,최상목","고위공직자범죄수사처(공수처)가 지난 4일 윤석열 대통령 체포영장 집행에 대한 협조를 최상목 대통령 권한대행에게 거듭 요청했다. 하지만 최 권한대행은 5일 “법 집행 과정에서 시민들과 공무원이 다치는 일이 없도록 신경써달라”며 사실상 협조를 거부했다. 도무지 납득할 수 없는 처사다.
지난 3일 ‘내란 수괴’ 피의자를 체포하기 위한 국가 수사기관의 정당한 ..",http://www.hani.co.kr/arti/opinion/editorial/1176436.html,
01100801.20250104002042001,20250104,조선일보,조선일보,"[사설] 尹 체포 극한 대치 분열 세계로 생중계, 국가 신인도 또 타격",국제>중남미, 정치>청와대, 국제>아시아,사회>사회갈등>시위,,,"윤,윤석열,검찰총장","미국,서울,영국,중국,尹,한남동,중계,대한민국,한국,대치,무안공항","동원,CNN,BBC,대명,공수처,한국,국회의사당,경호처,국민의힘","체포,극한,대치,분열,세계,생중계,국가,신인,타격,공수처,대통령,윤석열,체포영장,집행,경호처,저지,5시간,대치,철수,공수처,경찰,체포,투입,경호처,지휘,동원,사람,현직,대통령,체포,시도,국가기관,충돌,초유,헌정,사상,집행,이날,영장,양상,극단,분열,재연,대통령,지지자,관저,서울,한남동,관저,시위,집행,반대,시위대,체포,찬성,집결,일대,대통령,관저,아수라장,여야,반응,기한,체포,영장,집행,6일,공수처,경찰,영장,분열,만큼,국론,갈등,혼란,가능성,사태,책임,대통령,직무,정지,대통령,신분,지지자,영장,집행,방해,시위,요청,편지,위기,위기,국민,통합,애국,시민,세력,주권,침탈,세력,검찰총장,대통령,평생,법질서,강조,사람,대통령,계엄,사태,탄핵,수사,공언,약속,극단,지지,의존,와중,국민의힘,의원,중국인들,탄핵,소추,찬성,근거,의원,대통령,수호,대한민국,체제,대명사,계엄,사태,탄핵소추,국격,추락,대통령,체제,수호,대명사,납득,사람,미국,CNN,영국,BBC,세계,매체,이날,실시간,중계,탄핵,국면,한국,정치,위기,심화,무안,공항,참사,계엄,당일,장면,국회,의사당,진입,실시간,세계,송출,신인도,한국,국가,신인,타격,등급,국가,신용,강등,큰일","공수처,한국,지지자,서울,경호처,실시간,대명사,체포영장,영국,미국","공수처가 3일 윤석열 대통령에 대한 체포영장 집행에 나섰으나 경호처 저지로 5시간 반 동안 대치하다 철수했다. 공수처 30명과 경찰 120명이 체포에 투입됐고 경호처는 직접 지휘하는 군까지 동원한 ‘사람 벽’으로 막아섰다. 현직 대통령 체포 시도도, 이를 둘러싼 국가기관 간 충돌도 헌정 사상 초유의 일이다. 
 
이날 영장 집행을 놓고 극단적 분열 양상..",https://www.chosun.com/opinion/editorial/2025/01/04/VKDBLVXXJZBMHHWUKYT4T3V2GA/?utm_source=bigkinds&utm_medium=original&utm_campaign=news,
01100801.20250104001624001,20250104,조선일보,조선일보,"[사설] 탄핵은 속도전, 자신 재판은 두 달 지연시킨 李 대표",사회>사건_사고, 정치>청와대, 정치>국회_정당,,,,"이,윤석열,이재명",,"서울고등법원,고위공직자범죄수사처,헌법재판소,더불어민주당,재판부,아침,법원,대법원","탄핵,속도전,자신,재판,지연,대표,대표,이재명,더불어민주당,3일,평등,이날,고위공직자범죄수사처,이날,고위,공직자,범죄,수사처,윤석열,대통령,집행,체포,영장,시도,염두,대통령,사법,처리,촉구,발언,대표,그동안,자신,법적,대응,방식,생각,실소,서울고등법원,혐의,공직선거법,위반,기소,대표,항소심,공판기일,23일,판결,징역,집행,유예,선고,2심,재판,항소심,재판부,11일,차례,대표,소송,기록,접수,통지서,우편,발송,이사,주소,확인,사람,송달,통지서,변호인,송달,방법,대표,변호인,선임,지난달,법원,집행관,국회의원회관,비서관,서류,전달,대표,대법원,징역형,확정,10년,선거,출마,고의,재판,지연,계엄,사태,대표,대통령,탄핵,속도전,기자회견,회견,헌법재판소,윤석열,대통령,파면,절차,신속,진행,대표,본인,사법,리스크,생각,사람,조기,대선,판결,출마,윤석열,대통령,재판,내란,혐의,대표,대통령,내란범,규정,정작,자신,재판,혐의,헌법,원칙,추정,원리,채택,무죄,확신,재판,지연","통지서,대법원,윤석열,항소심,변호인,집행관,기자회견,속도전,더불어민주당,공직선거법,비서관,국회의원,공직자,국회의원회관,고위공직자범죄수사처,수사처,서울고등법원,재판부","이재명 더불어민주당 대표가 3일 “법은 모두에게 평등한 것”이라고 말했다. 이날 아침 고위공직자범죄수사처가 윤석열 대통령에 대한 체포 영장 집행을 시도한 것을 염두에 두고, 윤 대통령에 대한 사법 처리를 촉구하는 발언이었을 것이다. 하지만 이 대표가 그동안 자신의 법적 문제에 대응해 온 방식을 생각하면 그의 이런 말은 실소를 낳는다. 
 
전날 서울고등..",https://www.chosun.com/opinion/editorial/2025/01/04/2DCR5LD55VDJ7L4IP2UDGPK42E/?utm_source=bigkinds&utm_medium=original&utm_campaign=news,
01100901.20250104001515001,20250104,중앙일보,,"[사설] 법치 외치던 윤 대통령, 대한민국 법이 우습나",정치>청와대, 국제>중남미, 국제>미국_북미,,,,"권영세,윤,정진석,윤석열,최상목","서울,한남동,대한민국,무산,비상계엄","고위공직자범죄수사처,공수처,청구,비대위,대한민국,법원,공조수사본부,경호처,국민의힘","법치,대통령,대한민국,초유,현직,대통령,체포,시도,경호처,방해,무산,대통령,책임,약속,국론,분열,극성,지지자,선동,행위,우두머리,혐의,윤석열,대통령,고위공직자범죄수사처,공수처,시도,체포,영장,집행,대통령,경호처,저지,방해,무산,공수처,수사관,대통령,체포영장,집행,서울,한남동,대통령,관저,200여,경호처,직원,군인,발길,경호처,직원,개인,화기,휴대,상태,공수처,직무정지,현직,대통령,체포,영장,발부,헌정사,초유,법원,발부,체포영장,집행,국가기관,경호처,유례,11조,대한민국,헌법,국민,평등,규정,대통령,취임식,헌법,준수,선서,대통령,법원,발부,영장,불복,법적,정치적,책임,회피,본인,약속,대통령,사법,절차,무시,국민,참담,대통령,수사기관,출석,피의자,조사,차례,공수처,통보,소환,조사,불응,체포,영장,발부,부여,대통령,자신,만일,대통령,만일,체포,영장,집행,불응,공수처,법원,사전,구속,영장,청구,검토,대통령,관저,보안시설,대한민국,헌법,법률,무시,치외,법권,구역,체포,영장,집행,방해,경호처,책임자,지위고하,처벌,경찰,공수처,공조수사본부,경호처장,차장,특수,공무,집행,방해,입건,출석,조사,통보,조치,공수처,최상목,대통령,권한,대행,경제,부총리,비서실장,정진석,대통령,경호처,집행,절차,협조,지휘,공문,사태,해결,경호처,공무집행방해,수수방관,대행,책임,대통령,지지자,선동,행위,대통령,새해,첫날,관저,지지자들,관저,지지자,메시지,자필,서명,메시지,나라,안팎,주권,침탈,세력,세력,준동,대한민국,위험,나라,주장,주장,극성,지지자,방패,자신,안위,도모,대통령,국론,분열,행동,대한민국,국격,추락,여당,국민,반성,권영세,비대,위원장,비상계엄,대통령,탄핵,불안,걱정,국민,국민,눈높이,한참,선포,위헌,계엄,반대,내란죄,피의자,대통령,의원들,대통령,체포영장,발부,판사,탄핵,언급,야당,판사,검사,탄핵소추,추진,여당,비판,정치권,국정,안정,외면,분열,국론,국민,심판,자초","공수처,경호처,대한민국,체포영장,지지자,피의자,권영세,정진석,공무집행방해,최상목,서울","━
 초유의 현직 대통령 체포 시도, 경호처 방해로 무산 
 
 ━
 윤 대통령 “법적 책임 피하지 않겠다”던 약속 지키고 
 
 ━
 국론 분열 부추기는 극성 지지자 선동 행위 멈춰야 
 내란 우두머리 혐의를 받는 윤석열 대통령에 대한 고위공직자범죄수사처(공수처)의 체포영장 집행 시도가 대통령 경호처의 저지와 방해로 무산됐다. 공수처 수사관들은 어제 ..",https://www.joongang.co.kr/article/25305022,
01101101.20250104001051001,20250104,한국일보,,"[사설] 윤 대통령의 무책임한 체포 불응, 국민이 부끄럽다",정치>청와대, 국제>중남미, 국제>미국_북미,,,,"권영세,윤,진영,박근혜,윤석열","미국,서울,용산구,대치","동원,고위공직자범죄수사처,공수처,헌법재판소,대통령경호처,뉴욕타임스,한국,공조수사본부,국민의힘","대통령,무책임,체포,불응,국민,대통령,피의자,윤석열,자신,체포,수색영장,집행,대통령경호처,동원,고위공직자범죄수사처,공수처,불응,출석,요구,대통령,수사,방해,행위,점입가경,공수처,경찰,구성,공조수사본부,영장,집행,시도,서울,용산구,대통령,관저,철수,대통령,메시지,지지자들,선동,수사,회피,이중,모습,불법,계엄,실패,정치,책임,회피,수사,재판,적용,예외,검사,시절,빈말,대통령,기획,지시,계엄,작전,수행,인사들,고위,인사,구속,기소,마당,지위,태도,무책임,구차,국헌,안위,행태,초유,현직,대통령,체포영장,집행,대통령,저항,해외,언론,실시간,대치,상황,전달,한국,정치,불안,보도,미국,뉴욕타임스,한국,정치,위기,대통령,탄핵,기세,기미,지적,국정,안정,대통령,지지자,선동,대내외적,진영,갈등,나라,혼란,가중,권영세,국민,비상대책위원장,공수처,출석,체포영장,집행,국격,국격,훼손,대통령,나라,국격,국민,대통령,체포,불응,저항,헌법재판소,탄핵심판,영향,과거,박근혜,대통령,탄핵,심판,대통령,의지,헌법,수호,중요,파면,사유,대통령,탈출구,착각","공수처,국격,무책임,체포영장,한국,서울,지지자,탄핵심판,윤석열,피의자,탈출구,실시간,공조수사본부,미국,대내외,국헌,진영,뉴욕타임스,공직자,고위공직자범죄수사처,인사들,위원장,수사처","내란 피의자 윤석열 대통령이 자신에 대한 체포 수색영장 집행을 대통령경호처를 동원해서 막았다. 고위공직자범죄수사처(공수처)의 출석 요구 불응에 이어 윤 대통령의 수사방해 행위가 점입가경이다. 공수처와 경찰 등으로 구성된 공조수사본부는 어제 오전 영장 집행을 시도했으나 약 5시간 30분 만에 서울 용산구 대통령 관저에서 철수했다. 
윤 대통령은 전날 “여..",https://www.hankookilbo.com/News/Read/A2025010316450001043,
01101101.20250104001050002,20250104,한국일보,,"[사설] 경호처, 법 위에 있는 걸로 착각하나",정치>청와대, 국제>중남미, 국제>미국_북미,,,,"윤석열,박종준,최상목",경호법,"고위공직자범죄수사처,수도경비사령부,공수처,대통령경호처,경찰,법원,사조,경호처","경호처,착각,대통령경호처,고위,공수처,윤석열,대통령,체포영장,집행,물리적,경호처,소속,대통령,경호원,총동원,외곽경비,대통령,관저,외곽,경비,수도,경비,사령부,경비단,지휘,관저,200m,겹겹,장막,소총,무장,경찰,박종준,경호처장,특수,공무,집행,방해,혐의,현행범,체포,공수처,유혈,사태,허가,경호처,대통령,내란죄,혐의,법원,발부,체포영장,판단,행위,사법,방해,공수처,사태,경호처,인력,공무,집행,방해죄,입건,여부,검토,처장,대통령,체포영장,집행,대통령경호법,대통령,방지,제거,경호활동,조항,근거,법원,우두머리,직권,남용,혐의,적시,대통령,체포,수색영장,발부,형사,소송법,적용,배제,명시,군사,비밀,영장,집행,방해,법원,근거,경호처,명분,근거,헌법,규정,영장주의,근간,공수처,관계자,경호처,차장,경호법,경호,영장,판단,취지,법원,발부,체포영장,집행,경호,대상,방지,목적,경호법,경호처,맹목적,경호,자인,경호처,의무,헌법,수호,행정기관,사조직,대통령,막무가내,경호,사법,방해,권한대행,최상목,대통령,권한,대행,경호처,원칙,조치","경호처,공수처,경호법,체포영장,200m,방해죄,최상목,내란죄,윤석열,박종준,소송법,경호처장,경비단,우두,공직자,사령부","대통령경호처가 어제 고위공직자범죄수사처(공수처)의 윤석열 대통령 체포영장 집행을 물리적으로 가로막았다. 경호처는 소속 대통령경호원을 총동원하고, 대통령 관저 외곽경비를 담당하는 수도경비사령부 제55경비단까지 지휘해 관저 200m 앞에 겹겹으로 인의 장막을 쳤다. 일부는 소총으로 무장했다고 한다. 경찰은 박종준 경호처장 등을 특수공무집행방해 혐의로 현행범..",https://www.hankookilbo.com/News/Read/A2025010316380002175,
01101101.20250104001049001,20250104,한국일보,,"[사설] 오죽하면 한은 총재가 ""최상목 대행 도와야"" 했을까",정치>청와대, 정치>선거,,,,,"이명박,박근혜,이,최경환,한덕수,이창용,최,한은,최상목","미국,경기,월스트리트","기재부,정부,공수처,기획재정부,한국은행,국회,한국,한은","한은,총재,최상목,대행,총재,이창용,한국은행,장관,최상목,대통령,권한,대행,부총리,기획,재정부,헌법,재판관,임명,국무회의,반발,소식,고민,이야기,비판,총재,대행,결정,경제,운영,정치,프로세스,분리,메시지,대외,전파,국정,운영,책임자,대행,비난,메시지,전달,한은,총재,공개적,기재부,장관,옹호,전통적,한은,기재부,긴장,유지,개정,이명박,정부,시절,한은법,시절,박근혜,정부,경기부양,추진,최경환,부총리,한은,금리,인하,지연,공개적,비판,문재인,정부,코로나19,대응,국고채,매입,기관,의견,물가안정,최우선,한은,경제성장,중시,기재부,조직,긴장,자연,12,평소,견원지간,기구,수장,공조,시작,불행,다행,원화,가치,증시,국회,대통령,탄핵,소추,부결,한덕수,대행,거부,헌법,재판관,임명,정치,추락,지수,어제도,코스피,공수처,체포,대통령,소식,외국인,매수,급등,영장,집행,중단,소식,0.6%,급락,모습,저널,미국,월스트리트,체포실패,정치,불안,증가,증시,하락,얼마,진정,경제,한국,정치,불안,반응,한국,경제,안정,정부,역할,총재,한국,경제,운영,정치,프로세스,분리,독자적,작동,세계,정치,불안,종식,대행,총재,협조,유지","한은,부총리,기재부,최상목,한국,미국,코스피,월스트리트,어제도,한은법,이명박,박근혜,공개적,한국은행,이창용,국고채,견원지간","이창용 한국은행 총재가 최상목 대통령 권한대행 부총리 겸 기획재정부 장관의 헌법재판관 임명을 두고 국무회의에서 거센 반발이 나왔다는 소식에 “고민 좀 하고 이야기했으면 좋겠다”고 비판했다. 이 총재는 또 “최 대행의 어려운 결정으로 이제 ‘우리 경제 운영이 정치 프로세스와 분리돼서 간다’는 메시지를 대외에 전파하려 하는데, 국정운영 책임자들이 최 대행을..",https://www.hankookilbo.com/News/Read/A2025010315420004353,
01100401.20250104233102001,20250104,동아일보,,[사설]국민과 세계가 지켜본 5시간 반 부끄럽고 창피하지 않나,국제>중남미, 정치>청와대, 국제>유럽_EU,사회>사회갈등>시위,,,"권영세,계엄,윤석열","미국,서울,용산구,영국,일본,여의도,한남동,대치","CNN,BBC,고위공직자범죄수사처,한미 동맹,경찰,청구,국회,경찰 기동대,한국,법원,공수처,가디언,경호처,국민의힘","국민,세계,5시간,창피,거부,출석,영장,자초,인간,방패,관저,농성,책임회피,정치,책임,회피,약속,12,수사,고위공직자범죄수사처,공수처,3일,언론,생중계,우두머리,수괴,혐의,윤석열,대통령,체포영장,집행,5시간,철수,이날,TV,화면,관저,서울,용산구,한남동,대통령,체포조,대통령,경비,병력,대치,상황,국민들,중무장,병력,여의도,국회,난입,계엄,불안감,공수처,경찰,특수단,150명,체포조,투입,경찰,체포,영장,집행,충돌,대비,관저,주변,2700명,경력,버스,배치,관저,200m,관저,200m,경호처,버스,승용차,차벽,관저,경호,부대,200여,경호처,직원,영장,집행,공권력,사태,물리,충돌,미국,CNN,영국,BBC,해외,취재진,무렵,한남동,관저,서울,극적,드라마,대통령,체포,시도,현장,실시간,속보,일본,언론,자사,홈페이지,화면,머리기사,현장,체포,시도,소개,영국,가디언,지지자들,대통령,지지자,steal,부정선거,피켓,시위,모습,보도,민주화,경제,발전,동시,모범,사례,나라,체포,현직,대통령,공권력,대치,장면,세계,생중계,부정선거,횡행,나라,참담,대통령,관저,국론,분열,상징,시도,체포,불발,관저,분위기,관저,안팎,대치,국민들,예기,불상사,마음,대통령,관저,농성,시도,이날,체포,변호인,공수처,안하무인,경찰,기동대,수사,업무,가담,불법,경고,법원,발부,체포영장,집행,물리적,저지,불법,행태,공수처,경찰,비난,겁박,적반하장,현직,대통령,체포영장,집행,초유,상황,공수처,그동안,요구,차례,출석,거부,대통령,자업자득,대통령,내란죄,수사권,공수처,체포영장,청구,법원,발부,불법,주장,법원,공수처,수사권,인정,체포영장,발부,절차,대통령,경호,인력,법질서,유린,선동,지지자들,방패,집권,여당,대통령,설득,사태,수습,수사기관,법원,비상대책위원장,국민의힘,권영세,비상,대책,위원장,공수처,시도,체포,영장,집행,부당,행위,공수처,정치,판사,부당,거래,근거,법원,비난,대표,여당,공수처,경호처,공무원,경호,지속,영장,집행,사실,상황,권한대행,최상목,대통령,권한,대행,경호처,체포영장,집행,명령,요구,예정,대통령,신병,확보,지연,외신들,한국,정치,위기,국회,탄핵,가결,기세,기미,한국,장기화,리더십,공백,장기,한미,동맹,영향,보도,시작,정치,불안,장기화,국가신용등급,전망,악화,일로,위기,평화,수습,대통령,책임,정치,회피,약속,방법,소환,불응,체포영장,거부,집행,연말,비상계엄,선포,세계적,망신거리,이젠,체포영장,집행,경호원들,막장극,연출","공수처,체포영장,경호처,영국,한남동,물리적,공권력,한국,생중계,장기화,서울,지지자,지지자들,비상계엄",12 3 불법 비상계엄 사태를 수사 중인 고위공직자범죄수사처(공수처)가 3일 오전 국내외 언론이 생중계하는 가운데 내란 우두머리(수괴) 혐의를 받는 윤석열 대통령에 대한 체포영장 집행에 들어갔다가 5시간 반 만에 철수했다. 이날 아침 이른 시간부터 TV 화면을 통해 서울 용산구 한남동 대통령 관저에서 벌어진 윤 대통령 체포조와 경비 병력 간 팽팽한 대치..,https://www.donga.com/news/Opinion/article/all/20250103/130787087/2,
01101001.20250103181010002,20250103,한겨레,한겨레,"[사설] 윤석열 체포 불발, 제2의 내란이다",국제>중남미, 정치>청와대, 국제>미국_북미,범죄>범죄일반>사기,,,"유일한,윤석열,박종준,최,최상목","12·3 비상계엄,한남동,대한민국,트라","동원,고위공직자범죄수사처,검찰,경찰,국방부,법원,정부,이대,공수처,다스,기획재정부,육군,대한민국,공조수사본부,수도방위사령부,경호처","불발,윤석열,체포,제2,내란,12,대통령,주범,윤석열,체포영장,집행,불발,내란죄,피의자,단죄,국가,수사,기관,집행,비호,세력,무력화,법치,현장,목격,국민들,충격,민주주,국가,세력,법치주의,유린,대한민국,공권력,무기력,대통령,규모,이날,장막,공조수사본부,공조본,체포,영장,집행,불응,내란,실패,탄핵,수사,체포,상황,대통령,경호처,외곽경비,대통령,관저,외곽,경비,병력,육군,수도,방위,사령부,동원,자신,12,장병,동원,사기,자신,사병,대통령,정도,파렴치,법원,적법,발부,체포영장,궤변,생트집,대통령,공조본,영장,집행,불법,경찰,검찰,공조본,요구,차례,출석,거부,피의자,소리,고위공직자범죄수사처,경찰,국방부,수사본부,수사권,해소,검찰총장,적법,수사,거부,자신,지지자들,궐기,촉구,편지,나라,내란,혐의자,경호처,처벌,박종준,경호처장,법원,발부,영장,대통령,경호법,경호,구역,영장,집행,대통령,관저,압수수색,부당,경호처,헌법,의무,대한민국,공무원,부정,처사,공조본,윤석열,사병,자처,처장,무관,원칙,체포,내란,피의자,경호처,막무가내,권한대행,최상목,대통령,권한,대행,권한,이날,3시,분께,경제,신년인,사회,참석,경제,대한민국,믿음,추진,2시간,한남동,관저,공수처,대통령,체포영장,집행,중지,권한,공수처,체포영장,집행,조처,요구,공수처,경호처,회피,권한,역할,기획,재정부,장관,대통령,권한,대행,대한민국,경호처,경거망동,제어,유일,사람,권한대행,최상목,대통령,권한,대행,박종준,경호처장,정부,집행,경호처,인사,파면,해결,대한민국,경제,리스크,윤석열,해결,권한,국민,용기,체포,대통령,실패,공조본,무능력,인력,대통령,경호,200명,공지,사실,영장,집행,100명,동원,차례,출석,요구,대통령,체포,생각,애초,실패,염두,작전,새해,국민들,12,트라우마,극우,세력,윤석열,예수,계엄,제2,내란,선동,내란사태,우두머리,처단,윤석열,단죄,국가,미래","경호처,윤석열,공조본,대한민국,피의자,체포영장,공수처,수사본부,최상목,국민들,경호처장,한남동,박종준,내란사태"," 
12 3 내란사태의 주범 윤석열 대통령에 대한 체포영장 집행이 3일 불발됐다. 내란죄 피의자를 단죄하기 위한 국가 수사기관의 정당한 법 집행이 내란 비호 세력에 의해 무력화됐다. 법치가 무너지는 현장을 목격한 국민들은 충격에 빠졌다. 민주주의 국가에서 내란 세력이 이토록 버젓이 법치주의를 유린할 수 있는가. 대한민국 공권력이 이렇게까지 무기력한가.
..",http://www.hani.co.kr/arti/opinion/editorial/1176243.html,
01101001.20250103181010001,20250103,한겨레,한겨레,"[사설] ‘윤석열 로펌’ 자처하는 국민의힘, 윤석열과 함께 가려 하는가",정치>청와대, 정치>국회_정당, 정치>선거,,,,"권영세,윤,윤석열,권성동,권","하도,대한민국,비상계엄","동원,고위공직자범죄수사처,서울중앙지법,공수처,불공정,청구,비대위,서울서부지법,국회,국민의힘","윤석열,로펌,자처,국민,윤석열,고위,공직자,범죄,수사처,공수처,체포,영장,집행,불발,윤석열,대통령,국민,지원사격,집권여당,국정,안정,궤변,억지,동원,혼돈,불안정,현실,참담,권영세,국민,비상대책위원장,이날,공수처,체포,영장,집행,중단,기자회견,시도,체포,영장,집행,불공정,월권적,부당,행위,시도,주장,비대,공수처,정치,판사,부당거래,공수처,서울중앙지법,서울서부지법,체포영장,청구,판사,쇼핑,영장,형사,소송법,제111조,적용,예외,적시,월권,주장,법률대리인단,대통령,법률,대리,인단,논리,정작,대통령,정작,자발적,수사,얘기,여당,비교,법률가,출신,의원,비대,원칙,수사,강조,현직,대통령,예외,절차,적용,국민들,동의,혐의,내란,부인,수사,불응,지지자들,선동,물리,충돌,야기,위험,인물,공권력,집행,동의,국민들,비대,국민,비대,법치,이날,대한민국,실종,국격,임의수사,민주주의,대한민국,미래,영향,적반하장,법치,국격,민주주의,대한민국,미래,국민,12,사태,해결,국정,안정,민심,정반대,방향,표결,국회,비상계엄,해제,요구,표결,18명,국민의힘,의원,참여,비대,권성동,원내,대표,중진,의원,불참,탄핵소추,대통령,탄핵,소추,당론,반대,헌법,재판관,임명,반대,탄핵심판,방해,대통령,지지,선동,수사,적극,국민,윤석열,운명,국민,주류,대통령,자신들,생명,연장,내란범,로펌,자처,내란범,방패,노릇,대통령,국민,국민,여론","공수처,위원장,윤석열,체포영장,대한민국,내란범,국격,정작,권성동,법률가,국민의힘,민주주의,국민들,불안정,공직자","3일 고위공직자범죄수사처(공수처)의 체포영장 집행을 버티기로 불발시킨 윤석열 대통령 뒤에는 국민의힘의 낯 두꺼운 지원사격이 있었다. 집권여당이 말로는 ‘국정 안정’을 말하면서, 온갖 궤변과 억지를 동원해 혼돈과 불안정을 키우는 현실에 참담함을 금할 수 없다.
권영세 국민의힘 비상대책위원장은 이날 공수처의 체포영장 집행이 중단된 뒤 기자회견을 열어 “체포..",http://www.hani.co.kr/arti/opinion/editorial/1176242.html,
01100101.20250103171950001,20250103,경향신문,,"[사설]법 위의 윤석열과 체포 막은 경호처, 이게 내란이다",정치>청와대, 국제>중남미, 사회>사건_사고,,,,"김성훈,박종준,윤석열,검찰총장,최상목","안중,한남동,무산,비상계엄,대치","동원,공수처,헌법재판소,대통령경호처,법원,경호처,경호","윤석열,체포,경호처,내란,공수처,3,내란,우두머리,윤석열,체포,수색,영장,집행,시도,대통령경호처,무산,8시,관저,한남동,대통령,공수처,검사,수사관,경찰병력,경호처,직원,대치,윤석열,신병,확보,철수,공수처,대치,상황,집행,사실,체포,영장,불가능,판단,집행,저지,안전,현장,인원,집행,중지,절차,피의자,태도,유감,윤석열,경호처,방패,법원,발부,영장,스스로,헌법,군림,존재,국법,질서,작정,사람,법치,수호,검찰총장,대통령,자체,국가,수치,위험,법원,윤석열,체포,수색영장,발부,111조,형사,소송법,적용,명시,피의자,체포,수색,경호처,군사상,공무상,비밀,영장,집행,거부,경호처,10대,버스,승용차,경호처,직원,군인들,200여명,인간띠,영장,집행,몸싸움,경호처,인력,개인,화기,휴대,검사들,결국,공수처,검사,윤석열,특수공무집행방해,윤석열,법원,체포,수색,영장,발부,극우,지지자,영장,집행,윤석열,변호인,윤석열,영장,집행,경찰,시민,체포,위법,발언,직원들,경호처,직원,군인들,사병,영장,집행,공권력,집행,물리적,저지,선동,경호처,국가기관,물리력,동원,법원,공수처,국가기관,무력화,내란,윤석열,이날,헌법,재판소,탄핵,심판,준비,기일,대통령,고립,약자,법치국가,경호처,체포영장,불응,내란,피의자,약자,비상계엄,선포,윤석열,구속,파면,간구,다수,국민,안중,후안무치,발언,윤석열,저지,영장,집행,12,현재진행형,권한,경호처,지휘,권한대행,최상목,대통령,권한,대행,조치,수수방관,국정,혼란,조기,수습,권한,대행,책무,몰각,무책임,태도,윤석열,추종,세력,망동,경제,안보,분야,최대,요인,국가,위험,나라,당리당략,사익,윤석열,옹호,여당,주류,국가,행태,공수처,시한,영장,집행,6일,윤석열,체포,구속,내란죄,수사,속도,권한,피의자,사병,국가,공직자,윤석열,집행,체포,영장,협조,경호처,지시,경찰,경호처장,이날,박종준,차장,김성훈,경호처,피의자,특수,공무,집행,방해,혐의,입건,출석,통보,공수처,경찰,적법,영장,집행,지위고하,처벌,민심,총합일,윤석열,체포,구속,완수","경호처,윤석열,공수처,피의자,특수공무집행방해,권한대행,체포영장,한남동,박종준,김성훈,최상목",공수처가 3일 ‘12 3 내란’ 우두머리 윤석열의 체포 수색 영장 집행을 시도했으나 대통령경호처에 막혀 무산됐다. 오전 8시쯤 한남동 대통령 관저에 들어간 공수처 검사 수사관 경찰병력은 경호처 직원들과 5시간 대치하다 윤석열 신병을 확보하지 못하고 철수했다. 공수처는 “계속된 대치 상황으로 사실상 체포영장 집행이 불가능하다고 판단하고 집행 저지로 인한 ..,https://www.khan.co.kr/article/202501031719001,
01100901.20250103011932001,20250103,중앙일보,,"[사설] 검사 출신 대통령의 법질서 유린, 국민은 참담하다",정치>청와대, 정치>국회_정당, 국제>중남미,,,,"김상욱,석동현,윤석열,검찰총장","비상계엄,대한민국","기동대,공수처,유튜브,검찰,청구,경호원,경찰 기동대,대한민국,법원,사법부,국민의힘","대통령,검사,출신,법질서,유린,국민,참담,체포,영장,무시,지지자들,메시지,여당,의원,법꾸라지,행동,법원,체포,영장,발부,관저,칩거,불응,윤석열,대통령,그제,메시지,자필,서명,석동현,변호사,관저,집회,지지자들,A4용지,12,경제,분야,고통,상황,국민,사과,한마디,대통령,나라,안팎,주권,침탈,세력,세력,준동,대한민국,위험,궤변,반복,나라,주장,자신,초래,국가,위기,외면,지지자,선동,모습,극단,정파,유튜브,실시간,집회,대목,참담,변호인,대통령,경찰,기동대,영장,집행,경호처,시민,체포,주장,비상계엄,주도,내란,우두머리,혐의,대통령,후안무치,자세,말문,계엄,목적,경고,해명,대통령,군사령관들,도끼,국회의원,체포,지시,증언,검찰,수사,확보,마당,대통령,법적,정치적,책임,회피,약속,반복,법원,발부,체포영장,묵살,대통령,명분,조사,회피,공수처,내란죄,수사,주장,법원,공수처,청구,내란죄,영장,내란죄,발부,수사,논란,일단락,대통령,사법부,판단,묵살,기동대,지원,꼬투리,변호사,국민,김상욱,의원,대통령,법꾸라지,행동,CBS,인터뷰,검찰총장,대통령,의원,여당,초선,법꾸라지,현실,검사,시절,피의자,구속,대통령,법원,발부,체포영장,의미,대한민국,국민,사법,절차,경호원,외면,모습,승리,메시지,집회,참가자,선동,대통령,냉정,사법,절차,검사,경력,자랑,대통령,대한민국,법질서,유린","내란죄,대한민국,비상계엄,지지자,법꾸라지,체포영장,변호사,기동대,참담,공수처,실시간,법질서,지지자들,유튜브,군사령관,피의자,경호처","━
 체포영장 무시, 지지자들에 “끝까지 싸울 것” 메시지 
 
 ━
 여당 의원조차 “법꾸라지 같은 행동” 부끄럽지 않나 
 법원의 체포영장 발부에도 관저에 칩거한 채 불응하고 있는 윤석열 대통령이 그제는 느닷없는 자필 서명 메시지를 내놨다. 석동현 변호사를 통해 관저 앞에서 집회 중인 지지자들에게 나눠준 A4용지에 담긴 내용은 황당하기 짝이 없다. ..",https://www.joongang.co.kr/article/25304813,
01100801.20250103002135001,20250103,조선일보,조선일보,"[사설] 영장 집행 방해 요청 尹 편지, 검사 출신 대통령으로 부적절",정치>청와대, 정치>국회_정당,,사회>사회갈등>시위,,,"윤석열,영장","서울,해산,임하","민병대,공수처,헌법재판소,검찰,자유민주,국회의사당","영장,집행,방해,요청,편지,대통령,검사,출신,윤석열,대통령,관저,서울,관저,시위자들,탄핵,반대,시위자,자신,집행,체포,영장,공개,편지,대통령,편지,헌정,질서,세력,주권,침탈,나라,위험,국민,주인,자유민주주의,승리,시위대,독려,편지,대통령,편지,동의,국민들,반대,계엄,선포,대통령,헌정,질서,국민,주권,침탈,국민,주인,자유민주주의,무시,국민들,헌법재판소,심판,기관,수호,검찰,총장,원칙,당선,대통령,자신,집행,대상자,집행,거부,사실,대통령,공수처,요구,차례,출석,불응,체포,영장,발부,영장,판사,수색,대통령실,압수,제한,형사,소송법,적용,예외,다툼,집행,체포,영장,별개,대통령,얼마,국민,통합,책임자,지위,사람,사람,지지층,반대층,자극,충돌,정치,행위,지지층,민병대,조직,화염병,준비,발언,관저,주변,대통령,지지자,반대자들,시위,사이,몸싸움,사태,결국,경찰,관저,관저,시위대,해산,반복,충돌,당일,계엄,당일,출동,국회,의사당,모습,세계,전송,국가,신인,타격,대통령,탄핵,수사,법적,정치,책임,회피,국민,약속,모습,정반대,탄핵,재판,대통령,나라,걱정,모습","시위대,민주주의,대통령실,지지층,국민들,몸싸움,화염병,반대자,재판소,반대자들,민병대,자유민주주의,책임자,소송법,의사당","윤석열 대통령이 지난 1일 서울 관저 앞의 탄핵 반대 시위자들에게 자신에 대한 체포 영장 집행을 막아 달라는 뜻의 공개 편지를 보냈다. 여러 면에서 부적절하다고 하지 않을 수 없다. 
 
윤 대통령은 편지에서 “헌정 질서 지켜야“ “주권 침탈 세력으로 나라 위험” “국민이 주인인 자유민주주의는 승리”할 것이라며 시위대에게 싸울 것을 독려했다. 윤 대통령..",https://www.chosun.com/opinion/editorial/2025/01/03/I3IXCLMORBCKVHSXHRPXAFK6JI/?utm_source=bigkinds&utm_medium=original&utm_campaign=news,
01100801.20250103001610001,20250103,조선일보,조선일보,"[사설] 李 대표 비판은 ‘입틀막’한다니, 反민주당인가",정치>국회_정당, 정치>선거,,범죄>범죄일반>유괴/납치, 사회>사회갈등>대량학살,,"김웅,전,이,윤석열,김 전,이재명","경기지사,李","반민주,민주당,더불어민주당,대법원,페이스북","비판,대표,입틀막,민주당,더불어민주당,이재명,대표,비난,허위,정보,대응,온라인,플랫폼,민주,파출소,각종,제보,고발,대응,가짜,대응,가짜,대표,비판,고발,차단,목적,대표,조직,대응,주문,홈페이지,유치장,코너,대표,비판,고발,김웅,의원,얼굴,의원,페이스북,이재명,자신,친형,정신병원,감금,민주당,허위,사실,명예,훼손,혐의,고발,발언,가짜,대표,토론,친형,경기,지사,선거,토론,입원,정신,병원,강제,관여,항소심,허위,발언,당선,무효,대법원,TV,토론,거짓말,판결,대법원,발언,거짓,인정,언급,고발,유치장,감금,사진,교도소,코너,과거,대표,형수,욕설,녹음,파일,벌금형,사례,단체,대표,녹음,파일,처벌,대표,욕설,자체,사실,교도소,사진,민주당,행사,윤석열,대통령,행사,의원,참석자,경호팀,제지,입틀막,비판,자신들,대표,비판,입틀막,그동안,민주당,민주,행태,허위,보도,징벌,배상,명분,비판,언론,재갈,일방적,국제사회,인권침해,반대,금지법,대북,전단,처리,결정,결국,위헌,5,견해,처벌,통과,대표,체포,동의,통과,찬성,바람,의원,색출,학살,결국,총선,공천,민주당,대표,수사,검사들,무더기,탄핵소추,헌정사,피의자,수사,검사,탄핵,전무후무,사례,민주당,민주,세력,민주,행태,대표,비판,목소리,자체,시민들,위협","민주당,정신병원,입틀막,대법원,윤석열,유치장,이재명,파출소,페이스북,온라인,교도소","더불어민주당이 이재명 대표 등을 비난하는 허위 정보에 대응한다며 온라인 플랫폼 ‘민주 파출소’를 만들었다. 각종 제보를 받아 고발 등 대응한다는 것이다. 가짜 뉴스 대응이라고 했지만 실제로는 이 대표 비판 글을 고발하고 차단하기 위한 목적이 더 큰 것으로 보인다. “이 대표가 직접 조직적 대응을 주문했다”고 한다. 
 
홈페이지 ‘유치장’ 코너엔 최근 ..",https://www.chosun.com/opinion/editorial/2025/01/03/JIIEJFM6WVHFBLYH5O6FWH5SLI/?utm_source=bigkinds&utm_medium=original&utm_campaign=news,
01101101.20250103001056001,20250103,한국일보,,"[사설] 보수 잠룡 합쳐도 이재명 못 미쳐... 여당, 그 이유 돌아보라",정치>국회_정당, 정치>선거, 정치>청와대,,,,"오세훈,유승민,전광훈,이,윤,안철수,윤석열,홍준표,한동훈,이재명","광화문,대선주,잠룡,당하","정부,집권당,더불어민주당,비대위,한국일보,대국,국민의힘","보수,잠룡,이재명,여당,적합도,대선,주자,신년,여론,조사,대표,이재명,더불어민주당,지지율,국민,후보들,변수,사법,리스크,대표,압도,지지율,기록,12,정부,여당,민심,반영,윤석열,대통령,헌법,폭주,책임,통감,분골쇄신,마당,세력,탄핵,반대,의지,이재명,국민,개탄,새해,언론사,언론사,대선,주자,적합,조사,결과,대표,30%대,국민,후보들,자릿수,지지율,기록,홍준표,대구,시장,오세훈,서울,시장,한동훈,국민,대표,유승민,의원,안철수,의원,국민,후보,지지율,대표,지지율,조사,결과,혐의,공직선거법,위반,판결,논란,중도,확장,대표,독주,여당,계엄,달간,여당,행보,민심,정반대,계엄,대국민,사과,회복,헌정,질서,헌법,재판관,임명,반대,내란죄,수사,불응,대통령,행태,전광훈,목사,주최,집회,극우,단체,광화문,참석,탄핵,대통령,큰절,의원,여론조사,한국일보,신년,여론,조사,탄핵,대통령,찬성,73%,민심,외면,정도,20%,여론,탄핵,반대,집권당,포기,국민,나라,유일,세력,화합,쇄신,발언,권영세,비대,위원장,울림,국민,불신임,대통령,결별,화합,쇄신,언어도단,계엄,반성,탄핵,민심,미래,모색,사실","지지율,이재명,언론사,권영세,광화문,오세훈,홍준표,공직선거법,한국일보,적합도,더불어민주당,분골쇄신,전광훈,위원장",차기 대선주자 적합도에 대한 신년 여론조사에서 이재명 더불어민주당 대표의 지지율이 국민의힘 후보들을 모두 합한 것보다 앞선 것으로 나타났다. 사법 리스크 변수에도 이 대표가 압도적 지지율을 기록한 것은 12 3 불법 계엄으로 정부 여당에 등 돌린 민심의 반영이다. 윤석열 대통령의 반헌법적 폭주를 막지 못한 책임을 통감하고 분골쇄신해야 할 마당에 아직도 ..,https://www.hankookilbo.com/News/Read/A2025010211010001954,
01100401.20250103233124001,20250103,동아일보,,[사설]불법 계엄으로 나라 만신창이 한 달 아직도 “싸우겠다”는 尹,정치>청와대, 국제>중남미, 정치>국회_정당,사회>사회갈등>시위,,,"윤,윤석열","망상,서울,한남동,대한민국","유튜브,국회,대한민국,한국,법원,국민의힘","불법,계엄,나라,만신창,윤석열,대통령,관저,서울,한남동,대통령,관저,시간,탄핵,반대,시위,지지자들,자필,서명,편지,국회,탄핵소추,가결,사실상,대외,메시지,대통령,편지,나라,안팎,주권침탈세력,반국가세력,준동,대한민국,위험,법원,발부,체포영장,집행,불응,상황,강성,지지자,체포,저지,여론전,12,나라,만신창이,메시지,대통령,자기반성,책임감,직무,정지,대한민국,대통령,품격,그간,수사,탄핵심판,먼저,수사,자격,영장,불법,이젠,지지자,자신,집행,위험,선동,내란죄,혐의,체포영장,발부,처지,지지자들,난동,것쯤,별것,태도,대통령,지지자들,자유,민주주의,사랑,애국시민,호칭,반대,세력,실체,주권침탈세력,반국가세력,지칭,대립,관저,관저,집회,현장,지지자들,경찰,저지선,극렬,양상,편지,유튜브,실시간,부정,선거,음모,극단,주장,유튜브,매체,대통령,정상적,판단,가능,상태,의심,대목,극단,지지,대통령,행태,부끄러움,참담,수준,계엄,선포,국민,대의기관,유린,한국,민주주의,40여,과거,모습,세계,생중계,대통령,현직,대통령,수사기관,강제,지지,세력,경찰,충돌,장면,추락,국제,위상,국가,신인도,회복,치명상,국민,대통령,절연,주장,목소리,의원들,국민,극단,충돌,역사,대통령,기록,지도부,대통령,거리,모양새,외면,망상,망동,당원,정당,선거,당리,역사,국익,옹호,동조,정당,굴레","지지자,지지자들,민주주의,실시간,체포영장,유튜브,대한민국,주권침탈세력,당원,40여,서울,이젠,사실상,애국시민,모양새",윤석열 대통령이 1일 서울 한남동 대통령 관저 앞에서 24시간 탄핵 반대 시위를 하는 지지자들에게 자필 서명을 한 편지를 보냈다. 국회의 탄핵소추안 가결 이후 사실상 첫 대외 메시지다. 윤 대통령은 편지에서 “나라 안팎의 주권침탈세력과 반국가세력의 준동으로 대한민국이 위험하다”며 “여러분과 함께 끝까지 싸울 것”이라고 밝혔다. 법원이 발부한 체포영장 집..,https://www.donga.com/news/Opinion/article/all/20250102/130780149/2,
01100101.20250102183750001,20250102,경향신문,,"[사설] 올해 성장률 1.8%로 내린 정부와 국회, 추경 서둘라",경제>무역, 경제>취업_창업, 정치>정치일반,,,,"윤석열,이창용","미국,경기,12·3 비상계엄,비상계엄","미국,정부,기획재정부,국회,한국은행,한국,행정부","성장,1.8%,정부,국회,추경,서둘라,대통령,윤석열,후폭풍,비상계엄,사태,성장,쇼크,현실화,한국은행,전망,1.9%,정부,예고,정부,가능성,추가,경정,예산,편성,가능,시사,정치적,경제적,위기,상황,돌파,추경,기획재정부,2일,경제,정책,방향,국내총생산,새해,실질,총생산,GDP,증가율,1.8%,예상,전망,0.4%,포인트,정부,수출,악화,반도체,경쟁,주력,업종,심화,미국,트럼프,행정부,보호,무역,주의,기조,하방압력,작용,수출,증가,1.5%,8.2%,내수,소비,심리,위축,가계,부채,부담,변수,고용,사정,생산연령,감소,확대,취업자,증가,예상치,17만,12만,한마디,수출,내수,일자리,금융,외환,시장,지표,적신호,12,정치,경제적,성장,전망,정부,전망치,영향,대통령,탄핵,설명,미국,포브스,경제,전문,매체,계엄,대가,한국,국민,할부,예상,윤석열,내란,여파,시작,정부,이날,규모,공공,가용,재원,추가,투입,인하,상반기,자동차,개별,소비세,30%,세제,지원,확대,대응책,정책,대책,확대,반복,수준,전례,복합,위기,대책,역부족,직면,경제,위기,돌파,비상조치,총재,이창용,한국은행,추경,경기,침체,정책,정부,재정,시행,의미,이날,정부,경기보강방안,추가,경기,보강,방안,강구,긍정,상황,경기,만큼,정부,여야,추경,비상,경제,대책,논의,협의체,출범,경제,초당적,작금,위기,대응,실패,불황,터널,명심","한국은행,전망치,비상계엄,미국,행정부,윤석열,자동차,상반기,증가율,이창용,가능성,포브스","대통령 윤석열의 비상계엄 사태 후폭풍이 ‘성장률 쇼크’로 현실화했다. 지난해 11월 한국은행 전망치 1.9%보다 낮고, 정부도 1%대 저성장을 예고한 것이다. 정부는 추가경정예산 편성 가능성도 시사했다. 여 야 정은 정치적 경제적 위기 상황을 돌파할 추경을 서둘러야 한다.

기획재정부는 2일 발표한 ‘2025년 경제정책방향’에서 새해 실질 국내총생산(G..",https://www.khan.co.kr/article/202501021836001,
01101001.20250102183010002,20250102,한겨레,한겨레,[사설] ‘내란 비호 세력’ 자처하는 국무위원과 대통령비서실,정치>청와대, 정치>행정_자치, 정치>외교,,,,"김문수,유상임,정진석,김태규,윤석열,유철환,이완규,최상목","고성,삼청동,대한민국,비상계엄","고용노동부,한겨레,국회,법제처,과학기술정보통신부,저녁 서울,방송통신위,헌법재판소,대통령비서실,국민권익위,더군다나,국무위원,국무위","세력,내란,비호,자처,국무위원,대통령비서실,지난달,최상목,대통령,권한,대행,부총리,헌법,재판관,임명,참석자,국무,회의,고성,반발,대통령실,참모,항의,차원,일괄,사의,표명,대한민국,공직자,자들,위헌적,획책,방조,적법,헌법,재판관,임명,트집,한겨레,언론,보도,종합,권한,재판관,임명,국무회의,장관,김문수,고용,노동부,장관,유상임,과학기술정보통신부,직무대행,김태규,방송통신,위원장,직무,대행,유철환,국민,권익,위원장,이완규,법제,처장,헌법,재판관,임명,성토,김태규,직무,대행,일방적,결정,권한,사직,권한,위원들,권한대행,월권,주장,권한,헌법,재판관,임명,헌법,법률,사안,국무,회의,심의,국회,추천,3명,2명,선별,임명,비판,마당,월권,운운,국무위원,협의,주장,김태규,유철환,이완규,국무위원,배석자,윤석열,대통령,핵심,측근,공통점,이완규,처장,당일,비상계엄,해제,안가,서울,삼청동,비밀,회동,4인,1명,비서실장,정진석,대통령,참모진,헌법,재판관,임명,항의,차원,사의,표명,권한,만류,업무,복귀,대통령,독선,폭주,공동,책임,반성,헌법,재판관,임명,집단,항명,모습,말문,헌법,재판관,임명,반대,헌법재판소,심리,의결,정족수,충족,심판,윤석열,탄핵,방해,대통령,전략,재판,지연,일치,국민,봉사,공직자,윤석열,내란,우두머리,사병,자처,권한,나라,공직자,역할,중요,자신,직분,내란,비호,자들,권한대행,책무","김태규,윤석열,이완규,국무회의,공직자,2명,유철환,권한대행,김문수,위원장,자들,국무위원,재판관,부총리,대통령실,서울,삼청동,한겨레,비상계엄,3명,유상임,정진석,과학기술정보통신부,최상목","지난달 31일 최상목 대통령 권한대행 부총리가 헌법재판관 2명을 임명한 것을 두고, 당시 국무회의 참석자 일부가 고성을 지르며 반발했다고 한다. 대통령실 참모들도 항의 차원에서 일괄 사의를 표명했다. 대한민국 공직자라는 자들이 위헌적 내란 획책은 방조하더니, 이제 와선 적법한 헌법재판관 임명까지 트집 잡고 있다.
2일 한겨레를 비롯한 언론 보도를 종합하..",http://www.hani.co.kr/arti/opinion/editorial/1176064.html,
01101001.20250102181011001,20250102,한겨레,한겨레,"[사설] 물리적 충돌까지 선동하는 윤석열, 즉각 격리해야",국제>중남미, 국제>아시아, 정치>청와대,범죄>범죄일반>방화, 사회>사회갈등>시위,,"석동현,윤석열,검찰총장","서울,한남동","동원,변호인단,고위공직자범죄수사처,경찰기동대,군대,더불어민주당,국회,법원,민병대,이대,공수처,자원,대한민국,공조수사본부,경호처","물리,충돌,선동,윤석열,격리,내란,우두머리,윤석열,피의자,대통령,관저,시위대,탄핵,반대,독려,고위공직자범죄수사처,공수처,체포,영장,집행,저지,지지자들,주문,해석,대통령,검찰,총장,출신,법원,발부,영장,거부,어이,집행,수사기관,물리,충돌,사실,선동,상황,방치,대통령,관저,서울,한남동,대통령,관저,시위대,편지,주권침탈세력,반국가세력,준동,대한민국,위험,나라,위헌적,계엄령,군대,인사들,경찰,고위급,인사,구속기소,반성,기색,자신,나라,위험,무책임,후안무치,변호인들,궤변,석동현,변호사,무대,관저,집회,여론전,체포영장,불법,무효,주장,변호인단,입장문,경찰기동대,공수처,체포,수색영장,집행,직권남용,공무,집행,방해죄,현행범,경호처,시민,체포,주장,사실,시위,경찰,공격,폭동,선동,대통령,변호인단,선동,시위대들,조짐,유튜버,리터,휘발유,드럼통,심지,폭발,반경,불바다,새총,쇠파이프,화염병,짱돌,방어,자원,확보,유튜버,민병대,조직,결사,저지,주장,동원,국회,침탈,내란,자신,지지,시위대,발판,내란,선동,더불어민주당,물리,충돌,돌발,상황,의원들,소속,의원,비상대기령,공수처,공조수사본부,피의자,사회,격리,선동,지체,공동체,위험","시위대,공수처,피의자,유튜버,현행범,체포영장,변호인단,윤석열,휘발유,고위급,서울,불바다,새총,쇠파이프,화염병,변호인,짱돌,변호인들,공직자,구속기소,드럼통,고위공직자범죄수사처,비상대기령,후안무치,계엄령","‘내란 우두머리’ 피의자 대통령 윤석열이 관저 앞에 모인 탄핵 반대 시위대를 독려하며 끝까지 싸우겠다고 밝혔다. 고위공직자범죄수사처(공수처)의 체포영장 집행이 임박하자 이를 저지해달라고 지지자들에게 주문한 것으로 해석된다. 검찰총장 출신 대통령이 법원이 발부한 영장을 거부하는 것도 어이가 없는데, 법을 집행하는 수사기관을 향한 물리적 충돌을 사실상 선동..",http://www.hani.co.kr/arti/opinion/editorial/1176055.html,
01100901.20250102011113001,20250102,중앙일보,,[사설] 재판관 임명 일단락 이제 국정 안정에 총력 쏟을 때,정치>청와대, 정치>행정_자치, 정치>선거,,,,"김,박근혜,정진석,윤석열,김건희,최,최상목,명태균","무안,청산,비상계엄","민주당,헌법재판소,대통령비서실,헌재,국회,대한변협,제주항공,중앙일보-엠브레,국민의힘","일단락,재판관,임명,국정,안정,총력,세력,대통령실,최상목,여야,추천,특검,수사,대상,조정,타협을,권한대행,최상목,대통령,권한,대행,헌법,재판관,임명,헌법재판소,탄핵심판,윤석열,대통령,탄핵,심판,본궤도,대행,야당,추천,후보,임명,보류,정치,현실,나름,최선,선택,평가,헌재,탄핵심판,박근혜,대통령,탄핵,심판,체제,재판관,판결,헌재,국민,수용,별문제,일각,대행,권한,결정,반발,대행,헌법,재판관,임명,동시,특검,특검,김건희,여사,거부권,행사,대행,헌법재판관,임명,권한,법안,거부,행사,특검,거부,옹호,헌법,재판관,임명,비판,앞뒤,대행,헌법재판관,임명,국무회의,인사들,불만,표시,정진석,대통령,비서실장,참모들,대통령실,고위,참모,항의,차원,대행,사의,표시,대행,공격,인사,진영,논리,함몰,민심,중앙일보,엠브레인퍼블릭,여론조사,여론,대통령,탄핵,찬성,67%,탄핵,반대,28%,압도,개인,차원,대통령,운명,결심,자유,선거,정당,국민,절대다수,의견,충돌,방향,무모,탄핵,정국,불씨,헌법,재판관,임명,해결,정부,여야,국정,안정,총력,탄핵,심판,헌재,최대,현안,무안,제주,항공,참사,수습,경제,외교,안보,처리,민주당,발의,습관,탄핵,중단,국정,운영,책임,자세,촉구,국회,내란,김건희,특검,여야,타협,국민,지적,야당,특검,추천,정치,중립,대법원장,대한변협,형식,추천,특검,임명,수사,대상,광범위,특검,비상계엄,비상계엄,의혹,수사,대상,특검,여사,의혹,명태균,선거,개입,15건,특검,여당,반발,여당,과장,청산,문재인,정권,시절,적폐,민주당,수사,대상,현실적,조정,국민,독소조항,제거,독자,특검,발의,협의","헌법재판관,재판관,대통령실,최상목,무안,민주당,명태균,비상계엄,거부권,문재인,인사들,정진석,박근혜,윤석열,탄핵심판","━
 친윤 세력과 대통령실의 최상목 흔들기 멈춰야 
 
 ━
 여야, 특검 3자 추천하고 수사 대상 조정 타협을 
 최상목 대통령 권한대행이 그제 헌법재판관 2명을 임명하면서 헌법재판소의 윤석열 대통령 탄핵심판이 본궤도에 오를 수 있게 됐다. 비록 최 대행이 야당 추천 후보 1명은 임명을 보류했지만, 정치 현실을 고려하면 나름 최선의 선택을 한 것으로 ..",https://www.joongang.co.kr/article/25304549,
01100801.20250102002551001,20250102,조선일보,조선일보,"[사설] 尹 자진 출두하고, 공수처와 판사는 정치하지 말아야",정치>청와대, 사회>사건_사고,,,,,윤석열,,"서부지법,서울중앙지법,공수처,헌법재판소,청구,서울서부지법,법원,우리법연구회,경호처","출두,자진,공수처,판사,정치,법원,공수처,청구,윤석열,대통령,체포,영장,집행,수색,영장,발부,판사,수색,영장,형사,소송법,적용,예외,기재,대목,논란,조항,군사상,공무상,비밀,시설,자료,책임자,승낙,압수수색,그동안,경호처,조항,근거,대통령실,압수,수색,거부,판사,체포,대통령,수색,이례적,판사,적용,조항,예외,권한,헌법재판소,위헌,결정,법률,효력,정지,영장,포함,체포,영장,압수,수색,영장,집행,근거,판사,과도,지침,해석,사족,위법,논란,자초,대통령,사법,신뢰,침해,중대,사안,반발,공수처,판사,쇼핑,논란,공수처법,공수처,기소,사건,재판,서울중앙지법,관할,규정,대통령,체포,영장,서울서부지법,청구,영장,발부,판사,진보,성향,판사,모임,출신,공수처,판사,영장,청구,의혹,제기,공수처,대통령,관저,관할,법원,서부지법,이례적,공수처,판사,정치,느낌,대통령,상황,체포,영장,불법,헌재,권한쟁,심판,체포,영장,효력,정지,신청,사실,체포,영장,집행,대통령,절차,제기,영장,법원,발부,불응,차원,불응,영장,집행,질서,상황,공수처,출석,요구,차례,묵살,대통령,만일,대통령실,집행,체포,영장,불상사,대통령,방치,무책임,대통령,집행,체포,영장,집행,자진,출석,조사,논란,판단,사법기관,절차,본인,입장,소명,대통령","공수처,대통령실,압수수색,윤석열,재판소,공무상,헌법재판소,소송법,책임자,서울,권한쟁,사법기관,군사상","법원이 공수처가 청구한 윤석열 대통령 체포 영장과 이를 집행하기 위한 수색 영장을 발부했다. 그런데 판사가 수색 영장에 ‘형사소송법 110조, 111조 적용은 예외로 한다’고 기재한 대목이 논란이 됐다. 두 조항은 ‘군사상 공무상 비밀 시설과 자료는 책임자 승낙 없이 압수수색하지 못한다’는 내용이다. 그동안 경호처는 이 조항을 근거로 대통령실 압수수색을..",https://www.chosun.com/opinion/editorial/2025/01/02/DS2VO2MPZVGLBAY7WC5BQ22AI4/?utm_source=bigkinds&utm_medium=original&utm_campaign=news,
01101101.20250102001056001,20250102,한국일보,,[사설] 대통령실 참모들 사의...최상목 대행 흔드는 집단항명 아닌가,정치>외교, 정치>청와대, 정치>행정_자치,,,,"유일한,윤,정진석,성태윤,권성동,신원식,최,최상목,정상화",,"정부,방송통신위,국회,헌재,국가안보실,대법원,국무위,국민의힘","최상목,대행,집단항명,참모들,대통령실,고위,참모,최상목,대통령,권한,대행,사의,정진석,비서실장,성태윤,정책,실장,신원식,국가,안보,실장,장호진,외교,안보,특보,수석,비서관,전원,권한대행,권한,대행,국회,선출,3명,헌법,재판관,후보자,2명,임명,대통령실,항의,헌법,재판관,임명,대통령실,고위,관계자,권한대행,자제,권한,범위,직격,대행,헌법,대통령,권한,헌법,재판관,임명,헌재,대법원,인정,권한,행사,대행,헌법,지위,권한,무시,대통령실,참모,언행,성격,집단,항명,공직자,신분,망각,헌재,정상,결과,대통령,탄핵,심판,대내외,해소,유일,방편,대행,국무위원들,눈물,재판관,임명,강행,취지,대통령실,참모,대행,반기,민심,본분,결정,대행,반발,권성동,국민,원내대표,국정,안정,정부,협의,역할,마당,대통령,선포,불법,계엄,나라,비상시국,탄핵,초래,대통령,보좌,책임,대통령실,참모,계엄,대통령,국정,실책,쓴소리,참모,이야기,정치권,회자,대행,용기,오판,대통령,저지,국정안정,정치,행동,대행,무책임,공직자,행태,가관,직무대행,김태규,방송통신,위원장,직무,대행,결정,대행,반발,사표,대통령,발탁,공직자들,소명,의식,수준,정권,지경,여권,자중지란,대행,중심,공직기강,국정,안정,매진","대통령실,공직자,권한대행,김태규,후보자,재판관,최상목,성태윤,신원식,장호진,대내외,자중지란,참모들,3명,관계자,원내대표,비서실장,정진석,공직기강,위원장,방송통신","대통령실 고위 참모들이 어제 최상목 대통령 권한대행에게 사의를 밝혔다. 정진석 비서실장, 성태윤 정책실장, 신원식 국가안보실장과 장호진 외교안보특보, 수석비서관 전원이다. 전날 최 권한대행이 국회가 선출한 헌법재판관 후보자 3명 중 2명을 임명한 데 대한 대통령실 항의와 무관하지 않다. 헌법재판관 임명 직후 대통령실 고위 관계자는 “권한대행으로서 마땅히..",https://www.hankookilbo.com/News/Read/A2025010116330005494,
01101101.20250102001055001,20250102,한국일보,,"[사설] 불상사 우려되는 체포 집행 윤 대통령, 지지자 뒤 숨지 말아야",정치>청와대, 국제>중남미, 국제>아시아,,,,윤석열,"한남동,대치","공수처장,고위공직자범죄수사처,공수처,경찰,헌정사,민주노총,국방부 조사본부,공조수사본부,법원,경호처","불상사,체포,집행,대통령,지지자,헌정사,현직,국가,원수,체포영장,집행,윤석열,대통령,체포영장,불법,불복,예고,고위공직자범죄수사처,공수처,의지,집행,보수,진보,단체,플래카드,난무,주변,한남동,관저,지지자들,대통령,지지자,결사옹위,태세,민주노총,체포,대치,상황,체포영장,집행,충돌,배제,만큼,긴장,분위기,공수처,경찰,국방부,조사본부,구성,공조수사본부,법원,발부,대통령,체포,영장,기한,6일,체포,시도,가능성,오동운,공수처장,출근길,새해,첫날,체포,방해,공문,경호처,경호처,집행,자체,공무집행방해,체포,현직,대통령,초유,집행,불상사,제기,관저,정문,지지자들,가능성,물리,저항,가능,대통령,경호처,협조,여부,불투명,충돌,발생,자체,체포,영장,집행,사회,갈등,분열,불씨,여론,체포,실패,대통령,비판,체포,도중,모습,연출,지지자들,흥분,상태,사태,마무리,수순,갈등,폭발,전적,대통령,관저,지지자들,관저,지지자,서신,도움,호소,집행,대통령,진정,국면,혼란,갈림길,사이,중대,정국,나라,지지자들,자극,위력,집행,모면,생각","지지자,체포영장,지지자들,가능성,경호처,공수처,한남동,첫날,불상사,공조수사본부,고위공직자범죄수사처,조사본부,공직자,수사본부,국방부,민주노총,플래카드,만큼,수사처,갈림길,공수처장,불투명,출근길","헌정사 최초로 현직 국가원수에 대한 체포영장 집행이 임박했다. 윤석열 대통령은 체포영장이 불법이라며 불복을 예고하고 있고, 고위공직자범죄수사처(공수처)는 법 집행 의지를 다지고 있다. 이런 가운데 보수와 진보 단체들의 플래카드가 어지럽게 난무하는 한남동 관저 주변에선 윤 대통령 지지자들이 ‘결사옹위’ 태세를 갖췄고, 민주노총은 “직접 체포에 나설 것”이..",https://www.hankookilbo.com/News/Read/A2025010114340002521,
01100401.20250102233047001,20250102,동아일보,,[사설]대통령실 ‘일괄 사의’ 항의 軍 동원해 헌정 유린할 땐 뭐 했나,정치>청와대, 정치>행정_자치, 정치>선거,사회>사회갈등>시위,,,"정진석,윤석열,최,최상목","여도,망상","동원,정부,헌법재판소,국회,한국,국무위원,선거관리위원회,국무위","사의,대통령실,일괄,항의,동원,헌정,유린,정진석,비서실장,대통령실,수석비서관,참모진,수석,비서관,사의,일괄,권한대행,최상목,대통령,권한,대행,2명,헌법,재판관,임명,권한,범위,반발,사의,항의,집단,고위,관계자,대행,독단적,결정,납득,유감,국무,국무위원,대행,상의,결정,항의,대행,대통령실,국무위원,반발,혼란,해결,몰지각,정부,사실,대목,비서,직무,정지,대통령,비서,참모,그간,윤석열,대통령,침묵,자격,바깥,볼멘소리,의문,2년,대통령,운영,독선,국정,행보,대결,정치,책임,맹목적,추종,침묵,일관,대통령실,참모,비서,국무위원들,근거,음모론,혼자,망상,대통령,군대,동원,국회,선거관리위원회,헌법기관,유린,참모,대행,선택,불만,국회,3명,헌법,재판관,후보,2명,임명,여야,사이,권한대행,대행,처지,행보,대통령,무모,행동,훼손,한국,민주주의,국가,신인,위기,경제,정치,혼란,조기,수습,신속,공정,탄핵,심판,상황,헌법재판소,의결,정족수,조치,결정,반발,사표,무기,시위,행태,반성,확인,대통령실,정당,정치,결사체,정당,정치,신의,의리,평가,정부,충성,대상,임명권자,국가,국민,헌법,관계자,대통령실,고위,판단,정치,가치,일방적,대행,비판,스스로,탄핵,대통령,정치,진짜,참모,대통령,분열,정치,설득","대통령실,2명,권한대행,참모진,수석비서관,국무위원,재판관,3명,결사체,최상목,관계자,볼멘,한국,음모론,위원회,정족수",정진석 비서실장 등 대통령실 3실장과 수석비서관 이상 참모진이 1일 일괄 사의를 밝혔다. 최상목 대통령 권한대행이 전날 헌법재판관 2명을 임명한 데 대해 “권한 범위를 벗어난 일”이라고 반발한 데 이은 항의성 집단 사의다. 한 고위 관계자는 “최 대행이 왜 이런 독단적인 결정을 했는지 납득하기 어렵다”며 거듭 유감을 나타냈다. 전날 국무회의에선 일부 국..,https://www.donga.com/news/Opinion/article/all/20250101/130771247/2,
01100401.20250102232724001,20250102,동아일보,,[사설]檢 총장 출신 대통령의 ‘영장 불복’ 말이 되나,정치>청와대, 국제>중남미, 국제>미국_북미,,,,"윤,윤석열,검찰총장",비상계엄,"동원,고위공직자범죄수사처,검찰,대통령경호처,법원,경호처","총장,출신,대통령,영장,불복,법원,윤석열,대통령,체포,수색영장,발부,대통령경호처,영장,집행,취지,적시,파악,고위공직자범죄수사처,근거,사상,헌정,현직,대통령,체포영장,집행,방침,대통령,영장,불법,무효,판사,영장,발부,직무,배제,징계,주장,법원,영장,기재,형사,소송법,111조,적용,예외,문구,군사,비밀,장소,압수,수색,직무,비밀,규정,압수,제한,적용,조항,대통령경호처,대통령실,안가,압수수색,근거,집행,애당초,체포영장,대통령,신병,확보,군사상,공무상,비밀,수색영장,대통령,관저,출석,조사,거부,체포,영장,집행,수색,발부,대통령,명분,권한쟁,심판,신청,효력,정지,영장,징계,요구,대통령,검사들,검찰,총장,시절,검사,권력자,좌고우면,공정,집행,강조,신분,현직,대통령,수사당국,출석,요구,법원,발부,영장,효력,부인,어이,경호처,영장,집행,불법,현직,대통령,체포,영장,발부,참담,집행,국가기관,물리,충돌,꼴불견,대통령,검찰,출신,사법,판단,불상사,초래,책임,비상계엄,가담,군경,관계자,구속,정점,대통령,동원,수사,회피,헌법,수호자,대통령,영장,불복","체포영장,군사상,경호처,검사들,대통령경호처,수색영장,비상계엄,고위공직자범죄수사처,공직자,관계자,소송법,불상사,권력자,좌고우면,권한쟁,111조,수사처",법원이 윤석열 대통령에 대한 체포 수색영장을 발부하며 ‘대통령경호처가 영장 집행을 막을 수 없다’는 취지의 내용을 적시한 것으로 파악됐다. 고위공직자범죄수사처는 이를 근거로 이르면 2일 헌정 사상 처음으로 현직 대통령에 대한 체포영장 집행에 나설 방침이다. 윤 대통령 측은 이에 “영장은 불법이고 무효”라며 영장 발부 판사를 “직무에서 배제하고 징계해야 ..,https://www.donga.com/news/Opinion/article/all/20250101/130771251/2,
01101001.20250101184009001,20250101,한겨레,한겨레,"[사설] ‘8인 체제’ 이룬 헌재, ‘윤석열 탄핵’ 압도적 민심 새겨야",정치>청와대, 정치>행정_자치, 정치>선거,,,,"정계선,윤석열,조한창,마은혁,최상목",,"중앙선거관리위원회,동원,헌법재판소,헌법소원,헌재,국회,전원재판부","체제,헌재,윤석열,탄핵,압도,민심,정계선,조한창,헌법재판관,임명,헌법재판소,정족수,논란,윤석열,대통령,탄핵,심판,심리,본격화,헌정,질서,파괴,대통령,파면,국민,요구,헌재,책임감,탄핵심판,신속,마무리,권한대행,최상목,대통령,권한,대행,임명,헌법,재판관,2일,임기,시작,재판관,퇴임,헌재,재판관,불안정,체제,헌법재판소법,재판관,출석,사건,심리,심리,적법,논란,6명,1명,반대,탄핵,인용,정족수,지점,재판관,추가,임명,탄핵,심판,심리,결정,법률,요건,충족,권한,국회,추천,재판관,임명,헌법,법률,근거,독단,행태,비판,행위,선례,유사,논란,재발,국회,선출,재판관,임명,행정,부작위,공정,헌법재판,권리,침해,헌법소원,제기,헌재,전원,재판부,회부,헌재,판단,재판관,임명,대통령,헌법,의무,제외,후보자,마은혁,재판관,임명,권한,후보자,추가,임명,절차적,시비,해소,대통령,노골적,전략,재판,지연,심리,변수,전망,대통령,그간,탄핵,심판,서류,수취,거부,변론,준비,기일,자료,제출,거부,재판,진행,꼼수,국민,총부리,대통령,파면,민심,압도적,공개,여론조사,언론사,신년,여론,조사,탄핵,대통령,인용,파면,의견,70%,안팎,위헌,위법적,비상계엄,선포,경찰,동원,국회,봉쇄,활동,방해,헌법기관,중앙선거관리위원회,침입,중앙,선거,관리,위원회,수색,사유,탄핵,인용,헌재,대통령,방해,노골,재판,제지,심리,진행,국가,위기,국민,불안,해소","재판관,탄핵심판,정족수,윤석열,헌법재판관,후보자,그간,언론사,중앙선거관리위원회,정계선,최상목,6명,마은혁","지난 31일 정계선 조한창 헌법재판관이 임명되면서, 헌법재판소가 정족수 논란에서 벗어나 윤석열 대통령 탄핵심판 심리를 본격화할 수 있게 됐다. 헌정 질서를 파괴한 윤 대통령을 파면해야 한다는 국민적 요구가 거세다. 헌재는 무거운 책임감을 갖고 탄핵심판을 신속하고 엄정하게 마무리해야 한다.
최상목 대통령 권한대행이 임명한 헌법재판관 2명은 2일부터 임기를..",http://www.hani.co.kr/arti/opinion/editorial/1175879.html,
01101001.20250101182005002,20250101,한겨레,한겨레,[사설] 윤석열 체포 방해는 ‘제2의 내란’이다,정치>청와대, 국제>중남미, 사회>사건_사고,,,,"양심이,윤석열",,"공수처장,동원,고위공직자범죄수사처,공수처,헌법재판소,청구,법원,사법부,경호처","방해,윤석열,체포,제2,내란,고위공직자범죄수사처,공수처,법원,발부,우두머리,피의자,대통령,윤석열,체포영장,기한,집행,기한,6일,대통령,불법,영장,불응,예고,절차,사법부,발부,영장,당사자,부정,저항,국가,법치,자체,법치,위험,무법천지,공수처,주범,처벌,물론,법치,수호,신속,체포영장,집행,대통령,그동안,공수처,권한,내란죄,수사,억지,주장,수사,법원,영장,발부,주장,자리,수사,불응,명분,법원,체포영장,영장,110조,형사,소송법,적용,예외,명시,조항,군사,비밀,공무원,직무,비밀,압수수색,제한,규정,그동안,경호처,대통령실,경호처,안가,압수수색,근거,법원,피의자,체포,영장,조항,적용,경호처,체포,대통령,빌미,경호처,영장,집행,방해,불법,처벌,오동운,공수처장,이날,집행,방해,직권,남용,권리,행사,방해죄,특수,공무,집행,방해죄,의율,경고,공문,경호처,전달,내란범,처벌,수사,국가기관,방해,행위,연장,조항,형법,내란죄,절차,소멸,국헌문란,정의,물리력,영장,집행,무력화,내란,범죄,대통령,체포영장,대통령,권한,국가,긴급,행사,침해,헌법재판소,권한쟁의심판,청구,위헌,위법적,계엄령,선포,권한,행사,구제불능,처벌,지연,법기술,동원,행태,수준,철면피,잡범,관저,극렬,지지자,영장,집행,방해,태세,방패막이,심산,치졸,검사,출신,현직,대통령,양심,집행","경호처,방해죄,공수처,내란죄,체포영장,윤석열,그동안,피의자,철면피,110조,압수수색,방패막이,위법적,국헌,국헌문란",고위공직자범죄수사처(공수처)는 1일 법원이 전날 발부한 내란 우두머리 피의자 대통령 윤석열의 체포영장을 “기한 내에 집행하겠다”고 밝혔다. 기한은 오는 6일까지다. 윤 대통령 쪽은 “불법 영장”이라며 불응을 예고했다. 법 절차에 따라 사법부가 발부한 영장을 당사자가 부정하고 저항한다면 국가의 법치 시스템 자체가 위험에 처한다. 말 그대로 무법천지가 되는..,http://www.hani.co.kr/arti/opinion/editorial/1175877.html,
01100101.20250101181646001,20250101,경향신문,,[사설]대통령실 참모들 사표 수리하고 내란 연루 여부 수사하라,정치>청와대, 정치>행정_자치, 정치>외교,,,,"정진석,성태윤,석동현,윤석열,신원식,최상목",,"친위,변호인단,쿠데타,공수처,청와대,청구,국회,헌재,국가안보실,법원","대통령실,참모,사표,수리,수사,연루,여부,비서실장,대통령실,정진석,성태윤,정책,실장,신원식,국가,안보실장,장호진,외교,안보,특보,수석,비서관,전원,부총리,최상목,대통령,권한,대행,사의,표명,대통령실,권한대행,권한,대행,공석,국회,국회,헌법,재판관,2명,임명,헌재,정원,1명,체제,재판관,권한대행,대행,직위,자제,권한,범위,유감,반발,전원,대통령실,수석,비서관,참모,이날,사의,표명,연장선,대통령실,참모,행태,탄핵심판,내란,수사,지연,대통령,윤석열,시도,윤석열,헌재,탄핵,서류,탄핵,수차례,서류,송달,간주,헌재,변론준비기일,변호인단,탄핵심판,윤석열,윤석열,석동현,변호사,대통령,권한,대행,공석,헌법재판관,임명,주장,재판관,1명,반대,탄핵안,기각,재판관,전원,탄핵,찬성,탄핵,정족수,생각,윤석열,수사,탄핵심판,공수처,수사,이중,태도,공수처,출석,요구,불응,공수처,청구,체포영장,법원,발부,권한쟁의심판,청구,효력,정지,신청,변호인,비상계엄,강변,탄핵심판,수사,극우,지지,결집,반전,도모,국가,혼란,참모들,대통령실,고위,참모,동조,윤석열,교감하,의심,권한,이날,청와대,고위,참모,표명,민생,국정안정,매진,생각,사표,수리,계획,헌정,질서,회복,국가,혼란,조기,수습,우두머리,사익,자리,국정,자격,12,책임,차원,대통령,직무,정지,윤석열,국정,음성적,관여,차단,대행,전원,사표,수리,내각,중심,국정,관리,공수처,정진석,실장,대통령실,참모,여부,내란,관여,수사","대통령실,윤석열,재판관,공수처,권한대행,헌법재판관,탄핵심판,정진석,참모들,장호진,신원식,성태윤,1명,최상목,정족수,석동현,탄핵안","대통령실 정진석 비서실장, 성태윤 정책실장, 신원식 국가안보실장, 장호진 외교안보특보와 수석비서관 전원이 1일 최상목 대통령 권한대행 부총리에게 사의를 표명했다. 대통령실은 전날 최 권한대행이 공석인 국회 몫 헌법재판관 3명 중 2명을 임명해 헌재가 정원에서 1명 모자란 재판관 8인 체제가 되자 “권한대행의 대행 직위에서 마땅히 자제돼야 할 권한의 범위..",https://www.khan.co.kr/article/202501011815021,
01100101.20250101181545001,20250101,경향신문,,[사설] 최상목은 국회에 사과하고 마은혁 헌법재판관 임명해야,정치>행정_자치, 정치>청와대, 정치>선거,,,,"노무현,정계선,권한,박근혜,윤석열,마은혁,최,최상목",,"수뇌부,헌법재판소,경찰,더불어민주당,국회,헌재,대법원,국민의힘","최상목,국회,사과,임명,마은혁,헌법,재판관,권한대행,최상목,대통령,권한,대행,국회,선출,3인,정계선,헌법,재판관,후보자,조한창,후보자,세밑,임명,마은혁,후보자,여야,합의,확인,대로,임명,임명,보류,헌법,근간,삼권,분립,원칙,위헌,행위,대통령,윤석열,반헌법적,범죄,헌정,상황,권한대행,헌법,무시,제2항,헌법,헌법재판소,법관,자격,9인,재판관,구성,재판관,대통령,임명,제2항,재판관,3인,국회,선출,3인,대법원장,지명,임명,적시,국회,선출,3인,재판관,임명,대통령,재량권,행사,영역,의무적,이행,사안,대법원,헌법재판소,해석,헌법,재판관,임명,대통령,권한,헌법,재판관,3인,대통령,지명,3인,대법원장,지명,3인,국회,선출,구성,명시,권한,대통령,의무적,이행,재판관,임명,권한,특정,후보자,임명,보류,여야,합의,종용,여당,한참,국회,적법,절차,3명,재판관,선출,주지,사실,국회,3명,국회,2명,더불어민주당,정계선,마은혁,1명,국민,조한창,추천,여야,합의,인사청문,절차,국회,본회의,권한,국회,후보자,사과,후보자,재판관,임명,내란,진행,윤석열,직무,정지,막강,영향력,행사,자신,명령,경찰,수뇌부,구속,수사,거부,지지자들,선동,정치,내전,획책,민주주의,민생,누란,위기,2명,재판관,임명,헌재,체제,다행,헌재,심리,윤석열,탄핵,심판,속도,수괴,파면,작금,헌정,혼란,92일,소요,박근혜,노무현,대통령,탄핵심판,신속,결정","재판관,후보자,윤석열,3인,마은혁,탄핵심판,2명,권한대행,3명,정계선,제2항,최상목,재판소,조한창,본회의,지지자들,수뇌부,지지자,민주주의",최상목 대통령 권한대행이 국회가 선출한 헌법재판관 후보자 3인 가운데 정계선 조한창 후보자를 지난 세밑에 임명했다. 마은혁 후보자에 대해서는 “여야 합의가 확인되는 대로 임명하겠다”며 임명을 보류했다. 헌법의 근간인 삼권분립 원칙에 어긋나는 위헌적 행위다. 대통령 윤석열의 반헌법적 내란 범죄로 헌정이 어지러운 상황에서 권한대행마저 헌법을 대놓고 무시하는..,https://www.khan.co.kr/article/202501011815011,
01100101.20250101060526001,20250101,경향신문,,"[신년 사설] 12 14 시민혁명의 힘, 국가 대개혁의 길로",정치>청와대, 정치>국회_정당, 국제>아시아,범죄>범죄일반>방화, 범죄>범죄일반>살인, 사고>산업사고>화재,"권한,윤석열,김용현,최상목","사도,중국,민주공화국,강남역,부산,군함도,이태원,응원봉,사방천지,대전,망상,캠프데이비드,남태령,내란도,장악,미,대구,서문시장,대한민국,일,한","노벨상,북,뉴라이트,신한국당,검찰,국회,감사원,법원,북한,선관위,조,한반도,한·일관계,보수1당,정부,헌법재판소,동서,집권당,헌재,민정당,대한민국,방심위,국민의힘,용산","12,국가,길로,윤석열,내란,조기,진압,민주,민생,민족,열자,새해,세상,혼돈,대통령,윤석열,12,179명,여객기,참사,가슴,진실,20일,미국,우선주의,깃발,정부,트럼프,출범,대한민국,격동,진퇴,절체절명,대전환점,역사,반동,윤석열,국회,장악,제2,계엄,예고,야구방망이,오랏줄,선관위,체포조,북파공작원,국민,생중계,내란죄,증거,윤석열,계엄,야당,경고,궤변,법꾸,수사,방해,법원,체포영장,발부,윤석열,망상,망동,위험,수사당국,헌법재판소,구속,파면,내란,조기,진압,권한대행,최상목,대통령,권한,대행,소임,헌재,정상,어둠,시민,장갑차,맨몸,겨울,광장,민주주,콘서트,남태령,소수자들,농민들,트랙터,시위,여성,세월,참사,강남역,살인,사건,이태원,참사,생존자,노동자,부산,집회,청소년,순간,나라,사랑,학원,물떡,일상,민주주의,국밥집,대구,서문시장,국밥,윤석열,사진,짱돌,촛불,응원봉,4,5,6,박근혜,촛불,시민혁명,국회,국회,인파,국격,언어,연결,노벨상,수상,한강,언어,윤석열,탄핵,헌정,질서,윤석열,집권,국가,지향,이념,동서,문명사,공산전체주의,허깨비,야당,비판,시민,단체,언론,반국가세력,민주주,검찰,감사원,윤석열,뉴라이트,창궐,방심위,입틀막,윤석열,직간접적,연루,김건희,상병,특검,6번,권력,사유화,임기,첫해,국가,세력,타령,계엄,선포,김건희,명태균,국정농단,윤석열,내란,정치,도박,자멸,지점,시민,종주,국민의힘,용산,독단,불통,책임,내란도,비호,친윤당,내란범,김용현,변호,지연술,헌재,심판,윤석열,명예,탈출,노태우,김영삼,김종필,김영삼,신한국당,모태,보수1당,전두환,민정당,퇴조,사과,진실,인정,약속,집권당,벼랑,개헌론,국민,20%,윤석열,지지,세력,역사,심판대,명심,사방천지,경제,환율,주가,추락,내수,수출,자영업자,연체,가계빚,위험선,부자감세,재정,존재감,추경,민생,국정,약자,외환,위기,금융,위기,위기,국가,부자들,소상공인,서민,피눈물,평화,난세,남북,적대국,한반도,군사동맹,중국,협력,각축장,윤석열,일변도,가치,외교,변곡점,트럼프,예측불허,북한,통미봉남,시작,수교,미래,지향,윤석열,과거사,면죄부,군함,사도광산,뒤통수,외교참사,캠프데이비드,합의,서명,정상,새해,외교,상상,헌법,그릇,윤석열,내란,헌법,미완성,허점,대통령,권한,제왕,문민통제,대통령,권한,대행,헌법,명문화,37년,헌법,아빠,육아휴가,AI,인공지능,비정규직,반려동물,기후위기,존엄사,낙태,자율주행차,출발선,생명,조항,헌법,주어,국민,거주,외국인,헌재,판결,국민,헌법,헌법,재판관,해석,판정,땜질,개헌,시민계약,민주공화국,5명,대권,주자,공약,개헌,당략,물거품,교훈,권력,분권,기본권,연내,내년,지방,선거,대선,구속력,개헌,로드맵,나라,백척간두,낭떠러지,혼돈,첫발,윤석열,단죄,국가,저출생,고령화,사회,공생,그림,21세기,성장동력,인구,기후,위기,지역,소멸,의료대란,싸움,이념,세대,남녀,세상,통합,발등,화두,용광로,대선,제압,전화위복,대한민국,리더십,주권자,민주,민생,민족,새해,기원","윤석열,김영삼,대한민국,김건희,민주주,반국가세력,자영업자,내란죄,5명,대구,서문시장,시민혁명,노태우,일변도,최상목,외국인,첫해","‘윤석열 내란’ 조기 진압하고, 민주 민생 민족의 봄 열자



새해가 밝았다. 그러나 세상은 혼돈 속이다. 대통령 윤석열의 12 3 내란이 끝나지 않았다. 179명을 앗아간 여객기 참사는 가슴으로 함께 울고 넋을 기릴 뿐, 그 진실의 끝을 모른다. 20일 지나면, ‘미국 우선주의’ 깃발을 걸고 2기 트럼프 정부가 출범한다. 대한민국이 격동, 진퇴, 절..",https://www.khan.co.kr/article/202501010600031,
01100901.20250101013423001,20250101,중앙일보,,"[사설] 참담한 심정으로 맞은 새해, 87년 체제 극복의 원년 돼야",정치>청와대, 정치>행정_자치, 정치>국회_정당,사고>교통사고>항공사고,,,"노무현,박명림,박근혜,윤석열,태재대,정의화,염재호,한덕수,유인태,도널드 트럼프,최상목,이재명","미국,피크,한국,무안공항,Korea","검찰,중앙일보-엠브레인퍼블릭,더불어민주당,연세대,국회,제주항공,한국,의회,계엄사,정부,청와대,기획재정부,백악관,헌재,대한민국,대국","참담,심정,새해,극복,체제,원년,돼야,대통령,총리,직무,정지,상태,최악,항공기,참사,사회,정쟁,시급,권력,독식,체제,개편,견제,제왕,대통령,의회,폭주,질서,참담,심정,새해,12,정국,혼란,와중,발생,참변,무안,공항,제주,항공기,국민,비통,사령탑,사고,수습,윤석열,대통령,계엄,도발,직무정지,체포,위기,대통령,역할,한덕수,국무총리,헌법,재판관,임명,회피,탄핵소추,장관,최상목,부총리,기획,재정부,대통령,권한,대행,대행,수행,실정,민주주,후진국,유례,정국,혼란,세계,경제,대국,자부,대한민국,얼굴,먹칠,한국,성장,피크,코리아,Peak,Korea,불식,경제,주체,안간힘,사태,연말,계엄,최악,상황,도널드,트럼프,미국,대통령,당선인,백악관,대응,경쟁국,정부,무기력증,혼란,기저,민주,운동,결실,수립,체계,헌법,한계,자리,승자,독식,제왕,대통령,역설적,대통령,자신,불행,초래,87년,선출,8명,대통령,구속,목숨,체포,문턱,과도,권력,대통령,가족,부인,자식,검찰,수사,양상,대통령,탄핵,소추,노무현,대통령,위헌,위법,정도,파면,헌재,판단,임기,박근혜,대통령,임기,정도,파면,대통령,취임,개월,권한,행사,정지,반복,비극,권력,분산,대선,후보,이재명,더불어민주당,0.73%,포인트,대통령,여야,협치,무시,권력,독점,비극,잉태,의회,권력,절제력,상실,거대,야당,탄핵,정부,상태,작동,불능,정의화,국회의장,체제,근본적,변화,유인태,청와대,정무,수석,정치,개혁,요체,선거법,개정,다당,안착,진단,학계,비정상,일상화,정치,질서,태동,요구,염재호,태재대,총장,현행,대통령,대통령,개인,이중,리스크,한국,공동체,존망,박명림,연세대,교수,목소리,일반,국민,생각,중앙일보,엠브레인퍼블릭,신년,여론,조사,개헌,방향,항목,단임,유지,의견,33%,보수,진보,응답자,개헌,나라,정쟁,체제,한계,선거,부각,승자,제왕,권력,질서,출현,을사년,乙巳年,여야,정쟁,악순환,해법,도출,극복,체제,요체,권력,분산,대통령,국회,의회,다수당,막무가내,정부,권한,민주주,방어기제,체제,설계","한국,민주주,항공기,직무정지,탄핵소추,청와대,백악관,더불어민주당,부총리,도널드,이재명,최상목,당선인","━
 대통령 총리 직무정지 상태서 최악의 항공기 참사까지 
 
 ━
 우리 사회 정쟁의 늪에 빠뜨린 권력 독식 체제 개편 시급 
 
 ━
 제왕적 대통령 견제하고 의회 폭주 막을 새 질서 불가피 
 우리는 어느 해보다도 참담한 심정으로 새해를 맞게 됐다. 12 3 계엄사태 여파로 정국이 혼란한 와중에 발생한 무안공항 제주항공기 참변은 온 국민을 비통함에..",https://www.joongang.co.kr/article/25304389,
01100901.20250101012353001,20250101,중앙일보,,"[사설] 윤 대통령 체포영장 발부, 자진 출석해 책임 보여라",정치>청와대, 국제>중남미, 사회>사건_사고,,,,"윤석열,최상목",,"변호인단,수뇌부,고위공직자범죄수사처,공수처,헌법재판소,청구,경찰,서울서부지법,법원,공조수사본부,경호처","대통령,체포,영장,발부,자진,출석,책임,법원,우두머리,직권,남용,혐의,윤석열,대통령,체포영장,발부,경찰,고위공직자범죄수사처,구성,공조수사본부,서울서부지법,체포영장,청구,법원,수사기관,출석,요구,영장,발부,공수처,경찰,협의,체포,영장,집행,예정,영장,6일,유효,변호인단,대통령,수사권,공수처,청구,발부,체포영장,무효,헌법재판소,권한쟁의심판,체포,영장,효력,정지,신청,공수처법,수사,대상,내란죄,공수처,직권남용죄,범죄,내란죄,수사,내란죄,수사,경찰,공조,입장,공수처,브리핑,법원,체포영장,발부,수사,주체,의미,대통령,공수처,내란죄,수사,위법,취지,의견서,법원,체포영장,발부,결국,공수처,얘기,대통령,수사,거부,명분,검사,출신,대통령,체포영장,의미,변호인단,주장,대다수,국민,대통령,거부,공수처,경찰,영장,강제,집행,경호처,충돌,영장,집행,직원들,경호처,직원,공무집행방해죄,적용,대통령,지시,병력,경찰,수뇌부,구속,경호처,직원,위법,계엄,사태,최종,책임자,대통령,수사,회피,무책임,극치,불필요,마찰,갈등,대통령,수사기관,협의,체포,영장,시한,자진,출석,최상목,대통령,권한,대행,국무회의,야당,통과,특검법,재의요구권,행사,논란,수사,주체,수사기관,유기,협력,배제,여당,추천,위헌,조항,수정,특검법,마련","체포영장,공수처,경호처,특검법,변호인단,내란죄,수사기관,최상목,대다수,불필요,서울,국무회의,재판소,서울서부지법,헌법재판소,무책임,재의요구권,권한쟁의심판,수사처,수사본부,공직자",어제 법원이 내란 우두머리와 직권남용 혐의를 받는 윤석열 대통령에 대한 체포영장을 발부했다. 이에 앞서 경찰과 고위공직자범죄수사처 등으로 구성된 공조수사본부는 서울서부지법에 체포영장을 청구했다. 법원은 “정당한 이유 없이 수사기관의 출석 요구에 응하지 않았다. 죄를 범한 상당한 이유가 있다”며 영장을 발부했다. 공수처는 향후 경찰과 협의해 체포영장 집행..,https://www.joongang.co.kr/article/25304388,
01100801.20250101003101001,20250101,조선일보,조선일보,"[사설] 헌법 재판관 2명 임명, 정치 논란 접고 심판 지켜볼 때",정치>청와대, 정치>행정_자치, 국제>아시아,사회>사회갈등>시위,,,"조한창 후보자,정계선,박근혜,박한철,윤석열,마은혁,한덕수,한,최상목",,"민주당,헌법재판소,경찰청장,헌재,국민의힘","헌법,재판관,임명,정치,논란,심판,권한대행,부총리,최상목,대통령,권한,대행,공석,헌법,재판관,여야,추천,정계선,조한창,후보자,2명,임명,추천,민주당,일방,논란,마은혁,후보자,제외,대행,정치적,사회,갈등,차단,여야,합의,후보자,즉시,임명,나머지,합의,확인,대로,임명,10월,헌법,재판관,공석,사태,해소,논란,공석,헌법,재판관,헌재,윤석열,대통령,탄핵안,한덕수,총리,탄핵,장관급,경찰청장,검사,13건,탄핵안,총리,탄핵,소추,의결,정족수,심판,권한,쟁의,대통령,탄핵,재판관,찬성,체제,현행,이론,심판,국가,중대사,판단,곤란,논란,제기,심판,절차,결정,임명,후임,재판관,여야,재판관,인사,정략적,이용,재판관,임명,고의적,민주당,윤석열,대통령,탄핵,소추,통과,재판관,임명,주장,국민,탄핵,심판,권한대행,재판관,임명,반대,한덕수,총리,여야,합의,재판관,임명,거부,민주당,총리,탄핵,소추,대행,압박,임명,재판관,정치,갈등,사태,헌재,공백,동시,해소,조치,재판관,탄핵,심판,진행,신뢰,논란,사실,해소,박근혜,심판,대통령,탄핵,심판,박한철,헌재,소장,임기,만료,상황,8명,결정,헌법재판소,정치,압박,의거,심리,탄핵,사건,집중,탄핵,찬성,반대,단체들,반대,단체,시위,정치권,압력,증거,법리,판단,대통령,탄핵,심판,총리,탄핵,논란,가결,정족수,해결,정치권,임명,헌법,재판관,논란,중단,헌재,심판","재판관,민주당,후보자,정족수,탄핵안,윤석열",최상목 대통령 권한대행 겸 부총리가 31일 공석인 헌법재판관 3명 중 여야가 추천한 정계선 조한창 후보자 등 2명을 임명했다. 민주당 일방 추천으로 논란이 있었던 마은혁 후보자는 제외됐다. 최 대행은 “정치적 불확실성과 사회 갈등을 차단하기 위해 여야 합의가 있는 두 후보자는 즉시 임명하고 나머지 한 명은 합의가 확인되는 대로 임명하겠다”고 했다. 이로..,https://www.chosun.com/opinion/editorial/2025/01/01/33O3XILB45H2VHNYI6CI2JX26Y/?utm_source=bigkinds&utm_medium=original&utm_campaign=news,
01100801.20250101002105001,20250101,조선일보,조선일보,"[사설] 공항공사 8개월째 리더십 공백, 前 現 정권 무책임이 합작",정치>청와대, 정치>선거, 정치>국회_정당,사고>교통사고>항공사고,,,"문재인,로컬라이저,윤석열","김포공항,무안공항,인천국제공항,용산","기무부대,한국공항공사,정부,민주당,청와대,로컬라이저,국토부,공항공사,국회,제주항공,국정원,국토교통위","공항공사,리더십,공백,정권,합작,제주,항공,참사,무안공항,이해,안전,미비,조종사,항공기,착륙,설비,로컬라이저,콘크리트,구조물,시설,조류,예방,로컬라이저,국제,기준,미달,안전,착륙,사고,원인,지방,공항,2~3곳,김포공항,무안공항,인천국제공항,제외,공항,전국,운영,관리,한국공항공사,8개월,사고,직전,사장,직무,대행,리더십,부재,중요,의사,결정,공항,안전,관리,소홀,비판,문재인,윤석열,정부,합작,인사,문재인,정부,대선,기간,25일,임기,공항공사,사장,경력,청와대,근무,인사,국정원,출신,윤석열,대통령,당선,대선,2주,임기,인사,공항,항공,전력,항공,낙하산,인사,사장,전임,공항공사,항공,경찰,출신,민주당,총선,출마,낙선,인물,사장,공항공사,2인자,공사,상임감사,인사,국회,국토,교통,위원장,보좌관,출신,임명,노조,단체,좌파,언론,근무,경력,공항,정부,임명,공항공사,사장,4월,퇴임,정부,인사,공항공사,경영진,정부,팀워크,발휘,상황,2년,퇴임,전임,사장,윤석열,정부,대통령실,국토부,차관,총선,낙선자,사실,사장,후보,내정,민주당,대통령실,용산,책임,낙하산,인사,사장,공백,상임감사,기무,부대,출신,퇴역,군인,임명,문재인,정부,윤석열,정부,공항공사,전문성,능력,공기업,정권,전리품,세월호,참사,정치권,안전,제일주의,강조,정작,공항공사,안전,전문성,공기업,인사들,정치,낙하산,인사,제주,항공,참사,공항들,문제점들,탐욕,정치","공항공사,정치권,윤석열,문재인,대통령실,민주당,공기업,인사들,상임감사","제주항공 참사가 일어난 무안공항에서 이해할 수 없는 안전 미비점들이 드러나고 있다. 조종사의 항공기 착륙을 돕는 설비인 로컬라이저가 단단한 콘크리트 구조물로 이뤄지고, 조류 예방 시설도 전혀 없었다. 로컬라이저가 국제 기준에 미달해 안전 착륙이 아닌 오히려 대형 사고의 원인이 될 수 있는 지방 공항이 2~3곳 더 있다고 한다. 
 
그러나 김포공항, 무..",https://www.chosun.com/opinion/editorial/2025/01/01/E2Z6BIAPD5D6XKI6EKHRX3IWII/?utm_source=bigkinds&utm_medium=original&utm_campaign=news,
01101101.20250101001030001,20250101,한국일보,,[사설] 다시 힘 모아 국가 회복의 해로 만들자,정치>청와대, 정치>선거,,사고>산업사고>화재,,,"진영,윤석열,한덕수,최상목","성한,중국,한국,선진","IMF사태,정부,IMF,곡성,더불어민주당,국회,대한민국,제주항공,한국,국민의힘","국가,회복,을사년,국민,마음,기운,새해,암울,위기,국가,부도,IMF,사태,정치,경제,사회,분야,만신창,한국,돌파구,까닭,대한민국,세계,걱정거리,정치,불안,12월,윤석열,대통령,선포,불법,계엄,민주주,위기,초래,한계,상황,경제,충격파,대외,신인,하락,환율,27년,최고치,기록,증시,선진국,폭락,소비,자영업자,곡성,기초,체력,핵심,경쟁력,기업,중국,세계,경쟁,선전,의문,정부,대책,의정,갈등,8개월,해결,기미,헌법,계엄,국회,해제,요구,결의,시민,유혈사태,6시간,해소,국정,탄핵,대통령,수습,한덕수,대통령,권한,대행,체제,13일,와해,최상목,대행,대행,체제,와중,제주,항공,여객기,참사,유가족,국민,비탄,불안정,국가,리더십,파고,피해,서민,취약계층,더불어민주당,탄핵,남발,민심,괴리,국민,퇴행,지점,절제,협력,정신,대행,체제,안정,세밑,여야,대표,한목소리,정치,회복,빈말,출범,체제,트럼프,미국,우선주의,국가안보,경제안보,위협,정치,공백,외교,노력,부재,정부,협력,국익,대통령,탄핵,가능성,조기,대선,가능,개헌,목소리,권력,구조,개편,대통령,궤변,진영,사회,갈등,격변기,여야,정치,양극,행태,자제,여기저기,국운,쇠락,한국,정점,위기,상징,민관,단합,IMF,위기,1년,국민,DNA,위기,극복,국난,극복,의지,을사년,국가,회복,재도약","한국,여객기,을사년,선진국,imf,불안정,한덕수,곡성,자영업자","을사년을 맞는 국민의 마음은 무겁다. 희망찬 기운으로 맞이할 새해가 암울하기는 국가 부도 위기를 겪은 1997년 IMF사태 이후 처음 아닌가 한다. 정치, 경제, 사회 어느 분야도 성한 데가 없는 ‘만신창이 한국’의 돌파구가 뚜렷이 보이지 않는 까닭이다. 
대한민국이 국내는 물론 세계의 걱정거리가 된 건 무엇보다 정치 불안이다. 12월 초 윤석열 대통령..",https://www.hankookilbo.com/News/Read/A2024123115520003101,
01101101.20250101001029001,20250101,한국일보,,[사설] 체포영장 당위성 명백 윤 대통령 반발 구차하다,정치>청와대, 국제>중남미, 사회>사건_사고,,,,"전두환,노태우,이명박,윤,박근혜,윤석열","비상계엄,무산,불법 비상계엄","고위공직자범죄수사처,공수처,헌법재판소,헌정사,법원,경호처","체포,영장,당위,대통령,반발,구차,법원,윤석열,대통령,체포영장,발부,불법,비상계엄,선포,지시,국회의원,체포,내란,주도,혐의,영장,적시,영장,발부,법원,대통령,내란죄,혐의,평가,사법,절차,대통령,고위,공직자,범죄,수사처,수사,관할,법원,영장,발부,수사,권한,인정,전두환,노태우,이명박,박근혜,영어,전직,대통령,내란,외환죄,특권,불소추,현직,대통령,수사기관,체포,사례,헌정사,발생,비극,전적,책임,대통령,성립,비상계엄,선포,헌법,기관,무력,지시,사실,증언,수사,소환,요구,차례,불응,수사,자체,거부,체포영장,당위성,대통령,법원,발부,영장,불법,규정,인정,헌법재판소,권한쟁의심판,영장,효력,정지,신청,공조본,수사,무시,영장,발부,절차,자칭,법치주의자,대응,방식,구차,대통령,체포,만무,영장,집행,불상사,걱정,경호처,법원,결정,존중,영장,집행,협조,압수수색,거부,예외조항,형사소송법,제110조,개인,인신,확보,체포영장,경호처,근거,관저,지지자들,대통령,지지자,공수처,경찰,신병,확보,우선,지지자,물리,충돌,발생,상황,관리,과거,이인제,집행,정치인,영장,지지자,엄호,무산,전례,대통령,나라,혼란","지지자,체포영장,지지자들,경호처,당위성,불소추,박근혜,전두환,비상계엄,정치인,국회의원,헌정사,소송법,형사소송법,제110조,공직자,압수수색","법원이 어제 윤석열 대통령에 대한 체포영장을 발부했다. 불법 비상계엄을 선포하고 국회의원 체포 지시를 내리는 등 내란을 주도한 혐의가 영장에 적시됐다.
이번 영장 발부는 법원이 윤 대통령의 내란죄 혐의를 직접 평가한 첫 사법 절차였다. 윤 대통령 측이 고위공직자범죄수사처 수사관할권을 문제 삼았지만, 법원은 영장 발부를 통해 수사 권한을 인정했다. 전두환..",https://www.hankookilbo.com/News/Read/A2024123114430001170,
01100401.20250101233141001,20250101,동아일보,,[사설]“탄핵 인용” 70% “하야해야” 70% “내란죄” 67% 이게 상식이고 민심,정치>청와대, 정치>행정_자치, 정치>선거,사회>사회갈등>시위,,,"박근혜,윤석열,최상목","서울,12·3 비상계엄,광화문광장,비상계엄,대한민국,적도","헌법재판소,중앙선관위,헌재,국회,비상계엄,동아일보","탄핵,인용,70%,하야,70%,내란죄,67%,상식,민심,대행,임명,헌법,재판관,정치,돼야,제거,단초,국민,12,윤석열,대통령,대통령,자격,여론조사,동아일보,신년,여론,조사,응답자,70.4%,헌법재판소,탄핵,소추,인용,기각,응답,25.4%,3배,헌재,탄핵,판단,대통령,하야,下野,응답자,70.8%,대통령,비상계엄,내란죄,적용,질문,응답자,67.2%,동의,내란죄,적용,응답,27.8%,응답자,3분,비상계엄,비상계엄,대통령,무장,병력,국회,중앙선관위,투입,체포,대상자,명단,행위,판단,의미,부정,선거,의혹,해소,비상계엄,대통령,주장,동의,72.3%,성숙,민주주의,경험,국격,국정,평균적,대한민국,국민,상식적,국회,정치,싸움,몰두,사실,계엄,선포,무장,병력,국회,헌정질서,대통령,용납,응답자,27%,규모,보수,응답자,탄핵,반대,53.4%,찬성,41.9%,중도,응답자,가운,77.0%,헌재,탄핵,인용,찬성,계엄,탄핵,항공기,참사,미증유,위기,을사년,乙巳年,새해,첫날,주말,양쪽,서울,광화문광장,탄핵,찬성,반대,시위,갈등,정치,출발,대통령,수사,탄핵,심판,절차,안정적,권한대행,최상목,대통령,권한,대행,임명,갈등,헌법,재판관,임명,정국,숨통,정원,재판관,8명,완전체,심판,대통령,탄핵,예정,진행,조치,정치,제거,단초,대통령,8년,탄핵,심판대,법정,불행,민주적,제도,대통령,경종,여야,당리당략,역사,기록,관점,특검,쟁점들,협의,역사,직진,걸음,8년,대통령,사태,국정,공백,뒷걸음,전진,발견,계엄,탄핵,취임,대통령,정치,국정,나무,옹이,구석,대통령,공사,구분,대통령,부부,오판,국정,을사년,새해,작금,위기,갈등,극복,대한민국호,얼마,궤도,복귀,2025년,혼란,탄식,마무리,안도","응답자,비상계엄,내란죄,재판관,을사년,동아일보,서울,광화문광장,최상목,완전체",우리 국민 10명 가운데 7명은 12 3 비상계엄 이후 윤석열 대통령이 대통령 자격을 잃었다고 믿는 것으로 나타났다. 동아일보 신년 여론조사에 따르면 응답자 70.4%가 “헌법재판소가 탄핵 소추안을 인용해야 한다”고 답했다. 기각되어야 한다는 응답(25.4%)의 3배에 가깝다. 헌재의 탄핵 판단과 무관하게 윤 대통령이 하야(下野)해야 한다는 응답자도 7..,https://www.donga.com/news/Opinion/article/all/20241231/130765375/2,
01100401.20250101232822001,20250101,동아일보,,[사설]결국 尹 체포영장 발부 이젠 스스로 걸어 나와야,정치>청와대, 국제>중남미, 국제>미국_북미,,,,"윤,권한쟁,윤석열",비상계엄,"고위공직자범죄수사처,공수처,청구,법원,경호처","결국,결국,체포,영장,발부,이젠,고위공직자범죄수사처,공수처,우두머리,수괴,혐의,윤석열,대통령,청구,체포영장,발부,현직,대통령,체포,영장,청구,법원,발부,헌정사,기록,초유,참담,상황,전적,대통령,책임,비상계엄,가담,군경,관계자,구속,기소,마당,사태,최종,책임자,대통령,내란죄,수사권,핑계,공수처,출석,요구,묵살,체포,영장,발부,핵심,사법,판단,만큼,대통령,만큼,수사,거부,명분,권한,대통령,체포영장,불법,무효,법원,결정,부정,억지,체포영장,권한쟁,심판,신청,효력,정지,전례,권한쟁,심판,국가기관,대통령,권한,침해,개인,대통령,체포영장,연관,무리,수사,꼼수,공수처,체포,시한,영장,집행,만큼,불상사,대통령,신병,확보,대통령,최선,수사관들,체포,시도,지지자들,대통령,지지자,경호처,직원,물리,충돌,현직,대통령,강제,장면,생중계,망신","체포영장,공수처,만큼,경호처,권한쟁,생중계,공직자,참담,관계자,비상계엄,고위공직자범죄수사처,국가기관,수사관들,수사처,수사권,책임자,전적,이젠,헌정사,윤석열,지지자,수사관,내란죄,지지자들,꼼수,불상사,대통령,발부,체포,영장,수사","고위공직자범죄수사처(공수처)가 내란 우두머리(수괴) 혐의로 윤석열 대통령에 대해 청구한 체포영장이 발부됐다. 현직 대통령에 대한 체포영장 청구도 처음이지만, 법원에 의해 발부된 것 역시 헌정사에 기록될 초유의 일이다. 
 
 이런 참담한 상황에 이르게 된 것은 전적으로 윤 대통령의 책임이다. 비상계엄에 가담한 군경 관계자들이 줄줄이 구속, 기소되고 있는..",https://www.donga.com/news/Opinion/article/all/20241231/130765386/2,
